Orthogroup	Mycobacterium_leprae	Pseudomonas_aeruginosa
OG0000000	g1605.t1	g1014.t1, g1082.t1, g1145.t1, g1155.t1, g1158.t1, g1162.t1, g1199.t1, g1216.t1, g128.t1, g1280.t1, g1327.t1, g1330.t1, g1346.t1, g138.t1, g1429.t1, g1438.t1, g156.t1, g1589.t1, g163.t1, g1761.t1, g1777.t1, g184.t1, g1852.t1, g1881.t1, g1887.t1, g194.t1, g1994.t1, g2031.t1, g2088.t1, g2090.t1, g211.t1, g2111.t1, g2150.t1, g2159.t1, g221.t1, g222.t1, g2249.t1, g2263.t1, g2297.t1, g2306.t1, g2355.t1, g237.t1, g2374.t1, g2422.t1, g2456.t1, g2472.t1, g2487.t1, g2506.t1, g2534.t1, g2547.t1, g2572.t1, g2585.t1, g2642.t1, g2723.t1, g2812.t1, g2896.t1, g2904.t1, g2906.t1, g292.t1, g2935.t1, g2937.t1, g2979.t1, g2988.t1, g3183.t1, g3185.t1, g3196.t1, g32.t1, g3288.t1, g3464.t1, g3501.t1, g3637.t1, g3659.t1, g3666.t1, g3702.t1, g3783.t1, g38.t1, g3848.t1, g3850.t1, g3919.t1, g3972.t1, g4044.t1, g4073.t1, g4190.t1, g4227.t1, g4256.t1, g4285.t1, g4447.t1, g454.t1, g486.t1, g498.t1, g5008.t1, g5084.t1, g5124.t1, g5181.t1, g5277.t1, g5318.t1, g535.t1, g5395.t1, g5446.t1, g5484.t1, g61.t1, g708.t1, g716.t1, g749.t1, g796.t1, g827.t1, g828.t1, g890.t1, g891.t1
OG0000001		g1124.t1, g1197.t1, g1244.t1, g1250.t1, g1276.t1, g1396.t1, g1619.t1, g1639.t1, g166.t1, g1736.t1, g1878.t1, g2080.t1, g2131.t1, g2315.t1, g2320.t1, g2372.t1, g2377.t1, g252.t1, g2525.t1, g2526.t1, g2548.t1, g2556.t1, g2595.t1, g2629.t1, g2739.t1, g2747.t1, g2975.t1, g3087.t1, g309.t1, g3154.t1, g3278.t1, g3283.t1, g3334.t1, g3491.t1, g3643.t1, g3855.t1, g3903.t1, g3975.t1, g4004.t1, g4149.t1, g4173.t1, g4201.t1, g423.t1, g4266.t1, g4309.t1, g4370.t1, g4521.t1, g4879.t1, g5127.t1, g5426.t1, g5444.t1, g5482.t1, g572.t1, g709.t1, g759.t1, g792.t1, g803.t1, g843.t1, g877.t1, g907.t1
OG0000002	g504.t1	g1085.t1, g1086.t1, g1271.t1, g1357.t1, g140.t1, g187.t1, g1889.t1, g1980.t1, g210.t1, g2333.t1, g2347.t1, g2369.t1, g2381.t1, g2390.t1, g2429.t1, g2436.t1, g283.t1, g2915.t1, g2970.t1, g2984.t1, g3046.t1, g305.t1, g3249.t1, g330.t1, g3317.t1, g3380.t1, g3441.t1, g3450.t1, g3511.t1, g3516.t1, g3584.t1, g3609.t1, g3679.t1, g380.t1, g3912.t1, g3967.t1, g4014.t1, g4142.t1, g4240.t1, g4274.t1, g4680.t1, g4796.t1, g4955.t1, g4956.t1, g5003.t1, g5004.t1, g5170.t1, g5190.t1, g5250.t1, g5478.t1, g613.t1, g78.t1, g906.t1
OG0000003	g552.t1	g1241.t1, g1256.t1, g1300.t1, g1308.t1, g1333.t1, g1419.t1, g1520.t1, g1555.t1, g170.t1, g1862.t1, g1892.t1, g2054.t1, g2239.t1, g2309.t1, g247.t1, g2823.t1, g2943.t1, g297.t1, g3016.t1, g3066.t1, g3094.t1, g3194.t1, g3646.t1, g372.t1, g3750.t1, g3792.t1, g4051.t1, g443.t1, g482.t1, g4925.t1, g4984.t1, g5079.t1, g5155.t1, g5476.t1, g840.t1, g851.t1
OG0000004		g1288.t1, g1320.t1, g1340.t1, g1383.t1, g155.t1, g1941.t1, g1954.t1, g2091.t1, g2104.t1, g2124.t1, g2328.t1, g2437.t1, g2503.t1, g2631.t1, g2731.t1, g2969.t1, g3333.t1, g3475.t1, g3863.t1, g3978.t1, g4250.t1, g4303.t1, g441.t1, g4599.t1, g4764.t1, g477.t1, g4800.t1, g4931.t1, g4991.t1, g680.t1, g702.t1, g793.t1, g944.t1
OG0000005	g1442.t1	g1036.t1, g1081.t1, g122.t1, g1362.t1, g1485.t1, g1670.t1, g185.t1, g1853.t1, g1854.t1, g2036.t1, g2180.t1, g2552.t1, g2593.t1, g2945.t1, g2976.t1, g3026.t1, g3167.t1, g3189.t1, g3235.t1, g3453.t1, g3495.t1, g3505.t1, g3577.t1, g3581.t1, g4168.t1, g4177.t1, g4230.t1, g4244.t1, g4474.t1, g4878.t1, g5248.t1
OG0000006		g1266.t1, g1439.t1, g1578.t1, g1628.t1, g1667.t1, g175.t1, g179.t1, g183.t1, g1962.t1, g2601.t1, g2614.t1, g2693.t1, g2695.t1, g2847.t1, g2925.t1, g2978.t1, g3780.t1, g418.t1, g4372.t1, g4389.t1, g4391.t1, g4392.t1, g4605.t1, g4720.t1, g4938.t1, g5009.t1, g5168.t1
OG0000007		g1246.t1, g1252.t1, g1450.t1, g160.t1, g161.t1, g2053.t1, g2428.t1, g2469.t1, g2530.t1, g2558.t1, g2566.t1, g2894.t1, g3197.t1, g3368.t1, g3426.t1, g3468.t1, g3594.t1, g3749.t1, g3968.t1, g4288.t1, g432.t1, g4458.t1, g4677.t1, g4685.t1, g5257.t1, g5333.t1
OG0000008	g142.t1, g1673.t1, g598.t1	g1173.t1, g1453.t1, g1824.t1, g2517.t1, g2561.t1, g2730.t1, g2869.t1, g3138.t1, g3253.t1, g3269.t1, g4114.t1, g4182.t1, g4198.t1, g4464.t1, g471.t1, g4868.t1, g4980.t1, g5299.t1, g5463.t1, g768.t1, g943.t1
OG0000009	g553.t1	g1041.t1, g1268.t1, g135.t1, g2017.t1, g2161.t1, g223.t1, g2260.t1, g2363.t1, g268.t1, g3574.t1, g3642.t1, g371.t1, g4100.t1, g4152.t1, g4204.t1, g4271.t1, g4993.t1, g5414.t1, g5475.t1, g757.t1, g794.t1, g912.t1
OG0000010		g1112.t1, g1114.t1, g1211.t1, g1353.t1, g1685.t1, g1978.t1, g2038.t1, g2394.t1, g2399.t1, g2489.t1, g2707.t1, g2910.t1, g4009.t1, g4099.t1, g4229.t1, g4633.t1, g4667.t1, g4817.t1, g4947.t1, g5221.t1, g5264.t1, g887.t1
OG0000011	g1009.t1, g141.t1, g1672.t1	g1194.t1, g1452.t1, g182.t1, g2516.t1, g2560.t1, g2613.t1, g2698.t1, g2729.t1, g2868.t1, g2939.t1, g3137.t1, g4110.t1, g4188.t1, g4465.t1, g4867.t1, g4979.t1, g767.t1, g942.t1
OG0000012		g1413.t1, g1471.t1, g2011.t1, g2013.t1, g2415.t1, g2627.t1, g2857.t1, g2957.t1, g3105.t1, g35.t1, g3676.t1, g3786.t1, g3954.t1, g4025.t1, g415.t1, g4159.t1, g416.t1, g4278.t1, g4378.t1, g5363.t1, g611.t1
OG0000013	g111.t1, g1132.t1, g1133.t1, g1134.t1, g1135.t1, g1136.t1, g1137.t1, g1138.t1, g1139.t1, g115.t1, g1867.t1, g1868.t1, g1869.t1, g1870.t1, g1871.t1, g1872.t1, g1873.t1, g79.t1, g80.t1, g965.t1	
OG0000014	g1523.t1, g1783.t1	g1642.t1, g2121.t1, g235.t1, g2760.t1, g2790.t1, g2992.t1, g3008.t1, g3113.t1, g3289.t1, g3497.t1, g3579.t1, g4072.t1, g4234.t1, g487.t1, g5153.t1, g5176.t1, g841.t1
OG0000015		g1002.t1, g1412.t1, g1631.t1, g2009.t1, g2025.t1, g2624.t1, g2882.t1, g3104.t1, g3336.t1, g34.t1, g3411.t1, g3532.t1, g4023.t1, g4052.t1, g4193.t1, g4950.t1, g5076.t1, g5364.t1, g941.t1
OG0000016		g1038.t1, g165.t1, g192.t1, g2148.t1, g2256.t1, g244.t1, g2459.t1, g2542.t1, g2743.t1, g2814.t1, g294.t1, g3098.t1, g3660.t1, g4219.t1, g4261.t1, g4586.t1, g4992.t1, g766.t1, g973.t1
OG0000017	g466.t1	g1890.t1, g208.t1, g209.t1, g284.t1, g285.t1, g306.t1, g307.t1, g328.t1, g329.t1, g3315.t1, g3316.t1, g3680.t1, g3681.t1, g4777.t1, g5316.t1, g615.t1, g616.t1
OG0000018		g1159.t1, g125.t1, g126.t1, g1286.t1, g1536.t1, g1542.t1, g1647.t1, g2338.t1, g2861.t1, g3312.t1, g3447.t1, g3829.t1, g4267.t1, g4860.t1, g5000.t1, g5201.t1, g5458.t1, g809.t1
OG0000019	g1666.t1, g973.t1, g99.t1	g1034.t1, g1255.t1, g1649.t1, g1847.t1, g2046.t1, g2824.t1, g2899.t1, g2948.t1, g3494.t1, g3663.t1, g4412.t1, g5074.t1, g754.t1, g755.t1
OG0000020		g1122.t1, g1137.t1, g172.t1, g1879.t1, g2608.t1, g2829.t1, g2845.t1, g2928.t1, g293.t1, g3239.t1, g3409.t1, g343.t1, g3774.t1, g4414.t1, g4937.t1, g5023.t1, g859.t1
OG0000021		g1047.t1, g1200.t1, g1481.t1, g1643.t1, g1676.t1, g1920.t1, g2040.t1, g2510.t1, g2872.t1, g2879.t1, g3095.t1, g3918.t1, g3926.t1, g4486.t1, g4513.t1, g474.t1, g480.t1
OG0000022	g566.t1	g1033.t1, g1202.t1, g1551.t1, g1651.t1, g2048.t1, g2370.t1, g2589.t1, g2591.t1, g2874.t1, g2947.t1, g4520.t1, g453.t1, g5073.t1, g756.t1, g893.t1
OG0000023	g597.t1	g1172.t1, g1657.t1, g1825.t1, g3254.t1, g3267.t1, g3412.t1, g4181.t1, g4481.t1, g4578.t1, g470.t1, g4873.t1, g5078.t1, g5300.t1, g5462.t1, g5466.t1
OG0000024	g1181.t1, g1701.t1	g1675.t1, g2066.t1, g2135.t1, g271.t1, g2886.t1, g2955.t1, g3731.t1, g3871.t1, g4214.t1, g4247.t1, g4805.t1, g4812.t1, g5070.t1, g5385.t1
OG0000025		g1055.t1, g1062.t1, g1136.t1, g1476.t1, g1690.t1, g1800.t1, g2402.t1, g2586.t1, g2958.t1, g3597.t1, g3764.t1, g5047.t1, g5471.t1, g83.t1, g845.t1, g988.t1
OG0000026		g1272.t1, g1273.t1, g1358.t1, g1359.t1, g2245.t1, g2246.t1, g2982.t1, g2983.t1, g317.t1, g4275.t1, g4276.t1, g5171.t1, g5252.t1, g5253.t1, g903.t1, g904.t1
OG0000027		g1113.t1, g1258.t1, g1354.t1, g1656.t1, g2218.t1, g2612.t1, g2940.t1, g3321.t1, g4279.t1, g4375.t1, g4483.t1, g4579.t1, g4632.t1, g4816.t1, g5220.t1, g5263.t1
OG0000028	g238.t1	g1275.t1, g1360.t1, g2247.t1, g2981.t1, g318.t1, g3545.t1, g3932.t1, g3939.t1, g4277.t1, g5172.t1, g5178.t1, g5251.t1, g902.t1
OG0000029		g1318.t1, g1381.t1, g153.t1, g1943.t1, g2084.t1, g2128.t1, g2426.t1, g2465.t1, g2505.t1, g3477.t1, g3976.t1, g479.t1, g4990.t1, g681.t1
OG0000030		g2551.t1, g2553.t1, g2706.t1, g3054.t1, g3463.t1, g3568.t1, g3882.t1, g4413.t1, g4701.t1, g4983.t1, g4999.t1, g5337.t1, g5513.t1, g553.t1
OG0000031	g295.t1, g305.t1	g1707.t1, g2101.t1, g3033.t1, g3234.t1, g4018.t1, g5275.t1, g5383.t1, g570.t1, g618.t1, g70.t1, g822.t1
OG0000032	g1587.t1	g1031.t1, g1227.t1, g2039.t1, g2149.t1, g239.t1, g2509.t1, g3537.t1, g3603.t1, g4175.t1, g4269.t1, g4994.t1, g4997.t1
OG0000033		g1319.t1, g1382.t1, g154.t1, g1942.t1, g2085.t1, g2129.t1, g2427.t1, g2504.t1, g3476.t1, g3977.t1, g478.t1, g4989.t1, g682.t1
OG0000034		g1451.t1, g162.t1, g2052.t1, g2531.t1, g2557.t1, g2564.t1, g2565.t1, g3593.t1, g3748.t1, g4289.t1, g433.t1, g4459.t1, g4684.t1
OG0000035		g188.t1, g2334.t1, g2346.t1, g2367.t1, g2391.t1, g3512.t1, g3517.t1, g3582.t1, g3964.t1, g3966.t1, g4013.t1, g5191.t1, g5479.t1
OG0000036		g1640.t1, g2345.t1, g2753.t1, g2974.t1, g2987.t1, g3737.t1, g4228.t1, g424.t1, g4449.t1, g4592.t1, g4848.t1, g5350.t1, g5443.t1
OG0000037		g1234.t1, g1235.t1, g1236.t1, g1576.t1, g2344.t1, g2438.t1, g2439.t1, g2440.t1, g2463.t1, g3393.t1, g4157.t1, g4307.t1, g4308.t1
OG0000038	g1584.t1, g235.t1	g1284.t1, g1505.t1, g2238.t1, g3526.t1, g3937.t1, g4634.t1, g5086.t1, g5180.t1, g5243.t1, g5406.t1
OG0000039		g1196.t1, g1448.t1, g1750.t1, g2106.t1, g288.t1, g3377.t1, g4451.t1, g4687.t1, g5053.t1, g5112.t1, g585.t1, g873.t1
OG0000040		g1042.t1, g1582.t1, g1585.t1, g1949.t1, g2356.t1, g2835.t1, g3085.t1, g3492.t1, g4268.t1, g428.t1, g5411.t1, g542.t1
OG0000041		g1365.t1, g1500.t1, g1782.t1, g1783.t1, g2632.t1, g3488.t1, g3671.t1, g3843.t1, g3998.t1, g4153.t1, g4898.t1, g541.t1
OG0000042		g1075.t1, g1281.t1, g1427.t1, g2010.t1, g2136.t1, g2755.t1, g3424.t1, g3677.t1, g3974.t1, g4369.t1, g4871.t1, g4875.t1
OG0000043	g121.t1	g1838.t1, g1900.t1, g3695.t1, g3860.t1, g4489.t1, g5018.t1, g5041.t1, g5229.t1, g5465.t1, g673.t1
OG0000044	g1141.t1, g167.t1	g1025.t1, g1178.t1, g1404.t1, g1406.t1, g2272.t1, g3624.t1, g4912.t1, g5095.t1, g713.t1
OG0000045	g1183.t1	g1352.t1, g2759.t1, g2990.t1, g3152.t1, g3794.t1, g4438.t1, g4907.t1, g5081.t1, g5500.t1, g852.t1
OG0000046		g100.t1, g101.t1, g1527.t1, g2412.t1, g266.t1, g2728.t1, g3358.t1, g3556.t1, g5186.t1, g5368.t1, g96.t1
OG0000047		g1161.t1, g1587.t1, g2253.t1, g2257.t1, g2301.t1, g245.t1, g4003.t1, g4207.t1, g4743.t1, g5336.t1, g823.t1
OG0000048		g1302.t1, g1623.t1, g257.t1, g2883.t1, g2907.t1, g3407.t1, g3528.t1, g4217.t1, g431.t1, g5255.t1, g956.t1
OG0000049		g1238.t1, g1415.t1, g2157.t1, g2529.t1, g2590.t1, g275.t1, g2892.t1, g3387.t1, g484.t1, g4996.t1, g5289.t1
OG0000050		g1253.t1, g2430.t1, g2532.t1, g2563.t1, g2895.t1, g3592.t1, g3971.t1, g4290.t1, g434.t1, g4683.t1, g5256.t1
OG0000051	g1771.t1, g339.t1, g810.t1	g2596.t1, g3363.t1, g3364.t1, g3934.t1, g4001.t1, g4280.t1, g4310.t1
OG0000052	g1612.t1, g784.t1	g1607.t1, g1804.t1, g2059.t1, g2289.t1, g3051.t1, g3601.t1, g4923.t1, g5451.t1
OG0000053	g899.t1	g2034.t1, g232.t1, g2592.t1, g2998.t1, g3073.t1, g3523.t1, g3661.t1, g4002.t1, g4877.t1
OG0000054	g1079.t1	g1026.t1, g159.t1, g1650.t1, g2043.t1, g240.t1, g3236.t1, g3578.t1, g4239.t1, g4423.t1
OG0000055	g1368.t1	g2140.t1, g3217.t1, g3716.t1, g3718.t1, g3825.t1, g3889.t1, g3927.t1, g71.t1, g714.t1
OG0000056		g189.t1, g2335.t1, g2635.t1, g2636.t1, g2637.t1, g2640.t1, g3514.t1, g3518.t1, g3583.t1, g4015.t1
OG0000057		g1251.t1, g1277.t1, g1299.t1, g1331.t1, g1334.t1, g250.t1, g2893.t1, g3198.t1, g465.t1, g5258.t1
OG0000058		g1077.t1, g1914.t1, g1976.t1, g2619.t1, g3434.t1, g4104.t1, g4248.t1, g4619.t1, g485.t1, g490.t1
OG0000059		g1370.t1, g2127.t1, g2262.t1, g2353.t1, g2991.t1, g3367.t1, g3402.t1, g4194.t1, g4437.t1, g5319.t1
OG0000060	g1364.t1, g1786.t1, g329.t1, g689.t1, g822.t1	g3281.t1, g4393.t1, g5105.t1, g854.t1
OG0000061	g841.t1	g1348.t1, g1395.t1, g1553.t1, g2134.t1, g3342.t1, g3396.t1, g3958.t1, g4034.t1
OG0000062	g1451.t1, g1731.t1, g900.t1	g1496.t1, g2514.t1, g2737.t1, g4139.t1, g5341.t1, g968.t1
OG0000063	g1094.t1	g1776.t1, g1812.t1, g2891.t1, g3077.t1, g3375.t1, g4410.t1, g4434.t1, g5122.t1
OG0000064	g1564.t1	g1164.t1, g1501.t1, g2074.t1, g224.t1, g326.t1, g3669.t1, g4151.t1, g4896.t1
OG0000065		g134.t1, g2114.t1, g3060.t1, g4101.t1, g4715.t1, g5075.t1, g5193.t1, g801.t1, g880.t1
OG0000066		g1426.t1, g207.t1, g2633.t1, g2754.t1, g298.t1, g303.t1, g304.t1, g327.t1, g3682.t1
OG0000067		g1377.t1, g1913.t1, g229.t1, g2351.t1, g4156.t1, g4584.t1, g5082.t1, g5403.t1, g543.t1
OG0000068		g2719.t1, g3164.t1, g3812.t1, g402.t1, g403.t1, g4384.t1, g4611.t1, g5310.t1, g693.t1
OG0000069		g2494.t1, g2691.t1, g3233.t1, g4260.t1, g4882.t1, g4892.t1, g4944.t1, g786.t1, g810.t1
OG0000070		g1123.t1, g1148.t1, g1938.t1, g3645.t1, g3790.t1, g4218.t1, g4315.t1, g5125.t1, g5384.t1
OG0000071		g2125.t1, g2366.t1, g2388.t1, g2396.t1, g2639.t1, g2641.t1, g3513.t1, g4031.t1, g4237.t1
OG0000072	g1787.t1, g401.t1	g2068.t1, g3180.t1, g4154.t1, g4463.t1, g5159.t1, g555.t1
OG0000073	g446.t1, g652.t1	g1328.t1, g2115.t1, g2433.t1, g3017.t1, g3739.t1, g825.t1
OG0000074	g1627.t1, g476.t1	g1185.t1, g1349.t1, g3820.t1, g4061.t1, g5351.t1, g5464.t1
OG0000075	g622.t1	g2898.t1, g3410.t1, g3536.t1, g3935.t1, g4027.t1, g435.t1, g461.t1
OG0000076	g860.t1	g1130.t1, g1905.t1, g3291.t1, g4304.t1, g4305.t1, g5092.t1, g872.t1
OG0000077	g880.t1	g1700.t1, g1953.t1, g2123.t1, g2221.t1, g4703.t1, g4714.t1, g4753.t1
OG0000078	g1342.t1	g1314.t1, g1391.t1, g2302.t1, g320.t1, g3973.t1, g4713.t1, g940.t1
OG0000079		g1154.t1, g1859.t1, g23.t1, g2528.t1, g2722.t1, g3639.t1, g5335.t1, g875.t1
OG0000080		g2108.t1, g296.t1, g3153.t1, g3432.t1, g3670.t1, g3870.t1, g4560.t1, g4894.t1
OG0000081		g1254.t1, g1309.t1, g1794.t1, g1860.t1, g2578.t1, g312.t1, g3193.t1, g3365.t1
OG0000082		g1239.t1, g1240.t1, g1995.t1, g2621.t1, g3286.t1, g5069.t1, g797.t1, g865.t1
OG0000083		g1940.t1, g2442.t1, g2502.t1, g3503.t1, g3862.t1, g4301.t1, g4598.t1, g813.t1
OG0000084		g1586.t1, g3184.t1, g3569.t1, g4255.t1, g5179.t1, g5405.t1, g5441.t1, g5494.t1
OG0000085		g1803.t1, g2118.t1, g2549.t1, g2555.t1, g3570.t1, g4801.t1, g4998.t1, g5512.t1
OG0000086		g2049.t1, g2312.t1, g2761.t1, g3388.t1, g3761.t1, g4869.t1, g4972.t1, g5212.t1
OG0000087		g2062.t1, g2117.t1, g2285.t1, g2618.t1, g4042.t1, g4593.t1, g4876.t1, g5410.t1
OG0000088	g150.t1	g1487.t1, g1960.t1, g3311.t1, g3335.t1, g4021.t1, g4022.t1
OG0000089	g160.t1	g1174.t1, g1993.t1, g2663.t1, g3331.t1, g462.t1, g976.t1
OG0000090	g283.t1	g1444.t1, g2310.t1, g253.t1, g373.t1, g4767.t1, g4957.t1
OG0000091	g334.t1	g1144.t1, g1762.t1, g2573.t1, g3868.t1, g4519.t1, g5087.t1
OG0000092	g742.t1	g1793.t1, g342.t1, g3633.t1, g3832.t1, g4549.t1, g4551.t1
OG0000093	g1703.t1, g751.t1	g1203.t1, g3664.t1, g3804.t1, g452.t1, g896.t1
OG0000094	g875.t1, g947.t1	g1344.t1, g2725.t1, g335.t1, g3423.t1, g863.t1
OG0000095	g1306.t1, g1307.t1, g933.t1	g1389.t1, g1629.t1, g3024.t1, g5272.t1
OG0000096	g953.t1	g137.t1, g225.t1, g302.t1, g427.t1, g4897.t1, g5415.t1
OG0000097	g1422.t1	g2155.t1, g2198.t1, g2230.t1, g3701.t1, g4176.t1, g4235.t1
OG0000098	g1445.t1	g2933.t1, g3000.t1, g3130.t1, g4404.t1, g527.t1, g5392.t1
OG0000099	g1573.t1	g190.t1, g196.t1, g197.t1, g2294.t1, g2349.t1, g4012.t1
OG0000100	g1808.t1, g1809.t1	g2030.t1, g2594.t1, g3640.t1, g4824.t1, g901.t1
OG0000101		g1282.t1, g144.t1, g1504.t1, g2237.t1, g2657.t1, g4252.t1, g861.t1
OG0000102		g233.t1, g3667.t1, g3781.t1, g3821.t1, g4425.t1, g5472.t1, g711.t1
OG0000103		g251.t1, g2628.t1, g3394.t1, g4272.t1, g4299.t1, g5321.t1, g5323.t1
OG0000104		g4127.t1, g459.t1, g5233.t1, g5234.t1, g5235.t1, g5372.t1, g789.t1
OG0000105		g1247.t1, g1287.t1, g2471.t1, g3370.t1, g3970.t1, g460.t1, g889.t1
OG0000106		g1004.t1, g2166.t1, g2169.t1, g4162.t1, g4164.t1, g4740.t1, g506.t1
OG0000107		g1301.t1, g4281.t1, g5115.t1, g513.t1, g514.t1, g515.t1, g5286.t1
OG0000108		g2717.t1, g3161.t1, g3162.t1, g4610.t1, g4635.t1, g4636.t1, g687.t1
OG0000109		g1398.t1, g1739.t1, g1897.t1, g3166.t1, g4386.t1, g5135.t1, g692.t1
OG0000110		g1189.t1, g1802.t1, g2757.t1, g3605.t1, g4904.t1, g4905.t1, g5279.t1
OG0000111		g1540.t1, g1622.t1, g1910.t1, g1963.t1, g1964.t1, g2418.t1, g4707.t1
OG0000112		g2364.t1, g2365.t1, g2386.t1, g2387.t1, g2395.t1, g2638.t1, g4016.t1
OG0000113	g1091.t1, g13.t1, g14.t1, g699.t1	g1693.t1, g79.t1
OG0000114	g1455.t1, g1572.t1, g304.t1, g39.t1, g393.t1, g924.t1	
OG0000115	g109.t1, g114.t1, g1874.t1, g197.t1, g78.t1, g970.t1	
OG0000116	g101.t1, g983.t1	g1293.t1, g2569.t1, g3227.t1, g4532.t1
OG0000117	g190.t1	g1684.t1, g2411.t1, g3431.t1, g4627.t1, g95.t1
OG0000118	g230.t1	g1224.t1, g4089.t1, g4107.t1, g5345.t1, g599.t1
OG0000119	g1188.t1, g355.t1, g868.t1	g1836.t1, g1837.t1, g2092.t1
OG0000120	g558.t1	g1416.t1, g2045.t1, g2949.t1, g4942.t1, g501.t1
OG0000121	g564.t1	g1363.t1, g1977.t1, g3530.t1, g3823.t1, g5297.t1
OG0000122	g617.t1	g1473.t1, g181.t1, g1848.t1, g3776.t1, g420.t1
OG0000123	g677.t1	g1983.t1, g2300.t1, g2384.t1, g3632.t1, g5091.t1
OG0000124	g869.t1	g1833.t1, g2095.t1, g3442.t1, g4590.t1, g4591.t1
OG0000125	g1450.t1, g977.t1	g1997.t1, g3079.t1, g4681.t1, g5353.t1
OG0000126	g1334.t1	g1830.t1, g2783.t1, g3223.t1, g4017.t1, g5450.t1
OG0000127	g1353.t1	g206.t1, g4245.t1, g4424.t1, g4568.t1, g712.t1
OG0000128	g1401.t1	g1556.t1, g1911.t1, g3330.t1, g5085.t1, g798.t1
OG0000129	g1568.t1, g1578.t1	g2675.t1, g3754.t1, g4966.t1, g808.t1
OG0000130	g1570.t1, g1579.t1	g1564.t1, g2475.t1, g3762.t1, g3997.t1
OG0000131	g1746.t1	g1152.t1, g360.t1, g4253.t1, g4418.t1, g5346.t1
OG0000132	g1756.t1	g234.t1, g2670.t1, g3586.t1, g3587.t1, g866.t1
OG0000133	g1830.t1	g1503.t1, g2383.t1, g3084.t1, g3651.t1, g3654.t1
OG0000134		g1132.t1, g1712.t1, g186.t1, g2373.t1, g31.t1, g937.t1
OG0000135		g139.t1, g146.t1, g1537.t1, g3232.t1, g5188.t1, g5202.t1
OG0000136		g1479.t1, g180.t1, g3415.t1, g3777.t1, g3779.t1, g417.t1
OG0000137		g1882.t1, g2199.t1, g2234.t1, g254.t1, g3296.t1, g4542.t1
OG0000138		g2082.t1, g2241.t1, g274.t1, g3455.t1, g3638.t1, g717.t1
OG0000139		g1001.t1, g1849.t1, g2666.t1, g2826.t1, g341.t1, g3540.t1
OG0000140		g2160.t1, g2304.t1, g369.t1, g3782.t1, g4179.t1, g5474.t1
OG0000141		g2358.t1, g2733.t1, g3502.t1, g4071.t1, g451.t1, g4889.t1
OG0000142		g1032.t1, g1638.t1, g4049.t1, g481.t1, g4924.t1, g5302.t1
OG0000143		g1801.t1, g2652.t1, g2961.t1, g2962.t1, g3007.t1, g517.t1
OG0000144		g1831.t1, g2029.t1, g3946.t1, g4258.t1, g604.t1, g706.t1
OG0000145		g1516.t1, g1595.t1, g2242.t1, g3378.t1, g3641.t1, g753.t1
OG0000146		g3327.t1, g3789.t1, g4644.t1, g4658.t1, g5356.t1, g849.t1
OG0000147		g1248.t1, g2154.t1, g3292.t1, g3479.t1, g4180.t1, g888.t1
OG0000148		g2860.t1, g3191.t1, g5284.t1, g5431.t1, g983.t1, g999.t1
OG0000149		g1087.t1, g1088.t1, g4953.t1, g4954.t1, g5005.t1, g5006.t1
OG0000150		g1263.t1, g1904.t1, g2559.t1, g3471.t1, g4226.t1, g5068.t1
OG0000151		g1386.t1, g1934.t1, g2827.t1, g3650.t1, g4297.t1, g4806.t1
OG0000152		g1424.t1, g3538.t1, g4479.t1, g5019.t1, g5117.t1, g5217.t1
OG0000153		g1490.t1, g3460.t1, g3744.t1, g4115.t1, g4546.t1, g5332.t1
OG0000154		g1539.t1, g1621.t1, g1909.t1, g1965.t1, g2417.t1, g4708.t1
OG0000155		g1620.t1, g2305.t1, g2518.t1, g4657.t1, g4706.t1, g5349.t1
OG0000156		g2195.t1, g3557.t1, g4421.t1, g5185.t1, g5412.t1, g5496.t1
OG0000157		g3883.t1, g4493.t1, g4566.t1, g4852.t1, g4967.t1, g5139.t1
OG0000158	g15.t1, g710.t1	g2311.t1, g4081.t1, g4503.t1
OG0000159	g17.t1	g1692.t1, g1805.t1, g4106.t1, g80.t1
OG0000160	g1220.t1, g29.t1, g36.t1, g43.t1, g614.t1	
OG0000161	g66.t1, g67.t1, g695.t1	g2575.t1, g3332.t1
OG0000162	g1847.t1, g849.t1, g88.t1	g3086.t1, g5457.t1
OG0000163	g153.t1, g1817.t1, g1859.t1	g4794.t1, g658.t1
OG0000164	g1823.t1, g287.t1, g485.t1, g587.t1, g618.t1	
OG0000165	g316.t1	g4158.t1, g4926.t1, g5001.t1, g664.t1
OG0000166	g343.t1, g985.t1	g1294.t1, g3213.t1, g5239.t1
OG0000167	g351.t1	g2452.t1, g269.t1, g4055.t1, g4167.t1
OG0000168	g629.t1	g1179.t1, g2138.t1, g4752.t1, g870.t1
OG0000169	g649.t1	g1076.t1, g2752.t1, g406.t1, g945.t1
OG0000170	g667.t1	g1606.t1, g2288.t1, g3483.t1, g5111.t1
OG0000171	g678.t1	g1229.t1, g2119.t1, g3529.t1, g54.t1
OG0000172	g813.t1	g1177.t1, g2846.t1, g5306.t1, g5492.t1
OG0000173	g1121.t1, g1409.t1, g834.t1	g2380.t1, g3250.t1
OG0000174	g941.t1	g2076.t1, g3034.t1, g3309.t1, g4629.t1
OG0000175	g1149.t1	g1799.t1, g2954.t1, g3351.t1, g774.t1
OG0000176	g1182.t1	g2336.t1, g2758.t1, g3693.t1, g4903.t1
OG0000177	g1204.t1	g1021.t1, g1269.t1, g227.t1, g4270.t1
OG0000178	g1347.t1	g2143.t1, g4262.t1, g4786.t1, g5399.t1
OG0000179	g1437.t1	g2478.t1, g458.t1, g4668.t1, g5035.t1
OG0000180	g1504.t1, g1505.t1, g1506.t1, g1507.t1, g1848.t1	
OG0000181	g1606.t1	g143.t1, g3519.t1, g3600.t1, g860.t1
OG0000182	g1792.t1	g108.t1, g1668.t1, g2603.t1, g29.t1
OG0000183		g2500.t1, g41.t1, g4625.t1, g4711.t1, g699.t1
OG0000184		g3045.t1, g3047.t1, g4143.t1, g4679.t1, g77.t1
OG0000185		g1523.t1, g169.t1, g2996.t1, g357.t1, g4736.t1
OG0000186		g1969.t1, g261.t1, g3203.t1, g992.t1, g998.t1
OG0000187		g270.t1, g3571.t1, g361.t1, g5448.t1, g769.t1
OG0000188		g1583.t1, g2073.t1, g299.t1, g301.t1, g3422.t1
OG0000189		g2997.t1, g332.t1, g3606.t1, g5015.t1, g5208.t1
OG0000190		g1435.t1, g2107.t1, g449.t1, g483.t1, g5195.t1
OG0000191		g1378.t1, g2617.t1, g3285.t1, g3543.t1, g492.t1
OG0000192		g1521.t1, g1950.t1, g2022.t1, g3945.t1, g518.t1
OG0000193		g1570.t1, g1574.t1, g1884.t1, g4215.t1, g531.t1
OG0000194		g2715.t1, g3159.t1, g3160.t1, g683.t1, g686.t1
OG0000195		g1069.t1, g1071.t1, g2688.t1, g2689.t1, g2690.t1
OG0000196		g1103.t1, g1231.t1, g2604.t1, g2721.t1, g3957.t1
OG0000197		g1929.t1, g1930.t1, g3398.t1, g4292.t1, g4293.t1
OG0000198		g1948.t1, g2357.t1, g2816.t1, g3493.t1, g5416.t1
OG0000199		g2170.t1, g2243.t1, g2877.t1, g3898.t1, g4024.t1
OG0000200		g2206.t1, g2794.t1, g2801.t1, g3470.t1, g3805.t1
OG0000201		g4581.t1, g4582.t1, g4585.t1, g4587.t1, g5419.t1
OG0000202	g358.t1, g8.t1	g1817.t1, g3290.t1
OG0000203	g16.t1, g715.t1	g4080.t1, g4498.t1
OG0000204	g107.t1, g1493.t1	g1176.t1, g510.t1
OG0000205	g108.t1, g217.t1, g266.t1	g1201.t1
OG0000206	g120.t1	g1970.t1, g4366.t1, g5398.t1
OG0000207	g143.t1, g829.t1	g4531.t1, g778.t1
OG0000208	g193.t1	g2924.t1, g3018.t1, g3635.t1
OG0000209	g203.t1, g582.t1, g823.t1	g607.t1
OG0000210	g219.t1	g3168.t1, g407.t1, g5120.t1
OG0000211	g226.t1	g1315.t1, g404.t1, g4040.t1
OG0000212	g257.t1	g2147.t1, g4596.t1, g499.t1
OG0000213	g1389.t1, g262.t1, g263.t1	g1035.t1
OG0000214	g1640.t1, g331.t1, g760.t1	g2625.t1
OG0000215	g423.t1	g3061.t1, g3257.t1, g559.t1
OG0000216	g437.t1	g118.t1, g1339.t1, g5460.t1
OG0000217	g448.t1, g830.t1	g1469.t1, g3551.t1
OG0000218	g1311.t1, g1592.t1, g575.t1	g1888.t1
OG0000219	g602.t1	g1048.t1, g1053.t1, g4488.t1
OG0000220	g653.t1	g1806.t1, g3951.t1, g3952.t1
OG0000221	g688.t1	g1213.t1, g1214.t1, g3542.t1
OG0000222	g698.t1	g1931.t1, g2901.t1, g4294.t1
OG0000223	g1841.t1, g717.t1	g4098.t1, g4496.t1
OG0000224	g743.t1	g2922.t1, g3346.t1, g4184.t1
OG0000225	g1108.t1, g759.t1	g5304.t1, g5425.t1
OG0000226	g1122.t1, g1408.t1, g833.t1	g3251.t1
OG0000227	g871.t1	g1835.t1, g2093.t1, g4588.t1
OG0000228	g873.t1	g4604.t1, g4933.t1, g5379.t1
OG0000229	g895.t1	g1006.t1, g2153.t1, g3668.t1
OG0000230	g898.t1	g242.t1, g246.t1, g879.t1
OG0000231	g902.t1	g2193.t1, g2200.t1, g2204.t1
OG0000232	g975.t1	g1160.t1, g3318.t1, g340.t1
OG0000233	g992.t1	g1012.t1, g1781.t1, g619.t1
OG0000234	g1012.t1	g3110.t1, g3560.t1, g446.t1
OG0000235	g1054.t1	g2393.t1, g4523.t1, g4624.t1
OG0000236	g1069.t1	g3810.t1, g5382.t1, g735.t1
OG0000237	g1070.t1	g1477.t1, g3307.t1, g5123.t1
OG0000238	g1119.t1	g1660.t1, g3304.t1, g3405.t1
OG0000239	g1305.t1	g1898.t1, g3025.t1, g3400.t1
OG0000240	g1338.t1	g1818.t1, g3195.t1, g4814.t1
OG0000241	g1339.t1	g2041.t1, g2508.t1, g322.t1
OG0000242	g1374.t1	g1104.t1, g1780.t1, g5054.t1
OG0000243	g1489.t1	g4347.t1, g4359.t1, g4899.t1
OG0000244	g1515.t1	g3366.t1, g4093.t1, g4880.t1
OG0000245	g1521.t1	g107.t1, g2087.t1, g4765.t1
OG0000246	g1559.t1	g1400.t1, g3403.t1, g5259.t1
OG0000247	g1603.t1	g3602.t1, g4317.t1, g4974.t1
OG0000248	g1637.t1	g2486.t1, g4888.t1, g5314.t1
OG0000249	g1675.t1	g1063.t1, g1935.t1, g4298.t1
OG0000250	g1719.t1	g2854.t1, g3190.t1, g4946.t1
OG0000251	g1782.t1	g2258.t1, g2546.t1, g4119.t1
OG0000252	g1824.t1	g384.t1, g4790.t1, g5140.t1
OG0000253		g1973.t1, g2112.t1, g2113.t1, g7.t1
OG0000254		g30.t1, g3299.t1, g5480.t1, g5490.t1
OG0000255		g121.t1, g1390.t1, g1627.t1, g2756.t1
OG0000256		g1474.t1, g176.t1, g3775.t1, g421.t1
OG0000257		g178.t1, g3414.t1, g3778.t1, g419.t1
OG0000258		g1633.t1, g195.t1, g2375.t1, g4238.t1
OG0000259		g202.t1, g3042.t1, g700.t1, g984.t1
OG0000260		g203.t1, g3041.t1, g701.t1, g985.t1
OG0000261		g226.t1, g5080.t1, g612.t1, g614.t1
OG0000262		g1016.t1, g280.t1, g4719.t1, g5142.t1
OG0000263		g1434.t1, g290.t1, g3297.t1, g795.t1
OG0000264		g1046.t1, g1923.t1, g2424.t1, g308.t1
OG0000265		g2905.t1, g345.t1, g3527.t1, g802.t1
OG0000266		g3141.t1, g3489.t1, g389.t1, g3999.t1
OG0000267		g2994.t1, g3648.t1, g429.t1, g931.t1
OG0000268		g2736.t1, g3813.t1, g455.t1, g5473.t1
OG0000269		g1791.t1, g463.t1, g469.t1, g5296.t1
OG0000270		g516.t1, g523.t1, g524.t1, g526.t1
OG0000271		g519.t1, g520.t1, g521.t1, g522.t1
OG0000272		g1050.t1, g4642.t1, g571.t1, g665.t1
OG0000273		g2718.t1, g3163.t1, g4612.t1, g694.t1
OG0000274		g4161.t1, g4626.t1, g4712.t1, g697.t1
OG0000275		g3595.t1, g5207.t1, g718.t1, g894.t1
OG0000276		g1524.t1, g1681.t1, g3981.t1, g836.t1
OG0000277		g3851.t1, g4702.t1, g5265.t1, g898.t1
OG0000278		g1003.t1, g2165.t1, g4165.t1, g5386.t1
OG0000279		g1005.t1, g2167.t1, g4163.t1, g4741.t1
OG0000280		g1009.t1, g1010.t1, g3352.t1, g3399.t1
OG0000281		g1089.t1, g3430.t1, g4952.t1, g5007.t1
OG0000282		g1093.t1, g1095.t1, g1096.t1, g1097.t1
OG0000283		g1146.t1, g2058.t1, g2584.t1, g3456.t1
OG0000284		g1153.t1, g1446.t1, g1928.t1, g3547.t1
OG0000285		g1186.t1, g4070.t1, g4079.t1, g4529.t1
OG0000286		g1217.t1, g2458.t1, g2741.t1, g3920.t1
OG0000287		g1220.t1, g1225.t1, g2457.t1, g3303.t1
OG0000288		g1262.t1, g1906.t1, g3472.t1, g4224.t1
OG0000289		g1371.t1, g1376.t1, g2764.t1, g4730.t1
OG0000290		g1433.t1, g2069.t1, g3576.t1, g5071.t1
OG0000291		g1567.t1, g1571.t1, g2296.t1, g2519.t1
OG0000292		g1568.t1, g1572.t1, g1883.t1, g4216.t1
OG0000293		g1648.t1, g3662.t1, g5287.t1, g5488.t1
OG0000294		g1972.t1, g2187.t1, g4318.t1, g4699.t1
OG0000295		g1982.t1, g2298.t1, g2359.t1, g3634.t1
OG0000296		g2056.t1, g3220.t1, g3611.t1, g3630.t1
OG0000297		g2341.t1, g2450.t1, g2464.t1, g4311.t1
OG0000298		g2972.t1, g4242.t1, g4243.t1, g4797.t1
OG0000299		g3055.t1, g3056.t1, g3559.t1, g3564.t1
OG0000300		g3242.t1, g3827.t1, g4485.t1, g4935.t1
OG0000301		g4407.t1, g4787.t1, g5218.t1, g5219.t1
OG0000302		g4737.t1, g4738.t1, g4739.t1, g4742.t1
OG0000303	g1.t1	g1.t1, g961.t1
OG0000304	g6.t1	g3230.t1, g5058.t1
OG0000305	g12.t1	g1013.t1, g655.t1
OG0000306	g1636.t1, g18.t1, g19.t1	
OG0000307	g1225.t1, g40.t1, g41.t1	
OG0000308	g47.t1	g447.t1, g5130.t1
OG0000309	g50.t1, g627.t1, g824.t1	
OG0000310	g1795.t1, g51.t1	g1223.t1
OG0000311	g57.t1	g4450.t1, g4553.t1
OG0000312	g1767.t1, g579.t1, g60.t1	
OG0000313	g1599.t1, g75.t1, g76.t1	
OG0000314	g1308.t1, g561.t1, g81.t1	
OG0000315	g83.t1, g84.t1, g85.t1	
OG0000316	g98.t1	g1061.t1, g4191.t1
OG0000317	g113.t1, g967.t1	g3139.t1
OG0000318	g127.t1	g4396.t1, g958.t1
OG0000319	g144.t1	g3089.t1, g3992.t1
OG0000320	g148.t1	g2057.t1, g5261.t1
OG0000321	g149.t1	g3088.t1, g3991.t1
OG0000322	g163.t1, g896.t1	g3280.t1
OG0000323	g177.t1	g4842.t1, g663.t1
OG0000324	g178.t1	g1696.t1, g3506.t1
OG0000325	g180.t1	g3507.t1, g592.t1
OG0000326	g181.t1	g4819.t1, g593.t1
OG0000327	g1097.t1, g188.t1	g3772.t1
OG0000328	g1600.t1, g1691.t1, g194.t1	
OG0000329	g234.t1, g327.t1	g387.t1
OG0000330	g245.t1, g247.t1	g5126.t1
OG0000331	g246.t1	g2133.t1, g5486.t1
OG0000332	g249.t1, g286.t1	g4470.t1
OG0000333	g1373.t1, g259.t1	g2447.t1
OG0000334	g280.t1	g5024.t1, g5404.t1
OG0000335	g1626.t1, g291.t1	g3842.t1
OG0000336	g1117.t1, g299.t1	g1981.t1
OG0000337	g310.t1	g1019.t1, g2570.t1
OG0000338	g314.t1	g4398.t1, g5045.t1
OG0000339	g320.t1	g2047.t1, g2946.t1
OG0000340	g357.t1	g438.t1, g5440.t1
OG0000341	g360.t1	g3875.t1, g5033.t1
OG0000342	g368.t1	g2931.t1, g5020.t1
OG0000343	g372.t1	g2141.t1, g917.t1
OG0000344	g375.t1	g248.t1, g25.t1
OG0000345	g379.t1	g249.t1, g4940.t1
OG0000346	g381.t1	g4583.t1, g5324.t1
OG0000347	g384.t1	g1364.t1, g1844.t1
OG0000348	g385.t1	g1823.t1, g2354.t1
OG0000349	g396.t1	g3439.t1, g5438.t1
OG0000350	g400.t1	g3374.t1, g5145.t1
OG0000351	g402.t1	g18.t1, g3625.t1
OG0000352	g434.t1, g734.t1	g3245.t1
OG0000353	g454.t1	g1753.t1, g5021.t1
OG0000354	g463.t1	g1509.t1, g286.t1
OG0000355	g473.t1	g426.t1, g5167.t1
OG0000356	g1502.t1, g486.t1	g5161.t1
OG0000357	g523.t1	g4077.t1, g883.t1
OG0000358	g530.t1	g1603.t1, g2337.t1
OG0000359	g538.t1	g1558.t1, g4735.t1
OG0000360	g1733.t1, g559.t1	g5050.t1
OG0000361	g560.t1	g3031.t1, g4563.t1
OG0000362	g580.t1	g4148.t1, g5260.t1
OG0000363	g616.t1	g4941.t1, g500.t1
OG0000364	g637.t1	g2423.t1, g4855.t1
OG0000365	g638.t1	g2316.t1, g4436.t1
OG0000366	g642.t1	g1141.t1, g3103.t1
OG0000367	g666.t1	g4745.t1, g5445.t1
OG0000368	g670.t1	g2482.t1, g5315.t1
OG0000369	g671.t1	g3023.t1, g5108.t1
OG0000370	g675.t1	g3885.t1, g671.t1
OG0000371	g679.t1	g110.t1, g1335.t1
OG0000372	g686.t1	g1337.t1, g528.t1
OG0000373	g687.t1	g2650.t1, g656.t1
OG0000374	g1821.t1, g1822.t1, g693.t1	
OG0000375	g720.t1	g1484.t1, g4628.t1
OG0000376	g786.t1, g789.t1	g586.t1
OG0000377	g788.t1	g2802.t1, g965.t1
OG0000378	g820.t1	g10.t1, g1208.t1
OG0000379	g826.t1	g1215.t1, g1418.t1
OG0000380	g853.t1	g3359.t1, g662.t1
OG0000381	g878.t1	g3673.t1, g5144.t1
OG0000382	g881.t1	g22.t1, g3262.t1
OG0000383	g890.t1	g1119.t1, g1720.t1
OG0000384	g939.t1	g1355.t1, g2292.t1
OG0000385	g944.t1	g3712.t1, g675.t1
OG0000386	g951.t1	g3218.t1, g5339.t1
OG0000387	g1446.t1, g1447.t1, g952.t1	
OG0000388	g988.t1	g3212.t1, g5236.t1
OG0000389	g1052.t1, g1290.t1, g1291.t1	
OG0000390	g1060.t1	g4220.t1, g674.t1
OG0000391	g1062.t1, g1555.t1	g4321.t1
OG0000392	g1067.t1	g2307.t1, g3709.t1
OG0000393	g1109.t1	g538.t1, g909.t1
OG0000394	g1110.t1	g3608.t1, g5270.t1
OG0000395	g1123.t1, g1410.t1	g2378.t1
OG0000396	g1155.t1	g4084.t1, g5011.t1
OG0000397	g1164.t1	g3035.t1, g4562.t1
OG0000398	g1172.t1	g1828.t1, g5149.t1
OG0000399	g1175.t1	g1827.t1, g3392.t1
OG0000400	g1202.t1	g1142.t1, g1212.t1
OG0000401	g1240.t1	g120.t1, g2672.t1
OG0000402	g1244.t1	g2796.t1, g3729.t1
OG0000403	g1252.t1	g2574.t1, g3723.t1
OG0000404	g1262.t1	g2103.t1, g5100.t1
OG0000405	g1268.t1	g1321.t1, g780.t1
OG0000406	g1277.t1	g1083.t1, g1616.t1
OG0000407	g1284.t1	g3099.t1, g5389.t1
OG0000408	g1285.t1	g1468.t1, g379.t1
OG0000409	g1286.t1	g1543.t1, g4364.t1
OG0000410	g1287.t1, g1288.t1	g5109.t1
OG0000411	g1292.t1	g1618.t1, g4820.t1
OG0000412	g1304.t1	g218.t1, g3027.t1
OG0000413	g1321.t1	g4249.t1, g816.t1
OG0000414	g1329.t1	g4283.t1, g4495.t1
OG0000415	g1336.t1	g1810.t1, g3182.t1
OG0000416	g1359.t1	g2096.t1, g3887.t1
OG0000417	g1360.t1	g3010.t1, g5502.t1
OG0000418	g1380.t1	g1554.t1, g2132.t1
OG0000419	g1382.t1	g1171.t1, g1952.t1
OG0000420	g1384.t1	g1219.t1, g2319.t1
OG0000421	g1400.t1	g2483.t1, g5481.t1
OG0000422	g1427.t1	g2172.t1, g3732.t1
OG0000423	g1444.t1	g3131.t1, g4405.t1
OG0000424	g1463.t1	g1858.t1, g3032.t1
OG0000425	g1490.t1	g2105.t1, g4348.t1
OG0000426	g1499.t1	g3275.t1, g4541.t1
OG0000427	g1517.t1, g1818.t1	g2973.t1
OG0000428	g1530.t1	g1139.t1, g19.t1
OG0000429	g1550.t1	g2484.t1, g4688.t1
OG0000430	g1590.t1	g2179.t1, g3690.t1
OG0000431	g1609.t1	g2421.t1, g4862.t1
OG0000432	g1632.t1	g2485.t1, g5313.t1
OG0000433	g1644.t1	g2512.t1, g3397.t1
OG0000434	g1648.t1, g1724.t1	g5469.t1
OG0000435	g1652.t1	g4416.t1, g821.t1
OG0000436	g1662.t1	g1445.t1, g4919.t1
OG0000437	g1667.t1	g215.t1, g3173.t1
OG0000438	g1699.t1	g1760.t1, g3074.t1
OG0000439	g1774.t1	g4374.t1, g456.t1
OG0000440	g1781.t1	g2488.t1, g2742.t1
OG0000441	g1790.t1	g4121.t1, g4655.t1
OG0000442		g1691.t1, g2401.t1, g82.t1
OG0000443		g1689.t1, g2403.t1, g84.t1
OG0000444		g1677.t1, g2400.t1, g87.t1
OG0000445		g1678.t1, g2405.t1, g88.t1
OG0000446		g1679.t1, g2406.t1, g89.t1
OG0000447		g1682.t1, g2409.t1, g93.t1
OG0000448		g1683.t1, g2410.t1, g94.t1
OG0000449		g1198.t1, g124.t1, g2075.t1
OG0000450		g145.t1, g2467.t1, g3524.t1
OG0000451		g157.t1, g158.t1, g2544.t1
OG0000452		g1356.t1, g167.t1, g366.t1
OG0000453		g241.t1, g3219.t1, g5247.t1
OG0000454		g243.t1, g2669.t1, g4928.t1
OG0000455		g1528.t1, g267.t1, g5369.t1
OG0000456		g1646.t1, g2537.t1, g276.t1
OG0000457		g1437.t1, g291.t1, g3237.t1
OG0000458		g1784.t1, g315.t1, g4771.t1
OG0000459		g2050.t1, g323.t1, g331.t1
OG0000460		g1425.t1, g325.t1, g3846.t1
OG0000461		g1423.t1, g3108.t1, g359.t1
OG0000462		g365.t1, g4056.t1, g4601.t1
OG0000463		g2980.t1, g4426.t1, g450.t1
OG0000464		g2661.t1, g2750.t1, g466.t1
OG0000465		g2146.t1, g4595.t1, g502.t1
OG0000466		g2145.t1, g4594.t1, g503.t1
OG0000467		g2268.t1, g4969.t1, g536.t1
OG0000468		g1752.t1, g1765.t1, g539.t1
OG0000469		g1465.t1, g1466.t1, g544.t1
OG0000470		g1000.t1, g2852.t1, g550.t1
OG0000471		g2012.t1, g3953.t1, g610.t1
OG0000472		g1218.t1, g1958.t1, g659.t1
OG0000473		g1037.t1, g4284.t1, g666.t1
OG0000474		g4827.t1, g4828.t1, g721.t1
OG0000475		g3549.t1, g4086.t1, g738.t1
OG0000476		g1125.t1, g4045.t1, g741.t1
OG0000477		g1829.t1, g4662.t1, g791.t1
OG0000478		g1380.t1, g2461.t1, g831.t1
OG0000479		g1557.t1, g3391.t1, g842.t1
OG0000480		g1305.t1, g2884.t1, g850.t1
OG0000481		g3853.t1, g5267.t1, g900.t1
OG0000482		g1968.t1, g993.t1, g995.t1
OG0000483		g1167.t1, g3940.t1, g996.t1
OG0000484		g3204.t1, g3205.t1, g997.t1
OG0000485		g1018.t1, g1645.t1, g2692.t1
OG0000486		g1163.t1, g2024.t1, g5285.t1
OG0000487		g1181.t1, g1617.t1, g2208.t1
OG0000488		g1209.t1, g1845.t1, g5268.t1
OG0000489		g1261.t1, g3473.t1, g4225.t1
OG0000490		g1291.t1, g3271.t1, g5290.t1
OG0000491		g1303.t1, g2126.t1, g2630.t1
OG0000492		g1306.t1, g1787.t1, g4675.t1
OG0000493		g1341.t1, g2806.t1, g3100.t1
OG0000494		g1347.t1, g1519.t1, g5454.t1
OG0000495		g1375.t1, g2340.t1, g3652.t1
OG0000496		g1379.t1, g4914.t1, g5396.t1
OG0000497		g1393.t1, g4886.t1, g4960.t1
OG0000498		g1464.t1, g1488.t1, g1713.t1
OG0000499		g1613.t1, g1614.t1, g5347.t1
OG0000500		g1699.t1, g3856.t1, g4030.t1
OG0000501		g1708.t1, g2177.t1, g2210.t1
OG0000502		g1710.t1, g2900.t1, g4865.t1
OG0000503		g1811.t1, g3258.t1, g3824.t1
OG0000504		g1861.t1, g2677.t1, g5121.t1
OG0000505		g1864.t1, g2964.t1, g4211.t1
OG0000506		g1932.t1, g3126.t1, g4295.t1
OG0000507		g2005.t1, g3376.t1, g4602.t1
OG0000508		g2015.t1, g2329.t1, g3873.t1
OG0000509		g2098.t1, g2099.t1, g3840.t1
OG0000510		g2120.t1, g2550.t1, g2554.t1
OG0000511		g2188.t1, g2597.t1, g4722.t1
OG0000512		g2192.t1, g2202.t1, g2235.t1
OG0000513		g2261.t1, g3767.t1, g3902.t1
OG0000514		g2286.t1, g3485.t1, g4232.t1
OG0000515		g2287.t1, g3484.t1, g4233.t1
OG0000516		g2291.t1, g2571.t1, g3713.t1
OG0000517		g2330.t1, g3248.t1, g4178.t1
OG0000518		g2460.t1, g2511.t1, g5427.t1
OG0000519		g2477.t1, g2479.t1, g5036.t1
OG0000520		g2535.t1, g3353.t1, g4698.t1
OG0000521		g2567.t1, g4557.t1, g4559.t1
OG0000522		g2583.t1, g4254.t1, g5434.t1
OG0000523		g2735.t1, g3888.t1, g4251.t1
OG0000524		g2744.t1, g3535.t1, g4709.t1
OG0000525		g2749.t1, g2765.t1, g4259.t1
OG0000526		g2751.t1, g4561.t1, g4826.t1
OG0000527		g2917.t1, g4846.t1, g5376.t1
OG0000528		g2923.t1, g3080.t1, g3836.t1
OG0000529		g2971.t1, g4123.t1, g4798.t1
OG0000530		g3142.t1, g3490.t1, g4000.t1
OG0000531		g3381.t1, g3382.t1, g3448.t1
OG0000532		g3421.t1, g4981.t1, g5413.t1
OG0000533		g3461.t1, g3743.t1, g4116.t1
OG0000534		g3466.t1, g3467.t1, g5331.t1
OG0000535		g3811.t1, g3963.t1, g5116.t1
OG0000536		g4010.t1, g5393.t1, g5477.t1
OG0000537		g5182.t1, g5183.t1, g5184.t1
OG0000538	g2.t1	g2.t1
OG0000539	g3.t1	g3.t1
OG0000540	g5.t1	g4.t1
OG0000541	g22.t1	g412.t1
OG0000542	g200.t1, g24.t1	
OG0000543	g25.t1	g4065.t1
OG0000544	g1222.t1, g30.t1	
OG0000545	g1223.t1, g35.t1	
OG0000546	g1226.t1, g42.t1	
OG0000547	g303.t1, g44.t1	
OG0000548	g46.t1	g5131.t1
OG0000549	g52.t1	g1795.t1
OG0000550	g59.t1	g2392.t1
OG0000551	g61.t1	g3228.t1
OG0000552	g64.t1	g2653.t1
OG0000553	g93.t1	g1402.t1
OG0000554	g97.t1	g3319.t1
OG0000555	g103.t1, g692.t1	
OG0000556	g106.t1	g4446.t1
OG0000557	g110.t1	g1007.t1
OG0000558	g112.t1, g408.t1	
OG0000559	g118.t1	g4823.t1
OG0000560	g122.t1	g1608.t1
OG0000561	g123.t1	g1609.t1
OG0000562	g128.t1	g4948.t1
OG0000563	g140.t1	g2944.t1
OG0000564	g154.t1	g3372.t1
OG0000565	g156.t1	g4507.t1
OG0000566	g162.t1	g3071.t1
OG0000567	g164.t1	g3020.t1
OG0000568	g166.t1	g4147.t1
OG0000569	g169.t1	g4109.t1
OG0000570	g170.t1	g3107.t1
OG0000571	g172.t1	g3710.t1
OG0000572	g173.t1	g4734.t1
OG0000573	g179.t1	g4841.t1
OG0000574	g185.t1	g4821.t1
OG0000575	g186.t1	g4822.t1
OG0000576	g187.t1	g4361.t1
OG0000577	g192.t1	g3552.t1
OG0000578	g195.t1	g602.t1
OG0000579	g196.t1	g4758.t1
OG0000580	g198.t1	g4761.t1
OG0000581	g199.t1	g4760.t1
OG0000582	g202.t1	g4759.t1
OG0000583	g205.t1	g3062.t1
OG0000584	g207.t1	g3707.t1
OG0000585	g210.t1	g5342.t1
OG0000586	g218.t1	g1023.t1
OG0000587	g224.t1	g5032.t1
OG0000588	g229.t1	g563.t1
OG0000589	g232.t1	g5067.t1
OG0000590	g233.t1	g4053.t1
OG0000591	g236.t1	g4054.t1
OG0000592	g242.t1	g4783.t1
OG0000593	g252.t1	g3705.t1
OG0000594	g253.t1	g3699.t1
OG0000595	g254.t1	g1819.t1
OG0000596	g255.t1	g5030.t1
OG0000597	g258.t1	g2448.t1
OG0000598	g260.t1	g2446.t1
OG0000599	g267.t1	g4995.t1
OG0000600	g272.t1	g4518.t1
OG0000601	g273.t1	g4517.t1
OG0000602	g274.t1	g4840.t1
OG0000603	g278.t1	g3831.t1
OG0000604	g279.t1	g5043.t1
OG0000605	g282.t1	g5042.t1
OG0000606	g284.t1	g590.t1
OG0000607	g285.t1	g4471.t1
OG0000608	g289.t1, g827.t1	
OG0000609	g298.t1	g3841.t1
OG0000610	g300.t1	g1979.t1
OG0000611	g307.t1	g5223.t1
OG0000612	g313.t1, g422.t1	
OG0000613	g315.t1	g4390.t1
OG0000614	g319.t1	g2032.t1
OG0000615	g325.t1	g897.t1
OG0000616	g1333.t1, g328.t1	
OG0000617	g333.t1	g2789.t1
OG0000618	g341.t1	g4440.t1
OG0000619	g344.t1	g979.t1
OG0000620	g346.t1	g980.t1
OG0000621	g347.t1	g981.t1
OG0000622	g348.t1	g982.t1
OG0000623	g353.t1	g3894.t1
OG0000624	g354.t1	g3893.t1
OG0000625	g359.t1	g844.t1
OG0000626	g365.t1	g978.t1
OG0000627	g371.t1	g2654.t1
OG0000628	g373.t1	g411.t1
OG0000629	g374.t1	g3022.t1
OG0000630	g376.t1	g1703.t1
OG0000631	g377.t1	g5134.t1
OG0000632	g378.t1	g5133.t1
OG0000633	g382.t1	g2909.t1
OG0000634	g383.t1	g4130.t1
OG0000635	g387.t1	g409.t1
OG0000636	g388.t1	g408.t1
OG0000637	g389.t1	g4849.t1
OG0000638	g390.t1	g4847.t1
OG0000639	g398.t1	g5422.t1
OG0000640	g399.t1	g554.t1
OG0000641	g405.t1	g617.t1
OG0000642	g406.t1	g4134.t1
OG0000643	g409.t1	g4133.t1
OG0000644	g410.t1	g4125.t1
OG0000645	g411.t1	g4131.t1
OG0000646	g413.t1	g2626.t1
OG0000647	g414.t1	g4550.t1
OG0000648	g424.t1	g560.t1
OG0000649	g425.t1	g4839.t1
OG0000650	g430.t1	g3759.t1
OG0000651	g431.t1	g3244.t1
OG0000652	g435.t1	g2855.t1
OG0000653	g436.t1	g556.t1
OG0000654	g438.t1	g117.t1
OG0000655	g441.t1, g701.t1	
OG0000656	g443.t1, g444.t1	
OG0000657	g447.t1	g3886.t1
OG0000658	g453.t1	g4649.t1
OG0000659	g455.t1	g1754.t1
OG0000660	g456.t1	g1755.t1
OG0000661	g459.t1	g779.t1
OG0000662	g472.t1	g4851.t1
OG0000663	g474.t1	g4059.t1
OG0000664	g475.t1	g4060.t1
OG0000665	g479.t1	g783.t1
OG0000666	g483.t1	g3724.t1
OG0000667	g497.t1	g5089.t1
OG0000668	g498.t1	g5090.t1
OG0000669	g1678.t1, g501.t1	
OG0000670	g502.t1	g3773.t1
OG0000671	g505.t1	g381.t1
OG0000672	g506.t1	g4859.t1
OG0000673	g507.t1	g1820.t1
OG0000674	g513.t1	g566.t1
OG0000675	g514.t1	g396.t1
OG0000676	g518.t1	g4524.t1
OG0000677	g529.t1	g1604.t1
OG0000678	g532.t1	g1601.t1
OG0000679	g533.t1	g152.t1
OG0000680	g540.t1	g3064.t1
OG0000681	g546.t1	g3656.t1
OG0000682	g547.t1	g551.t1
OG0000683	g551.t1	g3337.t1
OG0000684	g562.t1	g4362.t1
OG0000685	g581.t1	g1106.t1
OG0000686	g590.t1	g5424.t1
OG0000687	g595.t1	g439.t1
OG0000688	g601.t1	g4548.t1
OG0000689	g605.t1, g974.t1	
OG0000690	g606.t1	g4982.t1
OG0000691	g608.t1	g5046.t1
OG0000692	g609.t1	g3226.t1
OG0000693	g610.t1	g4721.t1
OG0000694	g615.t1	g2950.t1
OG0000695	g620.t1	g4313.t1
OG0000696	g625.t1, g681.t1	
OG0000697	g643.t1	g587.t1
OG0000698	g645.t1	g3541.t1
OG0000699	g646.t1	g3231.t1
OG0000700	g657.t1	g1028.t1
OG0000701	g658.t1	g4647.t1
OG0000702	g659.t1	g4832.t1
OG0000703	g660.t1	g4831.t1
OG0000704	g661.t1	g378.t1
OG0000705	g664.t1	g4074.t1
OG0000706	g665.t1	g4075.t1
OG0000707	g668.t1	g3390.t1
OG0000708	g669.t1	g3904.t1
OG0000709	g672.t1	g1296.t1
OG0000710	g683.t1	g4515.t1
OG0000711	g685.t1	g1757.t1
OG0000712	g690.t1	g1637.t1
OG0000713	g1198.t1, g696.t1	
OG0000714	g707.t1	g4506.t1
OG0000715	g708.t1	g4505.t1
OG0000716	g711.t1	g4502.t1
OG0000717	g712.t1	g4501.t1
OG0000718	g713.t1	g4500.t1
OG0000719	g714.t1	g4499.t1
OG0000720	g716.t1	g4497.t1
OG0000721	g719.t1	g4492.t1
OG0000722	g721.t1	g401.t1
OG0000723	g1312.t1, g724.t1	
OG0000724	g726.t1	g5215.t1
OG0000725	g1625.t1, g737.t1	
OG0000726	g746.t1	g1959.t1
OG0000727	g758.t1	g2656.t1
OG0000728	g767.t1	g3689.t1
OG0000729	g768.t1	g3688.t1
OG0000730	g769.t1	g4058.t1
OG0000731	g773.t1	g5039.t1
OG0000732	g774.t1	g5380.t1
OG0000733	g775.t1	g5037.t1
OG0000734	g778.t1	g3067.t1
OG0000735	g1735.t1, g780.t1	
OG0000736	g1023.t1, g782.t1	
OG0000737	g791.t1	g3891.t1
OG0000738	g795.t1	g5423.t1
OG0000739	g798.t1	g2317.t1
OG0000740	g800.t1	g4122.t1
OG0000741	g801.t1	g1312.t1
OG0000742	g803.t1	g5129.t1
OG0000743	g812.t1	g3738.t1
OG0000744	g815.t1	g5017.t1
OG0000745	g816.t1	g2951.t1
OG0000746	g1120.t1, g835.t1	
OG0000747	g836.t1	g5370.t1
OG0000748	g839.t1	g5141.t1
OG0000749	g842.t1	g1605.t1
OG0000750	g852.t1	g2520.t1
OG0000751	g1258.t1, g855.t1	
OG0000752	g870.t1	g4589.t1
OG0000753	g872.t1	g5146.t1
OG0000754	g874.t1	g3808.t1
OG0000755	g877.t1	g5340.t1
OG0000756	g879.t1	g4754.t1
OG0000757	g882.t1	g3206.t1
OG0000758	g893.t1	g4484.t1
OG0000759	g894.t1	g4535.t1
OG0000760	g905.t1	g2191.t1
OG0000761	g910.t1	g2662.t1
OG0000762	g912.t1	g1502.t1
OG0000763	g914.t1	g4751.t1
OG0000764	g916.t1	g5436.t1
OG0000765	g917.t1	g393.t1
OG0000766	g937.t1	g4646.t1
OG0000767	g940.t1	g4645.t1
OG0000768	g954.t1	g508.t1
OG0000769	g955.t1	g511.t1
OG0000770	g957.t1	g507.t1
OG0000771	g960.t1	g5010.t1
OG0000772	g961.t1	g1015.t1
OG0000773	g962.t1	g773.t1
OG0000774	g963.t1	g4609.t1
OG0000775	g976.t1	g3745.t1
OG0000776	g978.t1	g3128.t1
OG0000777	g982.t1	g4533.t1
OG0000778	g984.t1	g5240.t1
OG0000779	g986.t1	g5237.t1
OG0000780	g989.t1	g5162.t1
OG0000781	g994.t1	g657.t1
OG0000782	g995.t1	g37.t1
OG0000783	g996.t1	g36.t1
OG0000784	g997.t1	g346.t1
OG0000785	g1000.t1	g1514.t1
OG0000786	g1001.t1	g4019.t1
OG0000787	g1003.t1, g1616.t1	
OG0000788	g1005.t1	g4006.t1
OG0000789	g1015.t1	g1992.t1
OG0000790	g1021.t1, g1022.t1	
OG0000791	g1024.t1	g1871.t1
OG0000792	g1029.t1	g4534.t1
OG0000793	g1037.t1, g1041.t1	
OG0000794	g1042.t1	g1482.t1
OG0000795	g1045.t1	g5166.t1
OG0000796	g1057.t1	g3039.t1
OG0000797	g1063.t1	g3148.t1
OG0000798	g1064.t1	g4854.t1
OG0000799	g1068.t1	g5065.t1
OG0000800	g1071.t1	g3261.t1
OG0000801	g1072.t1	g3260.t1
OG0000802	g1073.t1	g3241.t1
OG0000803	g1074.t1	g3225.t1
OG0000804	g1075.t1	g3872.t1
OG0000805	g1085.t1	g3224.t1
OG0000806	g1086.t1	g4614.t1
OG0000807	g1092.t1	g3199.t1
OG0000808	g1096.t1	g4316.t1
OG0000809	g1098.t1	g2788.t1
OG0000810	g1099.t1	g2786.t1
OG0000811	g1103.t1	g2785.t1
OG0000812	g1104.t1	g2784.t1
OG0000813	g1106.t1	g668.t1
OG0000814	g1107.t1	g4487.t1
OG0000815	g1112.t1	g3596.t1
OG0000816	g1113.t1	g5365.t1
OG0000817	g1126.t1	g5012.t1
OG0000818	g1142.t1	g4062.t1
OG0000819	g1147.t1	g2724.t1
OG0000820	g1154.t1	g4083.t1
OG0000821	g1157.t1	g4085.t1
OG0000822	g1159.t1	g5014.t1
OG0000823	g1160.t1	g4651.t1
OG0000824	g1161.t1	g4652.t1
OG0000825	g1162.t1	g4653.t1
OG0000826	g1163.t1	g4654.t1
OG0000827	g1165.t1	g3880.t1
OG0000828	g1167.t1	g3172.t1
OG0000829	g1168.t1	g3907.t1
OG0000830	g1176.t1	g1826.t1
OG0000831	g1180.t1	g3143.t1
OG0000832	g1189.t1	g5213.t1
OG0000833	g1192.t1	g3949.t1
OG0000834	g1194.t1	g3950.t1
OG0000835	g1207.t1	g2902.t1
OG0000836	g1208.t1	g355.t1
OG0000837	g1209.t1	g347.t1
OG0000838	g1213.t1	g963.t1
OG0000839	g1215.t1	g4850.t1
OG0000840	g1219.t1	g198.t1
OG0000841	g1227.t1	g4833.t1
OG0000842	g1228.t1	g1180.t1
OG0000843	g1231.t1	g971.t1
OG0000844	g1232.t1	g4834.t1
OG0000845	g1233.t1	g4835.t1
OG0000846	g1234.t1	g4836.t1
OG0000847	g1235.t1	g4837.t1
OG0000848	g1237.t1	g2089.t1
OG0000849	g1243.t1	g300.t1
OG0000850	g1247.t1	g3876.t1
OG0000851	g1248.t1	g3721.t1
OG0000852	g1249.t1	g3722.t1
OG0000853	g1253.t1	g3725.t1
OG0000854	g1254.t1	g3726.t1
OG0000855	g1259.t1	g3727.t1
OG0000856	g1260.t1	g3728.t1
OG0000857	g1267.t1	g3714.t1
OG0000858	g1269.t1	g3814.t1
OG0000859	g1271.t1	g3815.t1
OG0000860	g1272.t1	g3816.t1
OG0000861	g1274.t1	g3817.t1
OG0000862	g1276.t1	g3818.t1
OG0000863	g1293.t1	g1297.t1
OG0000864	g1295.t1	g3834.t1
OG0000865	g1302.t1	g5110.t1
OG0000866	g1303.t1	g1064.t1
OG0000867	g1309.t1	g362.t1
OG0000868	g1310.t1	g782.t1
OG0000869	g1313.t1	g368.t1
OG0000870	g1314.t1	g376.t1
OG0000871	g1323.t1	g5447.t1
OG0000872	g1326.t1	g761.t1
OG0000873	g1327.t1	g4129.t1
OG0000874	g1330.t1	g1634.t1
OG0000875	g1332.t1	g5343.t1
OG0000876	g1335.t1	g3181.t1
OG0000877	g1341.t1	g3179.t1
OG0000878	g1345.t1	g4784.t1
OG0000879	g1346.t1	g4785.t1
OG0000880	g1349.t1	g1127.t1
OG0000881	g1351.t1	g4569.t1
OG0000882	g1354.t1	g4567.t1
OG0000883	g1356.t1	g1545.t1
OG0000884	g1358.t1	g2667.t1
OG0000885	g1361.t1	g3011.t1
OG0000886	g1375.t1	g111.t1
OG0000887	g1377.t1	g2314.t1
OG0000888	g1378.t1	g1170.t1
OG0000889	g1392.t1, g1394.t1	
OG0000890	g1393.t1, g1395.t1	
OG0000891	g1420.t1	g4429.t1
OG0000892	g1421.t1	g3585.t1
OG0000893	g1435.t1, g1436.t1	
OG0000894	g1440.t1	g4744.t1
OG0000895	g1441.t1	g1832.t1
OG0000896	g1443.t1	g3133.t1
OG0000897	g1449.t1	g1579.t1
OG0000898	g1458.t1	g3758.t1
OG0000899	g1459.t1	g4325.t1
OG0000900	g1464.t1	g4326.t1
OG0000901	g1465.t1	g4328.t1
OG0000902	g1466.t1	g4329.t1
OG0000903	g1467.t1	g4330.t1
OG0000904	g1468.t1	g4331.t1
OG0000905	g1469.t1	g4332.t1
OG0000906	g1470.t1	g4333.t1
OG0000907	g1471.t1	g4334.t1
OG0000908	g1472.t1	g4335.t1
OG0000909	g1474.t1	g4336.t1
OG0000910	g1475.t1	g4337.t1
OG0000911	g1476.t1	g4338.t1
OG0000912	g1477.t1	g4339.t1
OG0000913	g1478.t1	g4341.t1
OG0000914	g1479.t1	g4342.t1
OG0000915	g1480.t1	g4344.t1
OG0000916	g1481.t1	g4345.t1
OG0000917	g1482.t1	g4346.t1
OG0000918	g1491.t1	g4349.t1
OG0000919	g1492.t1	g4350.t1
OG0000920	g1497.t1	g4351.t1
OG0000921	g1498.t1	g4352.t1
OG0000922	g1500.t1	g4353.t1
OG0000923	g1501.t1	g4354.t1
OG0000924	g1503.t1	g3658.t1
OG0000925	g1509.t1	g1369.t1
OG0000926	g1510.t1	g4355.t1
OG0000927	g1511.t1	g4356.t1
OG0000928	g1512.t1	g4357.t1
OG0000929	g1514.t1, g1516.t1	
OG0000930	g1518.t1	g1771.t1
OG0000931	g1522.t1	g5245.t1
OG0000932	g1535.t1	g4762.t1
OG0000933	g1537.t1	g4643.t1
OG0000934	g1539.t1	g3849.t1
OG0000935	g1540.t1	g4120.t1
OG0000936	g1541.t1	g4445.t1
OG0000937	g1545.t1	g4555.t1
OG0000938	g1548.t1	g3996.t1
OG0000939	g1549.t1, g1718.t1	
OG0000940	g1552.t1	g3175.t1
OG0000941	g1553.t1	g4319.t1
OG0000942	g1554.t1	g4320.t1
OG0000943	g1556.t1	g4322.t1
OG0000944	g1557.t1	g4323.t1
OG0000945	g1558.t1	g2660.t1
OG0000946	g1560.t1	g5262.t1
OG0000947	g1622.t1	g4623.t1
OG0000948	g1630.t1	g489.t1
OG0000949	g1649.t1, g1725.t1	
OG0000950	g1650.t1, g1726.t1	
OG0000951	g1665.t1	g4046.t1
OG0000952	g1674.t1	g1600.t1
OG0000953	g1680.t1	g3229.t1
OG0000954	g1683.t1	g3127.t1
OG0000955	g1692.t1	g3995.t1
OG0000956	g1700.t1	g1759.t1
OG0000957	g1722.t1	g5467.t1
OG0000958	g1723.t1	g5468.t1
OG0000959	g1737.t1	g770.t1
OG0000960	g1739.t1	g959.t1
OG0000961	g1740.t1	g3169.t1
OG0000962	g1743.t1	g3835.t1
OG0000963	g1744.t1	g3310.t1
OG0000964	g1753.t1	g1322.t1
OG0000965	g1754.t1	g1024.t1
OG0000966	g1759.t1	g4949.t1
OG0000967	g1791.t1	g2888.t1
OG0000968	g1797.t1	g4480.t1
OG0000969	g1814.t1	g3826.t1
OG0000970	g1816.t1	g3565.t1
OG0000971	g1819.t1	g826.t1
OG0000972	g1836.t1	g3177.t1
OG0000973	g1837.t1	g918.t1
OG0000974	g1839.t1	g3865.t1
OG0000975	g1843.t1	g1550.t1
OG0000976	g1844.t1	g1549.t1
OG0000977	g1849.t1	g1548.t1
OG0000978	g1862.t1	g3548.t1
OG0000979	g1864.t1, g1865.t1	
OG0000980	g1866.t1	g2871.t1
OG0000981		g4433.t1, g5.t1
OG0000982		g11.t1, g3305.t1
OG0000983		g40.t1, g65.t1
OG0000984		g2498.t1, g42.t1
OG0000985		g1169.t1, g43.t1
OG0000986		g3915.t1, g46.t1
OG0000987		g52.t1, g53.t1
OG0000988		g63.t1, g871.t1
OG0000989		g2908.t1, g64.t1
OG0000990		g66.t1, g67.t1
OG0000991		g1688.t1, g85.t1
OG0000992		g1687.t1, g86.t1
OG0000993		g2407.t1, g90.t1
OG0000994		g148.t1, g149.t1
OG0000995		g151.t1, g4273.t1
OG0000996		g164.t1, g1770.t1
OG0000997		g168.t1, g238.t1
OG0000998		g1758.t1, g191.t1
OG0000999		g216.t1, g994.t1
OG0001000		g228.t1, g3498.t1
OG0001001		g2033.t1, g231.t1
OG0001002		g236.t1, g4571.t1
OG0001003		g258.t1, g5338.t1
OG0001004		g1525.t1, g263.t1
OG0001005		g316.t1, g4747.t1
OG0001006		g1432.t1, g321.t1
OG0001007		g336.t1, g338.t1
OG0001008		g337.t1, g4095.t1
OG0001009		g353.t1, g354.t1
OG0001010		g3256.t1, g358.t1
OG0001011		g3694.t1, g382.t1
OG0001012		g1561.t1, g392.t1
OG0001013		g405.t1, g837.t1
OG0001014		g1789.t1, g414.t1
OG0001015		g448.t1, g4962.t1
OG0001016		g3326.t1, g464.t1
OG0001017		g468.t1, g846.t1
OG0001018		g1020.t1, g491.t1
OG0001019		g504.t1, g505.t1
OG0001020		g1559.t1, g534.t1
OG0001021		g4453.t1, g545.t1
OG0001022		g5358.t1, g546.t1
OG0001023		g1517.t1, g558.t1
OG0001024		g4026.t1, g567.t1
OG0001025		g4818.t1, g594.t1
OG0001026		g3147.t1, g600.t1
OG0001027		g2255.t1, g603.t1
OG0001028		g1206.t1, g608.t1
OG0001029		g621.t1, g920.t1
OG0001030		g4964.t1, g622.t1
OG0001031		g651.t1, g653.t1
OG0001032		g3158.t1, g688.t1
OG0001033		g695.t1, g696.t1
OG0001034		g1927.t1, g710.t1
OG0001035		g2495.t1, g719.t1
OG0001036		g1056.t1, g747.t1
OG0001037		g2217.t1, g751.t1
OG0001038		g1512.t1, g752.t1
OG0001039		g2250.t1, g763.t1
OG0001040		g2252.t1, g765.t1
OG0001041		g2795.t1, g776.t1
OG0001042		g4607.t1, g819.t1
OG0001043		g3385.t1, g856.t1
OG0001044		g3408.t1, g867.t1
OG0001045		g4536.t1, g869.t1
OG0001046		g2740.t1, g876.t1
OG0001047		g3200.t1, g884.t1
OG0001048		g5266.t1, g899.t1
OG0001049		g910.t1, g911.t1
OG0001050		g2194.t1, g933.t1
OG0001051		g4810.t1, g946.t1
OG0001052		g4597.t1, g949.t1
OG0001053		g3221.t1, g951.t1
OG0001054		g4172.t1, g972.t1
OG0001055		g1011.t1, g3686.t1
OG0001056		g1017.t1, g1581.t1
OG0001057		g1029.t1, g5072.t1
OG0001058		g1059.t1, g1894.t1
OG0001059		g1065.t1, g2361.t1
OG0001060		g1091.t1, g2805.t1
OG0001061		g1102.t1, g1107.t1
OG0001062		g1168.t1, g2462.t1
OG0001063		g1182.t1, g1807.t1
OG0001064		g1183.t1, g4221.t1
OG0001065		g1195.t1, g2697.t1
OG0001066		g1205.t1, g2219.t1
OG0001067		g1232.t1, g2044.t1
OG0001068		g1270.t1, g1285.t1
OG0001069		g1292.t1, g4606.t1
OG0001070		g1310.t1, g2644.t1
OG0001071		g1311.t1, g1711.t1
OG0001072		g1329.t1, g2862.t1
OG0001073		g1351.t1, g2003.t1
OG0001074		g1367.t1, g1372.t1
OG0001075		g1409.t1, g4527.t1
OG0001076		g1440.t1, g3678.t1
OG0001077		g1447.t1, g3546.t1
OG0001078		g1457.t1, g5334.t1
OG0001079		g1459.t1, g1717.t1
OG0001080		g1461.t1, g1716.t1
OG0001081		g1462.t1, g1715.t1
OG0001082		g1463.t1, g1714.t1
OG0001083		g1467.t1, g1726.t1
OG0001084		g1475.t1, g5048.t1
OG0001085		g1506.t1, g3655.t1
OG0001086		g1535.t1, g4809.t1
OG0001087		g1538.t1, g4705.t1
OG0001088		g1541.t1, g2615.t1
OG0001089		g1547.t1, g3325.t1
OG0001090		g1566.t1, g4213.t1
OG0001091		g1569.t1, g1573.t1
OG0001092		g1580.t1, g4843.t1
OG0001093		g1610.t1, g2004.t1
OG0001094		g1630.t1, g3717.t1
OG0001095		g1669.t1, g2240.t1
OG0001096		g1671.t1, g3329.t1
OG0001097		g1680.t1, g2408.t1
OG0001098		g1704.t1, g2102.t1
OG0001099		g1749.t1, g3065.t1
OG0001100		g1773.t1, g3001.t1
OG0001101		g1775.t1, g4482.t1
OG0001102		g1785.t1, g1986.t1
OG0001103		g1786.t1, g1984.t1
OG0001104		g1796.t1, g1902.t1
OG0001105		g1808.t1, g3429.t1
OG0001106		g1809.t1, g2368.t1
OG0001107		g1834.t1, g2094.t1
OG0001108		g1863.t1, g4210.t1
OG0001109		g1867.t1, g3879.t1
OG0001110		g1870.t1, g3106.t1
OG0001111		g1896.t1, g3165.t1
OG0001112		g1912.t1, g2678.t1
OG0001113		g1933.t1, g4296.t1
OG0001114		g1947.t1, g3838.t1
OG0001115		g1955.t1, g3002.t1
OG0001116		g1996.t1, g2064.t1
OG0001117		g1999.t1, g4206.t1
OG0001118		g2014.t1, g4792.t1
OG0001119		g2144.t1, g2171.t1
OG0001120		g2186.t1, g2232.t1
OG0001121		g2197.t1, g3755.t1
OG0001122		g2212.t1, g3531.t1
OG0001123		g2225.t1, g3300.t1
OG0001124		g2271.t1, g3622.t1
OG0001125		g2280.t1, g4648.t1
OG0001126		g2295.t1, g4170.t1
OG0001127		g2322.t1, g2325.t1
OG0001128		g2323.t1, g2324.t1
OG0001129		g2331.t1, g5150.t1
OG0001130		g2342.t1, g2343.t1
OG0001131		g2385.t1, g2606.t1
OG0001132		g2389.t1, g4008.t1
OG0001133		g2397.t1, g3515.t1
OG0001134		g2432.t1, g5498.t1
OG0001135		g2470.t1, g3369.t1
OG0001136		g2474.t1, g2598.t1
OG0001137		g2493.t1, g3091.t1
OG0001138		g2497.t1, g2727.t1
OG0001139		g2513.t1, g3809.t1
OG0001140		g2515.t1, g4939.t1
OG0001141		g2521.t1, g2989.t1
OG0001142		g2536.t1, g3839.t1
OG0001143		g2581.t1, g3720.t1
OG0001144		g2607.t1, g2817.t1
OG0001145		g2622.t1, g2853.t1
OG0001146		g2682.t1, g3561.t1
OG0001147		g2699.t1, g2700.t1
OG0001148		g2709.t1, g4397.t1
OG0001149		g2810.t1, g3355.t1
OG0001150		g2811.t1, g2938.t1
OG0001151		g2815.t1, g5506.t1
OG0001152		g2844.t1, g5505.t1
OG0001153		g2859.t1, g3302.t1
OG0001154		g2920.t1, g4906.t1
OG0001155		g2936.t1, g5205.t1
OG0001156		g2942.t1, g5228.t1
OG0001157		g2959.t1, g3763.t1
OG0001158		g2960.t1, g5077.t1
OG0001159		g3003.t1, g4690.t1
OG0001160		g3058.t1, g3562.t1
OG0001161		g3097.t1, g4282.t1
OG0001162		g3115.t1, g3116.t1
OG0001163		g3119.t1, g5099.t1
OG0001164		g3176.t1, g3406.t1
OG0001165		g3192.t1, g3243.t1
OG0001166		g3208.t1, g3210.t1
OG0001167		g3216.t1, g3623.t1
OG0001168		g3274.t1, g4540.t1
OG0001169		g3320.t1, g5230.t1
OG0001170		g3344.t1, g3345.t1
OG0001171		g3347.t1, g4185.t1
OG0001172		g3348.t1, g4186.t1
OG0001173		g3349.t1, g4187.t1
OG0001174		g3361.t1, g4038.t1
OG0001175		g3379.t1, g3449.t1
OG0001176		g3386.t1, g4908.t1
OG0001177		g3486.t1, g4674.t1
OG0001178		g3499.t1, g4091.t1
OG0001179		g3521.t1, g4729.t1
OG0001180		g3588.t1, g3589.t1
OG0001181		g3590.t1, g3647.t1
OG0001182		g3604.t1, g5225.t1
OG0001183		g3617.t1, g3620.t1
OG0001184		g3627.t1, g4911.t1
OG0001185		g3653.t1, g4112.t1
OG0001186		g3665.t1, g4050.t1
OG0001187		g3672.t1, g4324.t1
OG0001188		g3741.t1, g4118.t1
OG0001189		g3742.t1, g4117.t1
OG0001190		g3900.t1, g3901.t1
OG0001191		g3936.t1, g5002.t1
OG0001192		g4078.t1, g4570.t1
OG0001193		g4126.t1, g5059.t1
OG0001194		g4202.t1, g4203.t1
OG0001195		g4222.t1, g5429.t1
OG0001196		g4300.t1, g4478.t1
OG0001197		g4422.t1, g4427.t1
OG0001198		g4460.t1, g5013.t1
OG0001199		g4462.t1, g5102.t1
OG0001200		g4475.t1, g4476.t1
OG0001201		g4511.t1, g4830.t1
OG0001202		g4572.t1, g4577.t1
OG0001203		g4664.t1, g4693.t1
OG0001204		g4682.t1, g4686.t1
OG0001205		g4710.t1, g4975.t1
OG0001206		g4776.t1, g5317.t1
OG0001207		g4779.t1, g4780.t1
OG0001208		g4782.t1, g4976.t1
OG0001209		g4863.t1, g5455.t1
OG0001210		g4883.t1, g4885.t1
OG0001211		g4951.t1, g5305.t1
OG0001212		g5093.t1, g5101.t1
OG0001213		g5103.t1, g5104.t1
OG0001214		g5106.t1, g5107.t1
OG0001215		g5152.t1, g5154.t1
OG0001216		g5156.t1, g5157.t1
OG0001217		g5189.t1, g5194.t1
OG0001218		g5192.t1, g5199.t1
OG0001219		g5280.t1, g5281.t1
OG0001220		g5402.t1, g5430.t1
OG0001221		g5452.t1, g5453.t1
