Orthogroup	Mycobacterium_leprae	Mycobacterium_tuberculosis
OG0001443	g20.t1	
OG0001444	g21.t1	
OG0001445	g23.t1	
OG0001446	g26.t1	
OG0001447	g27.t1	
OG0001448	g28.t1	
OG0001449	g31.t1	
OG0001450	g32.t1	
OG0001451	g33.t1	
OG0001452	g34.t1	
OG0001453	g38.t1	
OG0001454	g45.t1	
OG0001455	g46.t1	
OG0001456	g48.t1	
OG0001457	g49.t1	
OG0001458	g52.t1	
OG0001459	g53.t1	
OG0001460	g54.t1	
OG0001461	g55.t1	
OG0001462	g56.t1	
OG0001463	g57.t1	
OG0001464	g58.t1	
OG0001465	g61.t1	
OG0001466	g63.t1	
OG0001467	g64.t1	
OG0001468	g65.t1	
OG0001469	g68.t1	
OG0001470	g69.t1	
OG0001471	g70.t1	
OG0001472	g71.t1	
OG0001473	g72.t1	
OG0001474	g73.t1	
OG0001475	g74.t1	
OG0001476	g77.t1	
OG0001477	g82.t1	
OG0001478	g86.t1	
OG0001479	g89.t1	
OG0001480	g90.t1	
OG0001481	g91.t1	
OG0001482	g92.t1	
OG0001483	g94.t1	
OG0001484	g95.t1	
OG0001485	g100.t1	
OG0001486	g102.t1	
OG0001487	g104.t1	
OG0001488	g116.t1	
OG0001489	g124.t1	
OG0001490	g129.t1	
OG0001491	g130.t1	
OG0001492	g132.t1	
OG0001493	g136.t1	
OG0001494	g138.t1	
OG0001495	g145.t1	
OG0001496	g152.t1	
OG0001497	g157.t1	
OG0001498	g158.t1	
OG0001499	g159.t1	
OG0001500	g161.t1	
OG0001501	g162.t1	
OG0001502	g165.t1	
OG0001503	g168.t1	
OG0001504	g169.t1	
OG0001505	g170.t1	
OG0001506	g171.t1	
OG0001507	g172.t1	
OG0001508	g173.t1	
OG0001509	g174.t1	
OG0001510	g175.t1	
OG0001511	g176.t1	
OG0001512	g201.t1	
OG0001513	g211.t1	
OG0001514	g213.t1	
OG0001515	g214.t1	
OG0001516	g216.t1	
OG0001517	g221.t1	
OG0001518	g222.t1	
OG0001519	g226.t1	
OG0001520	g231.t1	
OG0001521	g240.t1	
OG0001522	g241.t1	
OG0001523	g256.t1	
OG0001524	g257.t1	
OG0001525	g258.t1	
OG0001526	g264.t1	
OG0001527	g275.t1	
OG0001528	g276.t1	
OG0001529	g281.t1	
OG0001530	g296.t1	
OG0001531	g297.t1	
OG0001532	g300.t1	
OG0001533	g301.t1	
OG0001534	g309.t1	
OG0001535	g312.t1	
OG0001536	g321.t1	
OG0001537	g322.t1	
OG0001538	g324.t1	
OG0001539	g326.t1	
OG0001540	g335.t1	
OG0001541	g337.t1	
OG0001542	g338.t1	
OG0001543	g340.t1	
OG0001544	g341.t1	
OG0001545	g342.t1	
OG0001546	g349.t1	
OG0001547	g361.t1	
OG0001548	g363.t1	
OG0001549	g366.t1	
OG0001550	g369.t1	
OG0001551	g394.t1	
OG0001552	g403.t1	
OG0001553	g417.t1	
OG0001554	g418.t1	
OG0001555	g419.t1	
OG0001556	g420.t1	
OG0001557	g421.t1	
OG0001558	g426.t1	
OG0001559	g427.t1	
OG0001560	g429.t1	
OG0001561	g430.t1	
OG0001562	g433.t1	
OG0001563	g449.t1	
OG0001564	g451.t1	
OG0001565	g461.t1	
OG0001566	g462.t1	
OG0001567	g464.t1	
OG0001568	g466.t1	
OG0001569	g467.t1	
OG0001570	g470.t1	
OG0001571	g477.t1	
OG0001572	g481.t1	
OG0001573	g491.t1	
OG0001574	g492.t1	
OG0001575	g494.t1	
OG0001576	g495.t1	
OG0001577	g496.t1	
OG0001578	g510.t1	
OG0001579	g511.t1	
OG0001580	g513.t1	
OG0001581	g520.t1	
OG0001582	g521.t1	
OG0001583	g524.t1	
OG0001584	g525.t1	
OG0001585	g526.t1	
OG0001586	g528.t1	
OG0001587	g534.t1	
OG0001588	g535.t1	
OG0001589	g536.t1	
OG0001590	g541.t1	
OG0001591	g545.t1	
OG0001592	g548.t1	
OG0001593	g550.t1	
OG0001594	g551.t1	
OG0001595	g567.t1	
OG0001596	g569.t1	
OG0001597	g571.t1	
OG0001598	g572.t1	
OG0001599	g574.t1	
OG0001600	g584.t1	
OG0001601	g594.t1	
OG0001602	g612.t1	
OG0001603	g613.t1	
OG0001604	g624.t1	
OG0001605	g632.t1	
OG0001606	g633.t1	
OG0001607	g634.t1	
OG0001608	g635.t1	
OG0001609	g640.t1	
OG0001610	g641.t1	
OG0001611	g646.t1	
OG0001612	g647.t1	
OG0001613	g648.t1	
OG0001614	g650.t1	
OG0001615	g651.t1	
OG0001616	g656.t1	
OG0001617	g687.t1	
OG0001618	g691.t1	
OG0001619	g727.t1	
OG0001620	g731.t1	
OG0001621	g732.t1	
OG0001622	g733.t1	
OG0001623	g736.t1	
OG0001624	g738.t1	
OG0001625	g744.t1	
OG0001626	g747.t1	
OG0001627	g748.t1	
OG0001628	g752.t1	
OG0001629	g753.t1	
OG0001630	g755.t1	
OG0001631	g757.t1	
OG0001632	g762.t1	
OG0001633	g766.t1	
OG0001634	g776.t1	
OG0001635	g783.t1	
OG0001636	g807.t1	
OG0001637	g808.t1	
OG0001638	g838.t1	
OG0001639	g839.t1	
OG0001640	g844.t1	
OG0001641	g848.t1	
OG0001642	g852.t1	
OG0001643	g854.t1	
OG0001644	g856.t1	
OG0001645	g858.t1	
OG0001646	g859.t1	
OG0001647	g867.t1	
OG0001648	g901.t1	
OG0001649	g902.t1	
OG0001650	g903.t1	
OG0001651	g906.t1	
OG0001652	g907.t1	
OG0001653	g909.t1	
OG0001654	g919.t1	
OG0001655	g920.t1	
OG0001656	g922.t1	
OG0001657	g923.t1	
OG0001658	g925.t1	
OG0001659	g926.t1	
OG0001660	g927.t1	
OG0001661	g928.t1	
OG0001662	g929.t1	
OG0001663	g930.t1	
OG0001664	g931.t1	
OG0001665	g936.t1	
OG0001666	g942.t1	
OG0001667	g943.t1	
OG0001668	g945.t1	
OG0001669	g948.t1	
OG0001670	g950.t1	
OG0001671	g964.t1	
OG0001672	g971.t1	
OG0001673	g990.t1	
OG0001674	g1002.t1	
OG0001675	g1004.t1	
OG0001676	g1005.t1	
OG0001677	g1007.t1	
OG0001678	g1025.t1	
OG0001679	g1026.t1	
OG0001680	g1027.t1	
OG0001681	g1030.t1	
OG0001682	g1031.t1	
OG0001683	g1047.t1	
OG0001684	g1049.t1	
OG0001685	g1050.t1	
OG0001686	g1055.t1	
OG0001687	g1057.t1	
OG0001688	g1059.t1	
OG0001689	g1076.t1	
OG0001690	g1077.t1	
OG0001691	g1080.t1	
OG0001692	g1083.t1	
OG0001693	g1088.t1	
OG0001694	g1089.t1	
OG0001695	g1105.t1	
OG0001696	g1116.t1	
OG0001697	g1118.t1	
OG0001698	g1124.t1	
OG0001699	g1127.t1	
OG0001700	g1129.t1	
OG0001701	g1130.t1	
OG0001702	g1131.t1	
OG0001703	g1144.t1	
OG0001704	g1146.t1	
OG0001705	g1148.t1	
OG0001706	g1193.t1	
OG0001707	g1195.t1	
OG0001708	g1196.t1	
OG0001709	g1197.t1	
OG0001710	g1207.t1	
OG0001711	g1210.t1	
OG0001712	g1212.t1	
OG0001713	g1216.t1	
OG0001714	g1217.t1	
OG0001715	g1218.t1	
OG0001716	g1238.t1	
OG0001717	g1242.t1	
OG0001718	g1251.t1	
OG0001719	g1256.t1	
OG0001720	g1257.t1	
OG0001721	g1262.t1	
OG0001722	g1263.t1	
OG0001723	g1264.t1	
OG0001724	g1265.t1	
OG0001725	g1279.t1	
OG0001726	g1281.t1	
OG0001727	g1282.t1	
OG0001728	g1287.t1	
OG0001729	g1299.t1	
OG0001730	g1300.t1	
OG0001731	g1315.t1	
OG0001732	g1316.t1	
OG0001733	g1318.t1	
OG0001734	g1322.t1	
OG0001735	g1325.t1	
OG0001736	g1337.t1	
OG0001737	g1340.t1	
OG0001738	g1344.t1	
OG0001739	g1350.t1	
OG0001740	g1365.t1	
OG0001741	g1366.t1	
OG0001742	g1367.t1	
OG0001743	g1379.t1	
OG0001744	g1386.t1	
OG0001745	g1387.t1	
OG0001746	g1390.t1	
OG0001747	g1399.t1	
OG0001748	g1403.t1	
OG0001749	g1404.t1	
OG0001750	g1405.t1	
OG0001751	g1406.t1	
OG0001752	g1413.t1	
OG0001753	g1415.t1	
OG0001754	g1417.t1	
OG0001755	g1425.t1	
OG0001756	g1426.t1	
OG0001757	g1428.t1	
OG0001758	g1429.t1	
OG0001759	g1430.t1	
OG0001760	g1433.t1	
OG0001761	g1452.t1	
OG0001762	g1453.t1	
OG0001763	g1456.t1	
OG0001764	g1483.t1	
OG0001765	g1486.t1	
OG0001766	g1508.t1	
OG0001767	g1509.t1	
OG0001768	g1519.t1	
OG0001769	g1533.t1	
OG0001770	g1534.t1	
OG0001771	g1542.t1	
OG0001772	g1546.t1	
OG0001773	g1556.t1	
OG0001774	g1558.t1	
OG0001775	g1561.t1	
OG0001776	g1562.t1	
OG0001777	g1563.t1	
OG0001778	g1565.t1	
OG0001779	g1566.t1	
OG0001780	g1569.t1	
OG0001781	g1576.t1	
OG0001782	g1578.t1	
OG0001783	g1580.t1	
OG0001784	g1581.t1	
OG0001785	g1586.t1	
OG0001786	g1588.t1	
OG0001787	g1589.t1	
OG0001788	g1591.t1	
OG0001789	g1594.t1	
OG0001790	g1597.t1	
OG0001791	g1598.t1	
OG0001792	g1602.t1	
OG0001793	g1604.t1	
OG0001794	g1608.t1	
OG0001795	g1617.t1	
OG0001796	g1621.t1	
OG0001797	g1628.t1	
OG0001798	g1638.t1	
OG0001799	g1646.t1	
OG0001800	g1654.t1	
OG0001801	g1656.t1	
OG0001802	g1657.t1	
OG0001803	g1662.t1	
OG0001804	g1664.t1	
OG0001805	g1668.t1	
OG0001806	g1669.t1	
OG0001807	g1671.t1	
OG0001808	g1676.t1	
OG0001809	g1688.t1	
OG0001810	g1689.t1	
OG0001811	g1695.t1	
OG0001812	g1696.t1	
OG0001813	g1697.t1	
OG0001814	g1698.t1	
OG0001815	g1702.t1	
OG0001816	g1705.t1	
OG0001817	g1706.t1	
OG0001818	g1707.t1	
OG0001819	g1708.t1	
OG0001820	g1709.t1	
OG0001821	g1710.t1	
OG0001822	g1711.t1	
OG0001823	g1712.t1	
OG0001824	g1713.t1	
OG0001825	g1714.t1	
OG0001826	g1715.t1	
OG0001827	g1716.t1	
OG0001828	g1720.t1	
OG0001829	g1727.t1	
OG0001830	g1729.t1	
OG0001831	g1732.t1	
OG0001832	g1736.t1	
OG0001833	g1748.t1	
OG0001834	g1749.t1	
OG0001835	g1751.t1	
OG0001836	g1757.t1	
OG0001837	g1762.t1	
OG0001838	g1763.t1	
OG0001839	g1764.t1	
OG0001840	g1765.t1	
OG0001841	g1766.t1	
OG0001842	g1768.t1	
OG0001843	g1778.t1	
OG0001844	g1779.t1	
OG0001845	g1780.t1	
OG0001846	g1793.t1	
OG0001847	g1794.t1	
OG0001848	g1796.t1	
OG0001849	g1798.t1	
OG0001850	g1799.t1	
OG0001851	g1800.t1	
OG0001852	g1802.t1	
OG0001853	g1803.t1	
OG0001854	g1804.t1	
OG0001855	g1805.t1	
OG0001856	g1806.t1	
OG0001857	g1807.t1	
OG0001858	g1808.t1	
OG0001859	g1809.t1	
OG0001860	g1810.t1	
OG0001861	g1811.t1	
OG0001862	g1819.t1	
OG0001863	g1820.t1	
OG0001864	g1825.t1	
OG0001865	g1826.t1	
OG0001866	g1827.t1	
OG0001867	g1828.t1	
OG0001868	g1830.t1	
OG0001869	g1831.t1	
OG0001870	g1832.t1	
OG0001871	g1833.t1	
OG0001872	g1834.t1	
OG0001873	g1835.t1	
OG0001874	g1836.t1	
OG0001875	g1838.t1	
OG0001876	g1839.t1	
OG0001877	g1840.t1	
OG0001878	g1843.t1	
OG0001879	g1844.t1	
OG0001880	g1845.t1	
OG0001881	g1846.t1	
OG0001882	g1850.t1	
OG0001883	g1851.t1	
OG0001884	g1852.t1	
OG0001885	g1853.t1	
OG0001886	g1856.t1	
OG0001887	g1858.t1	
OG0001888	g1860.t1	
OG0001889	g1861.t1	
OG0001890	g1870.t1	
OG0001891	g1875.t1	
OG0001892		g8.t1
OG0001893		g22.t1
OG0001894		g27.t1
OG0001895		g28.t1
OG0001896		g30.t1
OG0001897		g32.t1
OG0001898		g33.t1
OG0001899		g36.t1
OG0001900		g38.t1
OG0001901		g45.t1
OG0001902		g47.t1
OG0001903		g49.t1
OG0001904		g51.t1
OG0001905		g54.t1
OG0001906		g56.t1
OG0001907		g57.t1
OG0001908		g58.t1
OG0001909		g59.t1
OG0001910		g61.t1
OG0001911		g64.t1
OG0001912		g69.t1
OG0001913		g74.t1
OG0001914		g77.t1
OG0001915		g78.t1
OG0001916		g79.t1
OG0001917		g84.t1
OG0001918		g87.t1
OG0001919		g89.t1
OG0001920		g90.t1
OG0001921		g97.t1
OG0001922		g103.t1
OG0001923		g104.t1
OG0001924		g106.t1
OG0001925		g108.t1
OG0001926		g111.t1
OG0001927		g112.t1
OG0001928		g114.t1
OG0001929		g116.t1
OG0001930		g120.t1
OG0001931		g121.t1
OG0001932		g122.t1
OG0001933		g126.t1
OG0001934		g127.t1
OG0001935		g129.t1
OG0001936		g132.t1
OG0001937		g136.t1
OG0001938		g137.t1
OG0001939		g140.t1
OG0001940		g141.t1
OG0001941		g142.t1
OG0001942		g153.t1
OG0001943		g155.t1
OG0001944		g157.t1
OG0001945		g158.t1
OG0001946		g164.t1
OG0001947		g180.t1
OG0001948		g181.t1
OG0001949		g182.t1
OG0001950		g185.t1
OG0001951		g186.t1
OG0001952		g187.t1
OG0001953		g189.t1
OG0001954		g190.t1
OG0001955		g192.t1
OG0001956		g194.t1
OG0001957		g197.t1
OG0001958		g199.t1
OG0001959		g201.t1
OG0001960		g202.t1
OG0001961		g204.t1
OG0001962		g206.t1
OG0001963		g208.t1
OG0001964		g209.t1
OG0001965		g210.t1
OG0001966		g211.t1
OG0001967		g212.t1
OG0001968		g213.t1
OG0001969		g214.t1
OG0001970		g217.t1
OG0001971		g219.t1
OG0001972		g220.t1
OG0001973		g227.t1
OG0001974		g228.t1
OG0001975		g232.t1
OG0001976		g235.t1
OG0001977		g237.t1
OG0001978		g238.t1
OG0001979		g239.t1
OG0001980		g240.t1
OG0001981		g242.t1
OG0001982		g243.t1
OG0001983		g249.t1
OG0001984		g252.t1
OG0001985		g253.t1
OG0001986		g256.t1
OG0001987		g262.t1
OG0001988		g264.t1
OG0001989		g265.t1
OG0001990		g266.t1
OG0001991		g267.t1
OG0001992		g268.t1
OG0001993		g274.t1
OG0001994		g275.t1
OG0001995		g285.t1
OG0001996		g292.t1
OG0001997		g295.t1
OG0001998		g298.t1
OG0001999		g299.t1
OG0002000		g306.t1
OG0002001		g307.t1
OG0002002		g308.t1
OG0002003		g310.t1
OG0002004		g312.t1
OG0002005		g314.t1
OG0002006		g315.t1
OG0002007		g316.t1
OG0002008		g317.t1
OG0002009		g318.t1
OG0002010		g321.t1
OG0002011		g324.t1
OG0002012		g327.t1
OG0002013		g330.t1
OG0002014		g331.t1
OG0002015		g335.t1
OG0002016		g337.t1
OG0002017		g338.t1
OG0002018		g341.t1
OG0002019		g345.t1
OG0002020		g346.t1
OG0002021		g348.t1
OG0002022		g356.t1
OG0002023		g362.t1
OG0002024		g363.t1
OG0002025		g364.t1
OG0002026		g366.t1
OG0002027		g370.t1
OG0002028		g371.t1
OG0002029		g372.t1
OG0002030		g375.t1
OG0002031		g377.t1
OG0002032		g378.t1
OG0002033		g379.t1
OG0002034		g385.t1
OG0002035		g390.t1
OG0002036		g391.t1
OG0002037		g393.t1
OG0002038		g396.t1
OG0002039		g403.t1
OG0002040		g411.t1
OG0002041		g413.t1
OG0002042		g415.t1
OG0002043		g416.t1
OG0002044		g419.t1
OG0002045		g422.t1
OG0002046		g423.t1
OG0002047		g429.t1
OG0002048		g436.t1
OG0002049		g438.t1
OG0002050		g439.t1
OG0002051		g441.t1
OG0002052		g443.t1
OG0002053		g444.t1
OG0002054		g449.t1
OG0002055		g450.t1
OG0002056		g454.t1
OG0002057		g455.t1
OG0002058		g456.t1
OG0002059		g458.t1
OG0002060		g466.t1
OG0002061		g468.t1
OG0002062		g470.t1
OG0002063		g471.t1
OG0002064		g472.t1
OG0002065		g473.t1
OG0002066		g474.t1
OG0002067		g475.t1
OG0002068		g476.t1
OG0002069		g477.t1
OG0002070		g480.t1
OG0002071		g482.t1
OG0002072		g488.t1
OG0002073		g489.t1
OG0002074		g491.t1
OG0002075		g493.t1
OG0002076		g494.t1
OG0002077		g495.t1
OG0002078		g496.t1
OG0002079		g497.t1
OG0002080		g504.t1
OG0002081		g505.t1
OG0002082		g506.t1
OG0002083		g508.t1
OG0002084		g509.t1
OG0002085		g510.t1
OG0002086		g514.t1
OG0002087		g515.t1
OG0002088		g524.t1
OG0002089		g525.t1
OG0002090		g527.t1
OG0002091		g529.t1
OG0002092		g532.t1
OG0002093		g533.t1
OG0002094		g535.t1
OG0002095		g536.t1
OG0002096		g545.t1
OG0002097		g562.t1
OG0002098		g567.t1
OG0002099		g568.t1
OG0002100		g570.t1
OG0002101		g575.t1
OG0002102		g576.t1
OG0002103		g577.t1
OG0002104		g579.t1
OG0002105		g601.t1
OG0002106		g604.t1
OG0002107		g605.t1
OG0002108		g606.t1
OG0002109		g607.t1
OG0002110		g610.t1
OG0002111		g613.t1
OG0002112		g615.t1
OG0002113		g616.t1
OG0002114		g625.t1
OG0002115		g627.t1
OG0002116		g642.t1
OG0002117		g643.t1
OG0002118		g644.t1
OG0002119		g651.t1
OG0002120		g652.t1
OG0002121		g659.t1
OG0002122		g664.t1
OG0002123		g668.t1
OG0002124		g676.t1
OG0002125		g679.t1
OG0002126		g680.t1
OG0002127		g682.t1
OG0002128		g685.t1
OG0002129		g691.t1
OG0002130		g694.t1
OG0002131		g700.t1
OG0002132		g710.t1
OG0002133		g715.t1
OG0002134		g724.t1
OG0002135		g730.t1
OG0002136		g731.t1
OG0002137		g735.t1
OG0002138		g743.t1
OG0002139		g750.t1
OG0002140		g759.t1
OG0002141		g764.t1
OG0002142		g769.t1
OG0002143		g773.t1
OG0002144		g775.t1
OG0002145		g776.t1
OG0002146		g779.t1
OG0002147		g788.t1
OG0002148		g789.t1
OG0002149		g791.t1
OG0002150		g792.t1
OG0002151		g795.t1
OG0002152		g802.t1
OG0002153		g822.t1
OG0002154		g826.t1
OG0002155		g827.t1
OG0002156		g828.t1
OG0002157		g829.t1
OG0002158		g836.t1
OG0002159		g837.t1
OG0002160		g839.t1
OG0002161		g852.t1
OG0002162		g858.t1
OG0002163		g870.t1
OG0002164		g875.t1
OG0002165		g876.t1
OG0002166		g886.t1
OG0002167		g887.t1
OG0002168		g888.t1
OG0002169		g889.t1
OG0002170		g901.t1
OG0002171		g905.t1
OG0002172		g906.t1
OG0002173		g907.t1
OG0002174		g908.t1
OG0002175		g914.t1
OG0002176		g926.t1
OG0002177		g947.t1
OG0002178		g949.t1
OG0002179		g950.t1
OG0002180		g955.t1
OG0002181		g957.t1
OG0002182		g966.t1
OG0002183		g972.t1
OG0002184		g974.t1
OG0002185		g975.t1
OG0002186		g978.t1
OG0002187		g984.t1
OG0002188		g987.t1
OG0002189		g989.t1
OG0002190		g992.t1
OG0002191		g994.t1
OG0002192		g1008.t1
OG0002193		g1016.t1
OG0002194		g1017.t1
OG0002195		g1019.t1
OG0002196		g1029.t1
OG0002197		g1033.t1
OG0002198		g1034.t1
OG0002199		g1036.t1
OG0002200		g1037.t1
OG0002201		g1040.t1
OG0002202		g1041.t1
OG0002203		g1046.t1
OG0002204		g1048.t1
OG0002205		g1050.t1
OG0002206		g1051.t1
OG0002207		g1052.t1
OG0002208		g1055.t1
OG0002209		g1058.t1
OG0002210		g1061.t1
OG0002211		g1066.t1
OG0002212		g1067.t1
OG0002213		g1069.t1
OG0002214		g1070.t1
OG0002215		g1071.t1
OG0002216		g1075.t1
OG0002217		g1076.t1
OG0002218		g1077.t1
OG0002219		g1084.t1
OG0002220		g1088.t1
OG0002221		g1090.t1
OG0002222		g1100.t1
OG0002223		g1102.t1
OG0002224		g1103.t1
OG0002225		g1104.t1
OG0002226		g1115.t1
OG0002227		g1119.t1
OG0002228		g1132.t1
OG0002229		g1133.t1
OG0002230		g1138.t1
OG0002231		g1140.t1
OG0002232		g1142.t1
OG0002233		g1148.t1
OG0002234		g1163.t1
OG0002235		g1165.t1
OG0002236		g1177.t1
OG0002237		g1181.t1
OG0002238		g1192.t1
OG0002239		g1205.t1
OG0002240		g1213.t1
OG0002241		g1216.t1
OG0002242		g1220.t1
OG0002243		g1223.t1
OG0002244		g1238.t1
OG0002245		g1253.t1
OG0002246		g1256.t1
OG0002247		g1272.t1
OG0002248		g1275.t1
OG0002249		g1277.t1
OG0002250		g1278.t1
OG0002251		g1301.t1
OG0002252		g1305.t1
OG0002253		g1310.t1
OG0002254		g1312.t1
OG0002255		g1319.t1
OG0002256		g1324.t1
OG0002257		g1325.t1
OG0002258		g1333.t1
OG0002259		g1336.t1
OG0002260		g1341.t1
OG0002261		g1348.t1
OG0002262		g1353.t1
OG0002263		g1355.t1
OG0002264		g1356.t1
OG0002265		g1361.t1
OG0002266		g1363.t1
OG0002267		g1364.t1
OG0002268		g1365.t1
OG0002269		g1366.t1
OG0002270		g1367.t1
OG0002271		g1372.t1
OG0002272		g1391.t1
OG0002273		g1403.t1
OG0002274		g1404.t1
OG0002275		g1408.t1
OG0002276		g1409.t1
OG0002277		g1414.t1
OG0002278		g1424.t1
OG0002279		g1429.t1
OG0002280		g1433.t1
OG0002281		g1434.t1
OG0002282		g1445.t1
OG0002283		g1464.t1
OG0002284		g1480.t1
OG0002285		g1482.t1
OG0002286		g1486.t1
OG0002287		g1491.t1
OG0002288		g1492.t1
OG0002289		g1493.t1
OG0002290		g1494.t1
OG0002291		g1495.t1
OG0002292		g1497.t1
OG0002293		g1499.t1
OG0002294		g1500.t1
OG0002295		g1501.t1
OG0002296		g1502.t1
OG0002297		g1507.t1
OG0002298		g1516.t1
OG0002299		g1522.t1
OG0002300		g1525.t1
OG0002301		g1531.t1
OG0002302		g1532.t1
OG0002303		g1541.t1
OG0002304		g1544.t1
OG0002305		g1545.t1
OG0002306		g1557.t1
OG0002307		g1562.t1
OG0002308		g1566.t1
OG0002309		g1567.t1
OG0002310		g1568.t1
OG0002311		g1569.t1
OG0002312		g1570.t1
OG0002313		g1571.t1
OG0002314		g1572.t1
OG0002315		g1603.t1
OG0002316		g1608.t1
OG0002317		g1612.t1
OG0002318		g1623.t1
OG0002319		g1624.t1
OG0002320		g1627.t1
OG0002321		g1655.t1
OG0002322		g1656.t1
OG0002323		g1660.t1
OG0002324		g1662.t1
OG0002325		g1664.t1
OG0002326		g1666.t1
OG0002327		g1669.t1
OG0002328		g1671.t1
OG0002329		g1674.t1
OG0002330		g1700.t1
OG0002331		g1701.t1
OG0002332		g1704.t1
OG0002333		g1705.t1
OG0002334		g1707.t1
OG0002335		g1716.t1
OG0002336		g1717.t1
OG0002337		g1718.t1
OG0002338		g1724.t1
OG0002339		g1726.t1
OG0002340		g1727.t1
OG0002341		g1730.t1
OG0002342		g1731.t1
OG0002343		g1735.t1
OG0002344		g1742.t1
OG0002345		g1743.t1
OG0002346		g1748.t1
OG0002347		g1751.t1
OG0002348		g1755.t1
OG0002349		g1758.t1
OG0002350		g1759.t1
OG0002351		g1761.t1
OG0002352		g1780.t1
OG0002353		g1792.t1
OG0002354		g1794.t1
OG0002355		g1795.t1
OG0002356		g1810.t1
OG0002357		g1819.t1
OG0002358		g1827.t1
OG0002359		g1828.t1
OG0002360		g1829.t1
OG0002361		g1830.t1
OG0002362		g1831.t1
OG0002363		g1832.t1
OG0002364		g1833.t1
OG0002365		g1844.t1
OG0002366		g1853.t1
OG0002367		g1854.t1
OG0002368		g1859.t1
OG0002369		g1861.t1
OG0002370		g1865.t1
OG0002371		g1867.t1
OG0002372		g1868.t1
OG0002373		g1870.t1
OG0002374		g1872.t1
OG0002375		g1875.t1
OG0002376		g1877.t1
OG0002377		g1878.t1
OG0002378		g1879.t1
OG0002379		g1887.t1
OG0002380		g1889.t1
OG0002381		g1894.t1
OG0002382		g1899.t1
OG0002383		g1901.t1
OG0002384		g1906.t1
OG0002385		g1907.t1
OG0002386		g1910.t1
OG0002387		g1923.t1
OG0002388		g1924.t1
OG0002389		g1925.t1
OG0002390		g1929.t1
OG0002391		g1930.t1
OG0002392		g1931.t1
OG0002393		g1933.t1
OG0002394		g1934.t1
OG0002395		g1935.t1
OG0002396		g1936.t1
OG0002397		g1937.t1
OG0002398		g1949.t1
OG0002399		g1950.t1
OG0002400		g1958.t1
OG0002401		g1963.t1
OG0002402		g1964.t1
OG0002403		g1969.t1
OG0002404		g1970.t1
OG0002405		g1973.t1
OG0002406		g1975.t1
OG0002407		g1978.t1
OG0002408		g1979.t1
OG0002409		g1982.t1
OG0002410		g1986.t1
OG0002411		g1987.t1
OG0002412		g1991.t1
OG0002413		g1994.t1
OG0002414		g1995.t1
OG0002415		g1998.t1
OG0002416		g2000.t1
OG0002417		g2004.t1
OG0002418		g2008.t1
OG0002419		g2010.t1
OG0002420		g2011.t1
OG0002421		g2019.t1
OG0002422		g2021.t1
OG0002423		g2024.t1
OG0002424		g2032.t1
OG0002425		g2033.t1
OG0002426		g2034.t1
OG0002427		g2036.t1
OG0002428		g2039.t1
OG0002429		g2041.t1
OG0002430		g2043.t1
OG0002431		g2045.t1
OG0002432		g2046.t1
OG0002433		g2049.t1
OG0002434		g2051.t1
OG0002435		g2052.t1
OG0002436		g2053.t1
OG0002437		g2054.t1
OG0002438		g2056.t1
OG0002439		g2057.t1
OG0002440		g2069.t1
OG0002441		g2071.t1
OG0002442		g2072.t1
OG0002443		g2074.t1
OG0002444		g2084.t1
OG0002445		g2090.t1
OG0002446		g2096.t1
OG0002447		g2102.t1
OG0002448		g2109.t1
OG0002449		g2113.t1
OG0002450		g2131.t1
OG0002451		g2144.t1
OG0002452		g2152.t1
OG0002453		g2160.t1
OG0002454		g2162.t1
OG0002455		g2164.t1
OG0002456		g2169.t1
OG0002457		g2181.t1
OG0002458		g2182.t1
OG0002459		g2193.t1
OG0002460		g2200.t1
OG0002461		g2201.t1
OG0002462		g2206.t1
OG0002463		g2209.t1
OG0002464		g2213.t1
OG0002465		g2224.t1
OG0002466		g2227.t1
OG0002467		g2228.t1
OG0002468		g2234.t1
OG0002469		g2235.t1
OG0002470		g2238.t1
OG0002471		g2242.t1
OG0002472		g2244.t1
OG0002473		g2245.t1
OG0002474		g2253.t1
OG0002475		g2259.t1
OG0002476		g2261.t1
OG0002477		g2262.t1
OG0002478		g2264.t1
OG0002479		g2266.t1
OG0002480		g2273.t1
OG0002481		g2274.t1
OG0002482		g2275.t1
OG0002483		g2277.t1
OG0002484		g2280.t1
OG0002485		g2281.t1
OG0002486		g2282.t1
OG0002487		g2285.t1
OG0002488		g2293.t1
OG0002489		g2297.t1
OG0002490		g2300.t1
OG0002491		g2304.t1
OG0002492		g2305.t1
OG0002493		g2306.t1
OG0002494		g2314.t1
OG0002495		g2317.t1
OG0002496		g2329.t1
OG0002497		g2343.t1
OG0002498		g2345.t1
OG0002499		g2346.t1
OG0002500		g2355.t1
OG0002501		g2357.t1
OG0002502		g2364.t1
OG0002503		g2365.t1
OG0002504		g2371.t1
OG0002505		g2375.t1
OG0002506		g2383.t1
OG0002507		g2384.t1
OG0002508		g2385.t1
OG0002509		g2391.t1
OG0002510		g2392.t1
OG0002511		g2401.t1
OG0002512		g2402.t1
OG0002513		g2404.t1
OG0002514		g2405.t1
OG0002515		g2412.t1
OG0002516		g2439.t1
OG0002517		g2440.t1
OG0002518		g2446.t1
OG0002519		g2456.t1
OG0002520		g2457.t1
OG0002521		g2461.t1
OG0002522		g2464.t1
OG0002523		g2468.t1
OG0002524		g2478.t1
OG0002525		g2479.t1
OG0002526		g2480.t1
OG0002527		g2482.t1
OG0002528		g2491.t1
OG0002529		g2492.t1
OG0002530		g2493.t1
OG0002531		g2496.t1
OG0002532		g2505.t1
OG0002533		g2507.t1
OG0002534		g2513.t1
OG0002535		g2514.t1
OG0002536		g2515.t1
OG0002537		g2520.t1
OG0002538		g2524.t1
OG0002539		g2525.t1
OG0002540		g2533.t1
OG0002541		g2534.t1
OG0002542		g2537.t1
OG0002543		g2539.t1
OG0002544		g2541.t1
OG0002545		g2560.t1
OG0002546		g2561.t1
OG0002547		g2562.t1
OG0002548		g2564.t1
OG0002549		g2580.t1
OG0002550		g2581.t1
OG0002551		g2583.t1
OG0002552		g2584.t1
OG0002553		g2589.t1
OG0002554		g2592.t1
OG0002555		g2593.t1
OG0002556		g2594.t1
OG0002557		g2595.t1
OG0002558		g2597.t1
OG0002559		g2599.t1
OG0002560		g2601.t1
OG0002561		g2602.t1
OG0002562		g2604.t1
OG0002563		g2606.t1
OG0002564		g2607.t1
OG0002565		g2608.t1
OG0002566		g2610.t1
OG0002567		g2616.t1
OG0002568		g2617.t1
OG0002569		g2618.t1
OG0002570		g2619.t1
OG0002571		g2621.t1
OG0002572		g2622.t1
OG0002573		g2626.t1
OG0002574		g2627.t1
OG0002575		g2632.t1
OG0002576		g2644.t1
OG0002577		g2645.t1
OG0002578		g2647.t1
OG0002579		g2648.t1
OG0002580		g2651.t1
OG0002581		g2652.t1
OG0002582		g2662.t1
OG0002583		g2663.t1
OG0002584		g2666.t1
OG0002585		g2669.t1
OG0002586		g2673.t1
OG0002587		g2675.t1
OG0002588		g2679.t1
OG0002589		g2685.t1
OG0002590		g2689.t1
OG0002591		g2695.t1
OG0002592		g2696.t1
OG0002593		g2714.t1
OG0002594		g2715.t1
OG0002595		g2726.t1
OG0002596		g2728.t1
OG0002597		g2729.t1
OG0002598		g2735.t1
OG0002599		g2753.t1
OG0002600		g2754.t1
OG0002601		g2755.t1
OG0002602		g2756.t1
OG0002603		g2758.t1
OG0002604		g2760.t1
OG0002605		g2761.t1
OG0002606		g2762.t1
OG0002607		g2763.t1
OG0002608		g2766.t1
OG0002609		g2767.t1
OG0002610		g2768.t1
OG0002611		g2769.t1
OG0002612		g2770.t1
OG0002613		g2771.t1
OG0002614		g2772.t1
OG0002615		g2773.t1
OG0002616		g2775.t1
OG0002617		g2776.t1
OG0002618		g2778.t1
OG0002619		g2779.t1
OG0002620		g2785.t1
OG0002621		g2786.t1
OG0002622		g2791.t1
OG0002623		g2798.t1
OG0002624		g2800.t1
OG0002625		g2805.t1
OG0002626		g2806.t1
OG0002627		g2829.t1
OG0002628		g2830.t1
OG0002629		g2845.t1
OG0002630		g2847.t1
OG0002631		g2848.t1
OG0002632		g2862.t1
OG0002633		g2868.t1
OG0002634		g2872.t1
OG0002635		g2873.t1
OG0002636		g2875.t1
OG0002637		g2894.t1
OG0002638		g2904.t1
OG0002639		g2909.t1
OG0002640		g2911.t1
OG0002641		g2913.t1
OG0002642		g2921.t1
OG0002643		g2924.t1
OG0002644		g2939.t1
OG0002645		g2946.t1
OG0002646		g2957.t1
OG0002647		g2967.t1
OG0002648		g2971.t1
OG0002649		g2975.t1
OG0002650		g2976.t1
OG0002651		g2982.t1
OG0002652		g2983.t1
OG0002653		g2987.t1
OG0002654		g2996.t1
OG0002655		g2997.t1
OG0002656		g3002.t1
OG0002657		g3013.t1
OG0002658		g3014.t1
OG0002659		g3019.t1
OG0002660		g3020.t1
OG0002661		g3021.t1
OG0002662		g3023.t1
OG0002663		g3026.t1
OG0002664		g3027.t1
OG0002665		g3028.t1
OG0002666		g3031.t1
OG0002667		g3040.t1
OG0002668		g3041.t1
OG0002669		g3043.t1
OG0002670		g3047.t1
OG0002671		g3049.t1
OG0002672		g3050.t1
OG0002673		g3055.t1
OG0002674		g3060.t1
OG0002675		g3061.t1
OG0002676		g3065.t1
OG0002677		g3066.t1
OG0002678		g3074.t1
OG0002679		g3080.t1
OG0002680		g3090.t1
OG0002681		g3094.t1
OG0002682		g3095.t1
OG0002683		g3097.t1
OG0002684		g3098.t1
OG0002685		g3102.t1
OG0002686		g3103.t1
OG0002687		g3104.t1
OG0002688		g3107.t1
OG0002689		g3108.t1
OG0002690		g3115.t1
OG0002691		g3118.t1
OG0002692		g3121.t1
OG0002693		g3122.t1
OG0002694		g3123.t1
OG0002695		g3125.t1
OG0002696		g3129.t1
OG0002697		g3132.t1
OG0002698		g3141.t1
OG0002699		g3142.t1
OG0002700		g3143.t1
OG0002701		g3149.t1
OG0002702		g3151.t1
OG0002703		g3153.t1
OG0002704		g3154.t1
OG0002705		g3158.t1
OG0002706		g3160.t1
OG0002707		g3164.t1
OG0002708		g3165.t1
OG0002709		g3167.t1
OG0002710		g3175.t1
OG0002711		g3177.t1
OG0002712		g3181.t1
OG0002713		g3185.t1
OG0002714		g3191.t1
OG0002715		g3192.t1
OG0002716		g3195.t1
OG0002717		g3198.t1
OG0002718		g3203.t1
OG0002719		g3210.t1
OG0002720		g3211.t1
OG0002721		g3230.t1
OG0002722		g3236.t1
OG0002723		g3242.t1
OG0002724		g3246.t1
OG0002725		g3247.t1
OG0002726		g3254.t1
OG0002727		g3265.t1
OG0002728		g3269.t1
OG0002729		g3272.t1
OG0002730		g3274.t1
OG0002731		g3275.t1
OG0002732		g3287.t1
OG0002733		g3291.t1
OG0002734		g3292.t1
OG0002735		g3302.t1
OG0002736		g3304.t1
OG0002737		g3306.t1
OG0002738		g3307.t1
OG0002739		g3317.t1
OG0002740		g3318.t1
OG0002741		g3319.t1
OG0002742		g3324.t1
OG0002743		g3329.t1
OG0002744		g3332.t1
OG0002745		g3334.t1
OG0002746		g3348.t1
OG0002747		g3350.t1
OG0002748		g3351.t1
OG0002749		g3353.t1
OG0002750		g3359.t1
OG0002751		g3360.t1
OG0002752		g3363.t1
OG0002753		g3369.t1
OG0002754		g3376.t1
OG0002755		g3380.t1
OG0002756		g3382.t1
OG0002757		g3385.t1
OG0002758		g3392.t1
OG0002759		g3396.t1
OG0002760		g3397.t1
OG0002761		g3398.t1
OG0002762		g3405.t1
OG0002763		g3406.t1
OG0002764		g3412.t1
OG0002765		g3420.t1
OG0002766		g3421.t1
OG0002767		g3428.t1
OG0002768		g3435.t1
OG0002769		g3441.t1
OG0002770		g3451.t1
OG0002771		g3460.t1
OG0002772		g3461.t1
OG0002773		g3462.t1
OG0002774		g3469.t1
OG0002775		g3471.t1
OG0002776		g3477.t1
OG0002777		g3478.t1
OG0002778		g3481.t1
OG0002779		g3485.t1
OG0002780		g3486.t1
OG0002781		g3491.t1
OG0002782		g3492.t1
OG0002783		g3502.t1
OG0002784		g3516.t1
OG0002785		g3518.t1
OG0002786		g3522.t1
OG0002787		g3525.t1
OG0002788		g3527.t1
OG0002789		g3535.t1
OG0002790		g3536.t1
OG0002791		g3544.t1
OG0002792		g3561.t1
