Orthogroup	Neisseria_gonorrhoeae	Pseudomonas_aeruginosa
OG0000701	g7.t1	
OG0000702		g2.t1
OG0000703		g3.t1
OG0000704		g6.t1
OG0000705		g8.t1
OG0000706		g9.t1
OG0000707		g12.t1
OG0000708		g13.t1
OG0000709		g14.t1
OG0000710		g15.t1
OG0000711		g16.t1
OG0000712		g17.t1
OG0000713		g20.t1
OG0000714		g21.t1
OG0000715		g24.t1
OG0000716		g26.t1
OG0000717		g27.t1
OG0000718		g28.t1
OG0000719		g33.t1
OG0000720		g36.t1
OG0000721		g39.t1
OG0000722		g44.t1
OG0000723		g45.t1
OG0000724		g47.t1
OG0000725		g48.t1
OG0000726		g49.t1
OG0000727		g50.t1
OG0000728		g51.t1
OG0000729		g55.t1
OG0000730		g56.t1
OG0000731		g57.t1
OG0000732		g58.t1
OG0000733		g59.t1
OG0000734		g60.t1
OG0000735		g62.t1
OG0000736		g68.t1
OG0000737		g69.t1
OG0000738		g72.t1
OG0000739		g73.t1
OG0000740		g74.t1
OG0000741		g75.t1
OG0000742		g76.t1
OG0000743		g81.t1
OG0000744		g91.t1
OG0000745		g92.t1
OG0000746		g97.t1
OG0000747		g98.t1
OG0000748		g99.t1
OG0000749		g102.t1
OG0000750		g103.t1
OG0000751		g104.t1
OG0000752		g105.t1
OG0000753		g106.t1
OG0000754		g109.t1
OG0000755		g112.t1
OG0000756		g114.t1
OG0000757		g115.t1
OG0000758		g116.t1
OG0000759		g117.t1
OG0000760		g119.t1
OG0000761		g123.t1
OG0000762		g127.t1
OG0000763		g129.t1
OG0000764		g130.t1
OG0000765		g131.t1
OG0000766		g132.t1
OG0000767		g133.t1
OG0000768		g136.t1
OG0000769		g141.t1
OG0000770		g142.t1
OG0000771		g147.t1
OG0000772		g150.t1
OG0000773		g152.t1
OG0000774		g171.t1
OG0000775		g173.t1
OG0000776		g174.t1
OG0000777		g177.t1
OG0000778		g193.t1
OG0000779		g198.t1
OG0000780		g199.t1
OG0000781		g200.t1
OG0000782		g201.t1
OG0000783		g204.t1
OG0000784		g205.t1
OG0000785		g212.t1
OG0000786		g213.t1
OG0000787		g214.t1
OG0000788		g217.t1
OG0000789		g219.t1
OG0000790		g220.t1
OG0000791		g230.t1
OG0000792		g255.t1
OG0000793		g256.t1
OG0000794		g259.t1
OG0000795		g260.t1
OG0000796		g262.t1
OG0000797		g264.t1
OG0000798		g265.t1
OG0000799		g272.t1
OG0000800		g273.t1
OG0000801		g277.t1
OG0000802		g279.t1
OG0000803		g281.t1
OG0000804		g282.t1
OG0000805		g287.t1
OG0000806		g289.t1
OG0000807		g295.t1
OG0000808		g310.t1
OG0000809		g311.t1
OG0000810		g313.t1
OG0000811		g314.t1
OG0000812		g319.t1
OG0000813		g324.t1
OG0000814		g333.t1
OG0000815		g334.t1
OG0000816		g339.t1
OG0000817		g344.t1
OG0000818		g346.t1
OG0000819		g347.t1
OG0000820		g348.t1
OG0000821		g349.t1
OG0000822		g350.t1
OG0000823		g351.t1
OG0000824		g355.t1
OG0000825		g356.t1
OG0000826		g362.t1
OG0000827		g363.t1
OG0000828		g364.t1
OG0000829		g367.t1
OG0000830		g368.t1
OG0000831		g370.t1
OG0000832		g374.t1
OG0000833		g375.t1
OG0000834		g381.t1
OG0000835		g383.t1
OG0000836		g385.t1
OG0000837		g386.t1
OG0000838		g387.t1
OG0000839		g388.t1
OG0000840		g390.t1
OG0000841		g391.t1
OG0000842		g393.t1
OG0000843		g394.t1
OG0000844		g395.t1
OG0000845		g396.t1
OG0000846		g397.t1
OG0000847		g398.t1
OG0000848		g399.t1
OG0000849		g400.t1
OG0000850		g401.t1
OG0000851		g410.t1
OG0000852		g411.t1
OG0000853		g412.t1
OG0000854		g413.t1
OG0000855		g422.t1
OG0000856		g425.t1
OG0000857		g430.t1
OG0000858		g436.t1
OG0000859		g437.t1
OG0000860		g439.t1
OG0000861		g440.t1
OG0000862		g442.t1
OG0000863		g444.t1
OG0000864		g445.t1
OG0000865		g457.t1
OG0000866		g467.t1
OG0000867		g472.t1
OG0000868		g473.t1
OG0000869		g475.t1
OG0000870		g476.t1
OG0000871		g488.t1
OG0000872		g489.t1
OG0000873		g493.t1
OG0000874		g494.t1
OG0000875		g495.t1
OG0000876		g496.t1
OG0000877		g497.t1
OG0000878		g507.t1
OG0000879		g508.t1
OG0000880		g509.t1
OG0000881		g511.t1
OG0000882		g512.t1
OG0000883		g525.t1
OG0000884		g529.t1
OG0000885		g530.t1
OG0000886		g532.t1
OG0000887		g533.t1
OG0000888		g537.t1
OG0000889		g540.t1
OG0000890		g547.t1
OG0000891		g548.t1
OG0000892		g549.t1
OG0000893		g551.t1
OG0000894		g552.t1
OG0000895		g554.t1
OG0000896		g556.t1
OG0000897		g557.t1
OG0000898		g560.t1
OG0000899		g561.t1
OG0000900		g562.t1
OG0000901		g563.t1
OG0000902		g564.t1
OG0000903		g565.t1
OG0000904		g568.t1
OG0000905		g569.t1
OG0000906		g573.t1
OG0000907		g574.t1
OG0000908		g575.t1
OG0000909		g576.t1
OG0000910		g577.t1
OG0000911		g578.t1
OG0000912		g579.t1
OG0000913		g580.t1
OG0000914		g581.t1
OG0000915		g582.t1
OG0000916		g583.t1
OG0000917		g584.t1
OG0000918		g587.t1
OG0000919		g588.t1
OG0000920		g589.t1
OG0000921		g591.t1
OG0000922		g595.t1
OG0000923		g596.t1
OG0000924		g597.t1
OG0000925		g598.t1
OG0000926		g601.t1
OG0000927		g602.t1
OG0000928		g605.t1
OG0000929		g606.t1
OG0000930		g609.t1
OG0000931		g617.t1
OG0000932		g620.t1
OG0000933		g623.t1
OG0000934		g624.t1
OG0000935		g625.t1
OG0000936		g626.t1
OG0000937		g627.t1
OG0000938		g628.t1
OG0000939		g629.t1
OG0000940		g630.t1
OG0000941		g631.t1
OG0000942		g632.t1
OG0000943		g633.t1
OG0000944		g634.t1
OG0000945		g635.t1
OG0000946		g636.t1
OG0000947		g637.t1
OG0000948		g638.t1
OG0000949		g639.t1
OG0000950		g640.t1
OG0000951		g641.t1
OG0000952		g642.t1
OG0000953		g643.t1
OG0000954		g644.t1
OG0000955		g645.t1
OG0000956		g646.t1
OG0000957		g647.t1
OG0000958		g648.t1
OG0000959		g649.t1
OG0000960		g650.t1
OG0000961		g652.t1
OG0000962		g654.t1
OG0000963		g657.t1
OG0000964		g660.t1
OG0000965		g661.t1
OG0000966		g667.t1
OG0000967		g668.t1
OG0000968		g669.t1
OG0000969		g670.t1
OG0000970		g672.t1
OG0000971		g676.t1
OG0000972		g677.t1
OG0000973		g678.t1
OG0000974		g679.t1
OG0000975		g684.t1
OG0000976		g685.t1
OG0000977		g689.t1
OG0000978		g690.t1
OG0000979		g691.t1
OG0000980		g698.t1
OG0000981		g703.t1
OG0000982		g704.t1
OG0000983		g705.t1
OG0000984		g707.t1
OG0000985		g715.t1
OG0000986		g720.t1
OG0000987		g722.t1
OG0000988		g723.t1
OG0000989		g724.t1
OG0000990		g725.t1
OG0000991		g726.t1
OG0000992		g727.t1
OG0000993		g728.t1
OG0000994		g729.t1
OG0000995		g730.t1
OG0000996		g731.t1
OG0000997		g732.t1
OG0000998		g733.t1
OG0000999		g734.t1
OG0001000		g736.t1
OG0001001		g737.t1
OG0001002		g739.t1
OG0001003		g740.t1
OG0001004		g742.t1
OG0001005		g743.t1
OG0001006		g744.t1
OG0001007		g745.t1
OG0001008		g746.t1
OG0001009		g748.t1
OG0001010		g750.t1
OG0001011		g758.t1
OG0001012		g760.t1
OG0001013		g761.t1
OG0001014		g762.t1
OG0001015		g764.t1
OG0001016		g770.t1
OG0001017		g771.t1
OG0001018		g772.t1
OG0001019		g775.t1
OG0001020		g777.t1
OG0001021		g781.t1
OG0001022		g782.t1
OG0001023		g784.t1
OG0001024		g785.t1
OG0001025		g787.t1
OG0001026		g788.t1
OG0001027		g790.t1
OG0001028		g799.t1
OG0001029		g800.t1
OG0001030		g804.t1
OG0001031		g805.t1
OG0001032		g811.t1
OG0001033		g812.t1
OG0001034		g814.t1
OG0001035		g815.t1
OG0001036		g817.t1
OG0001037		g818.t1
OG0001038		g820.t1
OG0001039		g824.t1
OG0001040		g829.t1
OG0001041		g830.t1
OG0001042		g832.t1
OG0001043		g833.t1
OG0001044		g834.t1
OG0001045		g835.t1
OG0001046		g838.t1
OG0001047		g839.t1
OG0001048		g847.t1
OG0001049		g848.t1
OG0001050		g853.t1
OG0001051		g855.t1
OG0001052		g857.t1
OG0001053		g858.t1
OG0001054		g862.t1
OG0001055		g864.t1
OG0001056		g868.t1
OG0001057		g874.t1
OG0001058		g878.t1
OG0001059		g881.t1
OG0001060		g885.t1
OG0001061		g886.t1
OG0001062		g892.t1
OG0001063		g895.t1
OG0001064		g897.t1
OG0001065		g905.t1
OG0001066		g908.t1
OG0001067		g913.t1
OG0001068		g914.t1
OG0001069		g915.t1
OG0001070		g916.t1
OG0001071		g919.t1
OG0001072		g921.t1
OG0001073		g922.t1
OG0001074		g923.t1
OG0001075		g924.t1
OG0001076		g925.t1
OG0001077		g926.t1
OG0001078		g927.t1
OG0001079		g928.t1
OG0001080		g930.t1
OG0001081		g932.t1
OG0001082		g934.t1
OG0001083		g935.t1
OG0001084		g936.t1
OG0001085		g938.t1
OG0001086		g939.t1
OG0001087		g948.t1
OG0001088		g950.t1
OG0001089		g952.t1
OG0001090		g953.t1
OG0001091		g954.t1
OG0001092		g955.t1
OG0001093		g957.t1
OG0001094		g959.t1
OG0001095		g960.t1
OG0001096		g962.t1
OG0001097		g963.t1
OG0001098		g964.t1
OG0001099		g966.t1
OG0001100		g967.t1
OG0001101		g969.t1
OG0001102		g970.t1
OG0001103		g974.t1
OG0001104		g975.t1
OG0001105		g977.t1
OG0001106		g979.t1
OG0001107		g980.t1
OG0001108		g981.t1
OG0001109		g986.t1
OG0001110		g987.t1
OG0001111		g989.t1
OG0001112		g990.t1
OG0001113		g991.t1
OG0001114		g1008.t1
OG0001115		g1015.t1
OG0001116		g1022.t1
OG0001117		g1023.t1
OG0001118		g1024.t1
OG0001119		g1027.t1
OG0001120		g1039.t1
OG0001121		g1040.t1
OG0001122		g1043.t1
OG0001123		g1044.t1
OG0001124		g1045.t1
OG0001125		g1049.t1
OG0001126		g1051.t1
OG0001127		g1052.t1
OG0001128		g1054.t1
OG0001129		g1057.t1
OG0001130		g1058.t1
OG0001131		g1060.t1
OG0001132		g1064.t1
OG0001133		g1066.t1
OG0001134		g1067.t1
OG0001135		g1068.t1
OG0001136		g1070.t1
OG0001137		g1072.t1
OG0001138		g1073.t1
OG0001139		g1074.t1
OG0001140		g1078.t1
OG0001141		g1079.t1
OG0001142		g1080.t1
OG0001143		g1084.t1
OG0001144		g1090.t1
OG0001145		g1092.t1
OG0001146		g1094.t1
OG0001147		g1098.t1
OG0001148		g1099.t1
OG0001149		g1100.t1
OG0001150		g1101.t1
OG0001151		g1105.t1
OG0001152		g1106.t1
OG0001153		g1108.t1
OG0001154		g1109.t1
OG0001155		g1110.t1
OG0001156		g1111.t1
OG0001157		g1115.t1
OG0001158		g1116.t1
OG0001159		g1117.t1
OG0001160		g1118.t1
OG0001161		g1120.t1
OG0001162		g1121.t1
OG0001163		g1126.t1
OG0001164		g1127.t1
OG0001165		g1128.t1
OG0001166		g1129.t1
OG0001167		g1131.t1
OG0001168		g1133.t1
OG0001169		g1134.t1
OG0001170		g1135.t1
OG0001171		g1138.t1
OG0001172		g1140.t1
OG0001173		g1143.t1
OG0001174		g1147.t1
OG0001175		g1149.t1
OG0001176		g1150.t1
OG0001177		g1151.t1
OG0001178		g1156.t1
OG0001179		g1157.t1
OG0001180		g1165.t1
OG0001181		g1166.t1
OG0001182		g1170.t1
OG0001183		g1175.t1
OG0001184		g1180.t1
OG0001185		g1184.t1
OG0001186		g1187.t1
OG0001187		g1188.t1
OG0001188		g1190.t1
OG0001189		g1191.t1
OG0001190		g1192.t1
OG0001191		g1193.t1
OG0001192		g1204.t1
OG0001193		g1207.t1
OG0001194		g1210.t1
OG0001195		g1221.t1
OG0001196		g1222.t1
OG0001197		g1226.t1
OG0001198		g1228.t1
OG0001199		g1233.t1
OG0001200		g1237.t1
OG0001201		g1242.t1
OG0001202		g1243.t1
OG0001203		g1245.t1
OG0001204		g1249.t1
OG0001205		g1257.t1
OG0001206		g1259.t1
OG0001207		g1260.t1
OG0001208		g1264.t1
OG0001209		g1265.t1
OG0001210		g1267.t1
OG0001211		g1274.t1
OG0001212		g1278.t1
OG0001213		g1279.t1
OG0001214		g1283.t1
OG0001215		g1289.t1
OG0001216		g1290.t1
OG0001217		g1295.t1
OG0001218		g1296.t1
OG0001219		g1297.t1
OG0001220		g1298.t1
OG0001221		g1304.t1
OG0001222		g1307.t1
OG0001223		g1312.t1
OG0001224		g1313.t1
OG0001225		g1316.t1
OG0001226		g1317.t1
OG0001227		g1322.t1
OG0001228		g1323.t1
OG0001229		g1325.t1
OG0001230		g1326.t1
OG0001231		g1332.t1
OG0001232		g1338.t1
OG0001233		g1342.t1
OG0001234		g1343.t1
OG0001235		g1345.t1
OG0001236		g1350.t1
OG0001237		g1361.t1
OG0001238		g1366.t1
OG0001239		g1368.t1
OG0001240		g1369.t1
OG0001241		g1373.t1
OG0001242		g1374.t1
OG0001243		g1384.t1
OG0001244		g1385.t1
OG0001245		g1387.t1
OG0001246		g1388.t1
OG0001247		g1392.t1
OG0001248		g1394.t1
OG0001249		g1397.t1
OG0001250		g1399.t1
OG0001251		g1403.t1
OG0001252		g1408.t1
OG0001253		g1410.t1
OG0001254		g1411.t1
OG0001255		g1414.t1
OG0001256		g1417.t1
OG0001257		g1420.t1
OG0001258		g1422.t1
OG0001259		g1428.t1
OG0001260		g1430.t1
OG0001261		g1436.t1
OG0001262		g1441.t1
OG0001263		g1443.t1
OG0001264		g1449.t1
OG0001265		g1454.t1
OG0001266		g1455.t1
OG0001267		g1456.t1
OG0001268		g1458.t1
OG0001269		g1460.t1
OG0001270		g1472.t1
OG0001271		g1478.t1
OG0001272		g1480.t1
OG0001273		g1482.t1
OG0001274		g1483.t1
OG0001275		g1486.t1
OG0001276		g1489.t1
OG0001277		g1491.t1
OG0001278		g1492.t1
OG0001279		g1493.t1
OG0001280		g1494.t1
OG0001281		g1495.t1
OG0001282		g1497.t1
OG0001283		g1498.t1
OG0001284		g1499.t1
OG0001285		g1502.t1
OG0001286		g1507.t1
OG0001287		g1508.t1
OG0001288		g1510.t1
OG0001289		g1511.t1
OG0001290		g1513.t1
OG0001291		g1515.t1
OG0001292		g1522.t1
OG0001293		g1526.t1
OG0001294		g1529.t1
OG0001295		g1530.t1
OG0001296		g1531.t1
OG0001297		g1532.t1
OG0001298		g1533.t1
OG0001299		g1534.t1
OG0001300		g1544.t1
OG0001301		g1545.t1
OG0001302		g1546.t1
OG0001303		g1549.t1
OG0001304		g1550.t1
OG0001305		g1552.t1
OG0001306		g1560.t1
OG0001307		g1562.t1
OG0001308		g1563.t1
OG0001309		g1565.t1
OG0001310		g1575.t1
OG0001311		g1577.t1
OG0001312		g1584.t1
OG0001313		g1588.t1
OG0001314		g1590.t1
OG0001315		g1591.t1
OG0001316		g1592.t1
OG0001317		g1593.t1
OG0001318		g1594.t1
OG0001319		g1596.t1
OG0001320		g1597.t1
OG0001321		g1598.t1
OG0001322		g1599.t1
OG0001323		g1601.t1
OG0001324		g1602.t1
OG0001325		g1605.t1
OG0001326		g1608.t1
OG0001327		g1611.t1
OG0001328		g1612.t1
OG0001329		g1615.t1
OG0001330		g1624.t1
OG0001331		g1625.t1
OG0001332		g1626.t1
OG0001333		g1632.t1
OG0001334		g1634.t1
OG0001335		g1635.t1
OG0001336		g1636.t1
OG0001337		g1641.t1
OG0001338		g1644.t1
OG0001339		g1652.t1
OG0001340		g1653.t1
OG0001341		g1655.t1
OG0001342		g1658.t1
OG0001343		g1659.t1
OG0001344		g1661.t1
OG0001345		g1662.t1
OG0001346		g1663.t1
OG0001347		g1664.t1
OG0001348		g1665.t1
OG0001349		g1666.t1
OG0001350		g1672.t1
OG0001351		g1673.t1
OG0001352		g1674.t1
OG0001353		g1686.t1
OG0001354		g1694.t1
OG0001355		g1695.t1
OG0001356		g1697.t1
OG0001357		g1698.t1
OG0001358		g1701.t1
OG0001359		g1702.t1
OG0001360		g1703.t1
OG0001361		g1705.t1
OG0001362		g1706.t1
OG0001363		g1709.t1
OG0001364		g1718.t1
OG0001365		g1719.t1
OG0001366		g1721.t1
OG0001367		g1722.t1
OG0001368		g1723.t1
OG0001369		g1724.t1
OG0001370		g1725.t1
OG0001371		g1727.t1
OG0001372		g1728.t1
OG0001373		g1729.t1
OG0001374		g1730.t1
OG0001375		g1731.t1
OG0001376		g1732.t1
OG0001377		g1733.t1
OG0001378		g1734.t1
OG0001379		g1735.t1
OG0001380		g1737.t1
OG0001381		g1738.t1
OG0001382		g1740.t1
OG0001383		g1741.t1
OG0001384		g1742.t1
OG0001385		g1743.t1
OG0001386		g1744.t1
OG0001387		g1745.t1
OG0001388		g1746.t1
OG0001389		g1747.t1
OG0001390		g1748.t1
OG0001391		g1751.t1
OG0001392		g1756.t1
OG0001393		g1763.t1
OG0001394		g1764.t1
OG0001395		g1766.t1
OG0001396		g1767.t1
OG0001397		g1768.t1
OG0001398		g1769.t1
OG0001399		g1772.t1
OG0001400		g1774.t1
OG0001401		g1778.t1
OG0001402		g1779.t1
OG0001403		g1788.t1
OG0001404		g1790.t1
OG0001405		g1792.t1
OG0001406		g1795.t1
OG0001407		g1797.t1
OG0001408		g1798.t1
OG0001409		g1813.t1
OG0001410		g1814.t1
OG0001411		g1815.t1
OG0001412		g1816.t1
OG0001413		g1820.t1
OG0001414		g1821.t1
OG0001415		g1822.t1
OG0001416		g1826.t1
OG0001417		g1840.t1
OG0001418		g1841.t1
OG0001419		g1842.t1
OG0001420		g1843.t1
OG0001421		g1846.t1
OG0001422		g1850.t1
OG0001423		g1851.t1
OG0001424		g1855.t1
OG0001425		g1856.t1
OG0001426		g1857.t1
OG0001427		g1865.t1
OG0001428		g1866.t1
OG0001429		g1868.t1
OG0001430		g1869.t1
OG0001431		g1871.t1
OG0001432		g1872.t1
OG0001433		g1873.t1
OG0001434		g1874.t1
OG0001435		g1875.t1
OG0001436		g1876.t1
OG0001437		g1877.t1
OG0001438		g1880.t1
OG0001439		g1885.t1
OG0001440		g1886.t1
OG0001441		g1888.t1
OG0001442		g1891.t1
OG0001443		g1893.t1
OG0001444		g1895.t1
OG0001445		g1899.t1
OG0001446		g1901.t1
OG0001447		g1903.t1
OG0001448		g1907.t1
OG0001449		g1908.t1
OG0001450		g1915.t1
OG0001451		g1916.t1
OG0001452		g1917.t1
OG0001453		g1918.t1
OG0001454		g1919.t1
OG0001455		g1921.t1
OG0001456		g1922.t1
OG0001457		g1924.t1
OG0001458		g1925.t1
OG0001459		g1926.t1
OG0001460		g1936.t1
OG0001461		g1937.t1
OG0001462		g1939.t1
OG0001463		g1944.t1
OG0001464		g1945.t1
OG0001465		g1946.t1
OG0001466		g1951.t1
OG0001467		g1956.t1
OG0001468		g1957.t1
OG0001469		g1959.t1
OG0001470		g1961.t1
OG0001471		g1966.t1
OG0001472		g1967.t1
OG0001473		g1971.t1
OG0001474		g1974.t1
OG0001475		g1975.t1
OG0001476		g1979.t1
OG0001477		g1985.t1
OG0001478		g1987.t1
OG0001479		g1988.t1
OG0001480		g1989.t1
OG0001481		g1990.t1
OG0001482		g1991.t1
OG0001483		g1992.t1
OG0001484		g1998.t1
OG0001485		g2000.t1
OG0001486		g2001.t1
OG0001487		g2002.t1
OG0001488		g2007.t1
OG0001489		g2008.t1
OG0001490		g2016.t1
OG0001491		g2018.t1
OG0001492		g2019.t1
OG0001493		g2020.t1
OG0001494		g2021.t1
OG0001495		g2023.t1
OG0001496		g2026.t1
OG0001497		g2027.t1
OG0001498		g2028.t1
OG0001499		g2032.t1
OG0001500		g2035.t1
OG0001501		g2037.t1
OG0001502		g2042.t1
OG0001503		g2051.t1
OG0001504		g2055.t1
OG0001505		g2060.t1
OG0001506		g2061.t1
OG0001507		g2063.t1
OG0001508		g2065.t1
OG0001509		g2067.t1
OG0001510		g2070.t1
OG0001511		g2071.t1
OG0001512		g2072.t1
OG0001513		g2077.t1
OG0001514		g2078.t1
OG0001515		g2079.t1
OG0001516		g2081.t1
OG0001517		g2083.t1
OG0001518		g2086.t1
OG0001519		g2097.t1
OG0001520		g2100.t1
OG0001521		g2109.t1
OG0001522		g2110.t1
OG0001523		g2116.t1
OG0001524		g2122.t1
OG0001525		g2130.t1
OG0001526		g2137.t1
OG0001527		g2142.t1
OG0001528		g2151.t1
OG0001529		g2152.t1
OG0001530		g2156.t1
OG0001531		g2158.t1
OG0001532		g2162.t1
OG0001533		g2163.t1
OG0001534		g2164.t1
OG0001535		g2168.t1
OG0001536		g2173.t1
OG0001537		g2174.t1
OG0001538		g2175.t1
OG0001539		g2176.t1
OG0001540		g2178.t1
OG0001541		g2181.t1
OG0001542		g2182.t1
OG0001543		g2183.t1
OG0001544		g2184.t1
OG0001545		g2185.t1
OG0001546		g2189.t1
OG0001547		g2190.t1
OG0001548		g2191.t1
OG0001549		g2196.t1
OG0001550		g2201.t1
OG0001551		g2203.t1
OG0001552		g2207.t1
OG0001553		g2209.t1
OG0001554		g2211.t1
OG0001555		g2213.t1
OG0001556		g2214.t1
OG0001557		g2215.t1
OG0001558		g2216.t1
OG0001559		g2220.t1
OG0001560		g2222.t1
OG0001561		g2223.t1
OG0001562		g2224.t1
OG0001563		g2226.t1
OG0001564		g2227.t1
OG0001565		g2228.t1
OG0001566		g2229.t1
OG0001567		g2231.t1
OG0001568		g2233.t1
OG0001569		g2236.t1
OG0001570		g2244.t1
OG0001571		g2248.t1
OG0001572		g2251.t1
OG0001573		g2254.t1
OG0001574		g2259.t1
OG0001575		g2264.t1
OG0001576		g2265.t1
OG0001577		g2266.t1
OG0001578		g2267.t1
OG0001579		g2269.t1
OG0001580		g2270.t1
OG0001581		g2273.t1
OG0001582		g2274.t1
OG0001583		g2275.t1
OG0001584		g2276.t1
OG0001585		g2277.t1
OG0001586		g2279.t1
OG0001587		g2281.t1
OG0001588		g2282.t1
OG0001589		g2283.t1
OG0001590		g2284.t1
OG0001591		g2290.t1
OG0001592		g2293.t1
OG0001593		g2299.t1
OG0001594		g2303.t1
OG0001595		g2308.t1
OG0001596		g2313.t1
OG0001597		g2317.t1
OG0001598		g2318.t1
OG0001599		g2321.t1
OG0001600		g2326.t1
OG0001601		g2327.t1
OG0001602		g2332.t1
OG0001603		g2339.t1
OG0001604		g2348.t1
OG0001605		g2350.t1
OG0001606		g2352.t1
OG0001607		g2360.t1
OG0001608		g2362.t1
OG0001609		g2371.t1
OG0001610		g2376.t1
OG0001611		g2378.t1
OG0001612		g2382.t1
OG0001613		g2398.t1
OG0001614		g2404.t1
OG0001615		g2413.t1
OG0001616		g2414.t1
OG0001617		g2416.t1
OG0001618		g2419.t1
OG0001619		g2420.t1
OG0001620		g2425.t1
OG0001621		g2431.t1
OG0001622		g2434.t1
OG0001623		g2435.t1
OG0001624		g2441.t1
OG0001625		g2443.t1
OG0001626		g2444.t1
OG0001627		g2445.t1
OG0001628		g2446.t1
OG0001629		g2448.t1
OG0001630		g2449.t1
OG0001631		g2451.t1
OG0001632		g2453.t1
OG0001633		g2454.t1
OG0001634		g2455.t1
OG0001635		g2466.t1
OG0001636		g2468.t1
OG0001637		g2473.t1
OG0001638		g2476.t1
OG0001639		g2480.t1
OG0001640		g2481.t1
OG0001641		g2490.t1
OG0001642		g2491.t1
OG0001643		g2492.t1
OG0001644		g2496.t1
OG0001645		g2499.t1
OG0001646		g2501.t1
OG0001647		g2507.t1
OG0001648		g2520.t1
OG0001649		g2522.t1
OG0001650		g2523.t1
OG0001651		g2524.t1
OG0001652		g2527.t1
OG0001653		g2533.t1
OG0001654		g2538.t1
OG0001655		g2540.t1
OG0001656		g2541.t1
OG0001657		g2543.t1
OG0001658		g2545.t1
OG0001659		g2562.t1
OG0001660		g2568.t1
OG0001661		g2575.t1
OG0001662		g2576.t1
OG0001663		g2577.t1
OG0001664		g2579.t1
OG0001665		g2580.t1
OG0001666		g2582.t1
OG0001667		g2587.t1
OG0001668		g2588.t1
OG0001669		g2599.t1
OG0001670		g2600.t1
OG0001671		g2602.t1
OG0001672		g2605.t1
OG0001673		g2609.t1
OG0001674		g2610.t1
OG0001675		g2611.t1
OG0001676		g2616.t1
OG0001677		g2620.t1
OG0001678		g2623.t1
OG0001679		g2625.t1
OG0001680		g2626.t1
OG0001681		g2634.t1
OG0001682		g2643.t1
OG0001683		g2645.t1
OG0001684		g2646.t1
OG0001685		g2647.t1
OG0001686		g2648.t1
OG0001687		g2649.t1
OG0001688		g2651.t1
OG0001689		g2653.t1
OG0001690		g2655.t1
OG0001691		g2656.t1
OG0001692		g2658.t1
OG0001693		g2659.t1
OG0001694		g2660.t1
OG0001695		g2662.t1
OG0001696		g2665.t1
OG0001697		g2667.t1
OG0001698		g2668.t1
OG0001699		g2671.t1
OG0001700		g2673.t1
OG0001701		g2674.t1
OG0001702		g2676.t1
OG0001703		g2679.t1
OG0001704		g2680.t1
OG0001705		g2681.t1
OG0001706		g2683.t1
OG0001707		g2684.t1
OG0001708		g2685.t1
OG0001709		g2686.t1
OG0001710		g2687.t1
OG0001711		g2694.t1
OG0001712		g2696.t1
OG0001713		g2701.t1
OG0001714		g2702.t1
OG0001715		g2703.t1
OG0001716		g2704.t1
OG0001717		g2705.t1
OG0001718		g2708.t1
OG0001719		g2710.t1
OG0001720		g2711.t1
OG0001721		g2712.t1
OG0001722		g2713.t1
OG0001723		g2714.t1
OG0001724		g2716.t1
OG0001725		g2720.t1
OG0001726		g2726.t1
OG0001727		g2732.t1
OG0001728		g2738.t1
OG0001729		g2745.t1
OG0001730		g2746.t1
OG0001731		g2748.t1
OG0001732		g2762.t1
OG0001733		g2763.t1
OG0001734		g2766.t1
OG0001735		g2767.t1
OG0001736		g2769.t1
OG0001737		g2771.t1
OG0001738		g2772.t1
OG0001739		g2773.t1
OG0001740		g2774.t1
OG0001741		g2775.t1
OG0001742		g2776.t1
OG0001743		g2777.t1
OG0001744		g2778.t1
OG0001745		g2779.t1
OG0001746		g2780.t1
OG0001747		g2781.t1
OG0001748		g2782.t1
OG0001749		g2784.t1
OG0001750		g2785.t1
OG0001751		g2786.t1
OG0001752		g2787.t1
OG0001753		g2788.t1
OG0001754		g2791.t1
OG0001755		g2792.t1
OG0001756		g2793.t1
OG0001757		g2797.t1
OG0001758		g2798.t1
OG0001759		g2799.t1
OG0001760		g2800.t1
OG0001761		g2803.t1
OG0001762		g2804.t1
OG0001763		g2807.t1
OG0001764		g2808.t1
OG0001765		g2809.t1
OG0001766		g2813.t1
OG0001767		g2818.t1
OG0001768		g2819.t1
OG0001769		g2820.t1
OG0001770		g2821.t1
OG0001771		g2822.t1
OG0001772		g2825.t1
OG0001773		g2828.t1
OG0001774		g2830.t1
OG0001775		g2831.t1
OG0001776		g2832.t1
OG0001777		g2833.t1
OG0001778		g2834.t1
OG0001779		g2836.t1
OG0001780		g2837.t1
OG0001781		g2838.t1
OG0001782		g2839.t1
OG0001783		g2840.t1
OG0001784		g2841.t1
OG0001785		g2842.t1
OG0001786		g2843.t1
OG0001787		g2848.t1
OG0001788		g2849.t1
OG0001789		g2850.t1
OG0001790		g2851.t1
OG0001791		g2855.t1
OG0001792		g2856.t1
OG0001793		g2858.t1
OG0001794		g2863.t1
OG0001795		g2864.t1
OG0001796		g2865.t1
OG0001797		g2866.t1
OG0001798		g2867.t1
OG0001799		g2870.t1
OG0001800		g2873.t1
OG0001801		g2875.t1
OG0001802		g2876.t1
OG0001803		g2878.t1
OG0001804		g2880.t1
OG0001805		g2881.t1
OG0001806		g2885.t1
OG0001807		g2887.t1
OG0001808		g2888.t1
OG0001809		g2889.t1
OG0001810		g2890.t1
OG0001811		g2897.t1
OG0001812		g2902.t1
OG0001813		g2903.t1
OG0001814		g2909.t1
OG0001815		g2911.t1
OG0001816		g2912.t1
OG0001817		g2913.t1
OG0001818		g2914.t1
OG0001819		g2916.t1
OG0001820		g2918.t1
OG0001821		g2919.t1
OG0001822		g2921.t1
OG0001823		g2926.t1
OG0001824		g2927.t1
OG0001825		g2929.t1
OG0001826		g2930.t1
OG0001827		g2932.t1
OG0001828		g2934.t1
OG0001829		g2941.t1
OG0001830		g2944.t1
OG0001831		g2952.t1
OG0001832		g2953.t1
OG0001833		g2956.t1
OG0001834		g2963.t1
OG0001835		g2965.t1
OG0001836		g2966.t1
OG0001837		g2967.t1
OG0001838		g2968.t1
OG0001839		g2977.t1
OG0001840		g2985.t1
OG0001841		g2986.t1
OG0001842		g2993.t1
OG0001843		g2995.t1
OG0001844		g2999.t1
OG0001845		g3004.t1
OG0001846		g3005.t1
OG0001847		g3006.t1
OG0001848		g3009.t1
OG0001849		g3011.t1
OG0001850		g3012.t1
OG0001851		g3013.t1
OG0001852		g3014.t1
OG0001853		g3015.t1
OG0001854		g3019.t1
OG0001855		g3021.t1
OG0001856		g3022.t1
OG0001857		g3028.t1
OG0001858		g3029.t1
OG0001859		g3030.t1
OG0001860		g3036.t1
OG0001861		g3037.t1
OG0001862		g3038.t1
OG0001863		g3039.t1
OG0001864		g3040.t1
OG0001865		g3043.t1
OG0001866		g3044.t1
OG0001867		g3048.t1
OG0001868		g3049.t1
OG0001869		g3052.t1
OG0001870		g3053.t1
OG0001871		g3057.t1
OG0001872		g3059.t1
OG0001873		g3063.t1
OG0001874		g3064.t1
OG0001875		g3067.t1
OG0001876		g3068.t1
OG0001877		g3069.t1
OG0001878		g3070.t1
OG0001879		g3071.t1
OG0001880		g3072.t1
OG0001881		g3075.t1
OG0001882		g3076.t1
OG0001883		g3078.t1
OG0001884		g3081.t1
OG0001885		g3082.t1
OG0001886		g3083.t1
OG0001887		g3090.t1
OG0001888		g3092.t1
OG0001889		g3093.t1
OG0001890		g3096.t1
OG0001891		g3101.t1
OG0001892		g3102.t1
OG0001893		g3107.t1
OG0001894		g3109.t1
OG0001895		g3111.t1
OG0001896		g3112.t1
OG0001897		g3114.t1
OG0001898		g3117.t1
OG0001899		g3118.t1
OG0001900		g3120.t1
OG0001901		g3121.t1
OG0001902		g3122.t1
OG0001903		g3123.t1
OG0001904		g3124.t1
OG0001905		g3125.t1
OG0001906		g3128.t1
OG0001907		g3129.t1
OG0001908		g3132.t1
OG0001909		g3133.t1
OG0001910		g3134.t1
OG0001911		g3135.t1
OG0001912		g3136.t1
OG0001913		g3139.t1
OG0001914		g3140.t1
OG0001915		g3143.t1
OG0001916		g3144.t1
OG0001917		g3145.t1
OG0001918		g3146.t1
OG0001919		g3148.t1
OG0001920		g3149.t1
OG0001921		g3150.t1
OG0001922		g3151.t1
OG0001923		g3155.t1
OG0001924		g3156.t1
OG0001925		g3157.t1
OG0001926		g3169.t1
OG0001927		g3170.t1
OG0001928		g3171.t1
OG0001929		g3172.t1
OG0001930		g3174.t1
OG0001931		g3175.t1
OG0001932		g3177.t1
OG0001933		g3178.t1
OG0001934		g3181.t1
OG0001935		g3186.t1
OG0001936		g3187.t1
OG0001937		g3188.t1
OG0001938		g3201.t1
OG0001939		g3202.t1
OG0001940		g3209.t1
OG0001941		g3211.t1
OG0001942		g3214.t1
OG0001943		g3215.t1
OG0001944		g3222.t1
OG0001945		g3225.t1
OG0001946		g3226.t1
OG0001947		g3228.t1
OG0001948		g3229.t1
OG0001949		g3231.t1
OG0001950		g3238.t1
OG0001951		g3240.t1
OG0001952		g3244.t1
OG0001953		g3245.t1
OG0001954		g3246.t1
OG0001955		g3247.t1
OG0001956		g3252.t1
OG0001957		g3255.t1
OG0001958		g3259.t1
OG0001959		g3260.t1
OG0001960		g3261.t1
OG0001961		g3263.t1
OG0001962		g3264.t1
OG0001963		g3265.t1
OG0001964		g3266.t1
OG0001965		g3268.t1
OG0001966		g3270.t1
OG0001967		g3272.t1
OG0001968		g3273.t1
OG0001969		g3276.t1
OG0001970		g3277.t1
OG0001971		g3279.t1
OG0001972		g3280.t1
OG0001973		g3282.t1
OG0001974		g3284.t1
OG0001975		g3287.t1
OG0001976		g3293.t1
OG0001977		g3294.t1
OG0001978		g3295.t1
OG0001979		g3298.t1
OG0001980		g3301.t1
OG0001981		g3306.t1
OG0001982		g3308.t1
OG0001983		g3310.t1
OG0001984		g3313.t1
OG0001985		g3314.t1
OG0001986		g3322.t1
OG0001987		g3323.t1
OG0001988		g3324.t1
OG0001989		g3328.t1
OG0001990		g3338.t1
OG0001991		g3339.t1
OG0001992		g3340.t1
OG0001993		g3341.t1
OG0001994		g3343.t1
OG0001995		g3350.t1
OG0001996		g3354.t1
OG0001997		g3356.t1
OG0001998		g3357.t1
OG0001999		g3360.t1
OG0002000		g3362.t1
OG0002001		g3371.t1
OG0002002		g3372.t1
OG0002003		g3373.t1
OG0002004		g3383.t1
OG0002005		g3384.t1
OG0002006		g3389.t1
OG0002007		g3401.t1
OG0002008		g3404.t1
OG0002009		g3413.t1
OG0002010		g3416.t1
OG0002011		g3417.t1
OG0002012		g3418.t1
OG0002013		g3419.t1
OG0002014		g3420.t1
OG0002015		g3425.t1
OG0002016		g3427.t1
OG0002017		g3428.t1
OG0002018		g3433.t1
OG0002019		g3435.t1
OG0002020		g3436.t1
OG0002021		g3437.t1
OG0002022		g3438.t1
OG0002023		g3440.t1
OG0002024		g3443.t1
OG0002025		g3444.t1
OG0002026		g3445.t1
OG0002027		g3446.t1
OG0002028		g3451.t1
OG0002029		g3452.t1
OG0002030		g3454.t1
OG0002031		g3457.t1
OG0002032		g3458.t1
OG0002033		g3459.t1
OG0002034		g3462.t1
OG0002035		g3465.t1
OG0002036		g3469.t1
OG0002037		g3474.t1
OG0002038		g3478.t1
OG0002039		g3480.t1
OG0002040		g3481.t1
OG0002041		g3482.t1
OG0002042		g3487.t1
OG0002043		g3496.t1
OG0002044		g3500.t1
OG0002045		g3504.t1
OG0002046		g3508.t1
OG0002047		g3509.t1
OG0002048		g3510.t1
OG0002049		g3520.t1
OG0002050		g3522.t1
OG0002051		g3525.t1
OG0002052		g3533.t1
OG0002053		g3534.t1
OG0002054		g3539.t1
OG0002055		g3544.t1
OG0002056		g3548.t1
OG0002057		g3550.t1
OG0002058		g3553.t1
OG0002059		g3554.t1
OG0002060		g3555.t1
OG0002061		g3558.t1
OG0002062		g3563.t1
OG0002063		g3566.t1
OG0002064		g3567.t1
OG0002065		g3572.t1
OG0002066		g3573.t1
OG0002067		g3575.t1
OG0002068		g3580.t1
OG0002069		g3591.t1
OG0002070		g3596.t1
OG0002071		g3598.t1
OG0002072		g3599.t1
OG0002073		g3607.t1
OG0002074		g3610.t1
OG0002075		g3612.t1
OG0002076		g3613.t1
OG0002077		g3614.t1
OG0002078		g3615.t1
OG0002079		g3616.t1
OG0002080		g3618.t1
OG0002081		g3619.t1
OG0002082		g3621.t1
OG0002083		g3626.t1
OG0002084		g3628.t1
OG0002085		g3629.t1
OG0002086		g3631.t1
OG0002087		g3636.t1
OG0002088		g3644.t1
OG0002089		g3649.t1
OG0002090		g3657.t1
OG0002091		g3675.t1
OG0002092		g3683.t1
OG0002093		g3684.t1
OG0002094		g3685.t1
OG0002095		g3688.t1
OG0002096		g3689.t1
OG0002097		g3691.t1
OG0002098		g3692.t1
OG0002099		g3696.t1
OG0002100		g3697.t1
OG0002101		g3698.t1
OG0002102		g3699.t1
OG0002103		g3700.t1
OG0002104		g3703.t1
OG0002105		g3704.t1
OG0002106		g3705.t1
OG0002107		g3706.t1
OG0002108		g3707.t1
OG0002109		g3708.t1
OG0002110		g3710.t1
OG0002111		g3714.t1
OG0002112		g3715.t1
OG0002113		g3719.t1
OG0002114		g3722.t1
OG0002115		g3724.t1
OG0002116		g3725.t1
OG0002117		g3727.t1
OG0002118		g3728.t1
OG0002119		g3730.t1
OG0002120		g3733.t1
OG0002121		g3734.t1
OG0002122		g3735.t1
OG0002123		g3736.t1
OG0002124		g3738.t1
OG0002125		g3740.t1
OG0002126		g3745.t1
OG0002127		g3746.t1
OG0002128		g3747.t1
OG0002129		g3751.t1
OG0002130		g3752.t1
OG0002131		g3753.t1
OG0002132		g3756.t1
OG0002133		g3758.t1
OG0002134		g3759.t1
OG0002135		g3760.t1
OG0002136		g3765.t1
OG0002137		g3766.t1
OG0002138		g3768.t1
OG0002139		g3769.t1
OG0002140		g3770.t1
OG0002141		g3771.t1
OG0002142		g3784.t1
OG0002143		g3785.t1
OG0002144		g3787.t1
OG0002145		g3788.t1
OG0002146		g3791.t1
OG0002147		g3793.t1
OG0002148		g3795.t1
OG0002149		g3796.t1
OG0002150		g3797.t1
OG0002151		g3798.t1
OG0002152		g3799.t1
OG0002153		g3800.t1
OG0002154		g3801.t1
OG0002155		g3802.t1
OG0002156		g3803.t1
OG0002157		g3806.t1
OG0002158		g3807.t1
OG0002159		g3808.t1
OG0002160		g3814.t1
OG0002161		g3815.t1
OG0002162		g3816.t1
OG0002163		g3817.t1
OG0002164		g3819.t1
OG0002165		g3822.t1
OG0002166		g3826.t1
OG0002167		g3828.t1
OG0002168		g3830.t1
OG0002169		g3831.t1
OG0002170		g3833.t1
OG0002171		g3834.t1
OG0002172		g3835.t1
OG0002173		g3837.t1
OG0002174		g3842.t1
OG0002175		g3844.t1
OG0002176		g3845.t1
OG0002177		g3847.t1
OG0002178		g3849.t1
OG0002179		g3852.t1
OG0002180		g3854.t1
OG0002181		g3857.t1
OG0002182		g3858.t1
OG0002183		g3859.t1
OG0002184		g3861.t1
OG0002185		g3864.t1
OG0002186		g3866.t1
OG0002187		g3867.t1
OG0002188		g3869.t1
OG0002189		g3874.t1
OG0002190		g3876.t1
OG0002191		g3877.t1
OG0002192		g3878.t1
OG0002193		g3880.t1
OG0002194		g3881.t1
OG0002195		g3884.t1
OG0002196		g3886.t1
OG0002197		g3890.t1
OG0002198		g3892.t1
OG0002199		g3893.t1
OG0002200		g3894.t1
OG0002201		g3895.t1
OG0002202		g3896.t1
OG0002203		g3897.t1
OG0002204		g3899.t1
OG0002205		g3904.t1
OG0002206		g3905.t1
OG0002207		g3906.t1
OG0002208		g3908.t1
OG0002209		g3909.t1
OG0002210		g3910.t1
OG0002211		g3911.t1
OG0002212		g3913.t1
OG0002213		g3914.t1
OG0002214		g3916.t1
OG0002215		g3917.t1
OG0002216		g3921.t1
OG0002217		g3922.t1
OG0002218		g3923.t1
OG0002219		g3924.t1
OG0002220		g3925.t1
OG0002221		g3928.t1
OG0002222		g3929.t1
OG0002223		g3930.t1
OG0002224		g3931.t1
OG0002225		g3933.t1
OG0002226		g3938.t1
OG0002227		g3941.t1
OG0002228		g3942.t1
OG0002229		g3943.t1
OG0002230		g3944.t1
OG0002231		g3947.t1
OG0002232		g3948.t1
OG0002233		g3955.t1
OG0002234		g3956.t1
OG0002235		g3959.t1
OG0002236		g3960.t1
OG0002237		g3961.t1
OG0002238		g3962.t1
OG0002239		g3965.t1
OG0002240		g3969.t1
OG0002241		g3979.t1
OG0002242		g3982.t1
OG0002243		g3983.t1
OG0002244		g3984.t1
OG0002245		g3985.t1
OG0002246		g3986.t1
OG0002247		g3987.t1
OG0002248		g3988.t1
OG0002249		g3989.t1
OG0002250		g3990.t1
OG0002251		g3993.t1
OG0002252		g3994.t1
OG0002253		g3995.t1
OG0002254		g4005.t1
OG0002255		g4006.t1
OG0002256		g4007.t1
OG0002257		g4011.t1
OG0002258		g4019.t1
OG0002259		g4020.t1
OG0002260		g4028.t1
OG0002261		g4029.t1
OG0002262		g4032.t1
OG0002263		g4033.t1
OG0002264		g4035.t1
OG0002265		g4036.t1
OG0002266		g4037.t1
OG0002267		g4039.t1
OG0002268		g4041.t1
OG0002269		g4043.t1
OG0002270		g4046.t1
OG0002271		g4047.t1
OG0002272		g4048.t1
OG0002273		g4053.t1
OG0002274		g4057.t1
OG0002275		g4060.t1
OG0002276		g4062.t1
OG0002277		g4063.t1
OG0002278		g4064.t1
OG0002279		g4066.t1
OG0002280		g4067.t1
OG0002281		g4068.t1
OG0002282		g4069.t1
OG0002283		g4074.t1
OG0002284		g4075.t1
OG0002285		g4076.t1
OG0002286		g4082.t1
OG0002287		g4083.t1
OG0002288		g4087.t1
OG0002289		g4088.t1
OG0002290		g4090.t1
OG0002291		g4092.t1
OG0002292		g4094.t1
OG0002293		g4096.t1
OG0002294		g4097.t1
OG0002295		g4102.t1
OG0002296		g4103.t1
OG0002297		g4105.t1
OG0002298		g4108.t1
OG0002299		g4109.t1
OG0002300		g4111.t1
OG0002301		g4113.t1
OG0002302		g4120.t1
OG0002303		g4124.t1
OG0002304		g4128.t1
OG0002305		g4129.t1
OG0002306		g4130.t1
OG0002307		g4131.t1
OG0002308		g4133.t1
OG0002309		g4135.t1
OG0002310		g4136.t1
OG0002311		g4137.t1
OG0002312		g4138.t1
OG0002313		g4140.t1
OG0002314		g4141.t1
OG0002315		g4144.t1
OG0002316		g4145.t1
OG0002317		g4146.t1
OG0002318		g4150.t1
OG0002319		g4155.t1
OG0002320		g4160.t1
OG0002321		g4166.t1
OG0002322		g4169.t1
OG0002323		g4171.t1
OG0002324		g4174.t1
OG0002325		g4183.t1
OG0002326		g4189.t1
OG0002327		g4192.t1
OG0002328		g4195.t1
OG0002329		g4196.t1
OG0002330		g4197.t1
OG0002331		g4199.t1
OG0002332		g4200.t1
OG0002333		g4205.t1
OG0002334		g4208.t1
OG0002335		g4209.t1
OG0002336		g4212.t1
OG0002337		g4223.t1
OG0002338		g4231.t1
OG0002339		g4236.t1
OG0002340		g4241.t1
OG0002341		g4246.t1
OG0002342		g4257.t1
OG0002343		g4263.t1
OG0002344		g4264.t1
OG0002345		g4265.t1
OG0002346		g4286.t1
OG0002347		g4287.t1
OG0002348		g4291.t1
OG0002349		g4302.t1
OG0002350		g4306.t1
OG0002351		g4312.t1
OG0002352		g4314.t1
OG0002353		g4319.t1
OG0002354		g4320.t1
OG0002355		g4321.t1
OG0002356		g4322.t1
OG0002357		g4323.t1
OG0002358		g4325.t1
OG0002359		g4326.t1
OG0002360		g4327.t1
OG0002361		g4330.t1
OG0002362		g4331.t1
OG0002363		g4332.t1
OG0002364		g4333.t1
OG0002365		g4334.t1
OG0002366		g4335.t1
OG0002367		g4336.t1
OG0002368		g4337.t1
OG0002369		g4339.t1
OG0002370		g4340.t1
OG0002371		g4341.t1
OG0002372		g4342.t1
OG0002373		g4343.t1
OG0002374		g4344.t1
OG0002375		g4345.t1
OG0002376		g4346.t1
OG0002377		g4349.t1
OG0002378		g4350.t1
OG0002379		g4351.t1
OG0002380		g4352.t1
OG0002381		g4354.t1
OG0002382		g4356.t1
OG0002383		g4357.t1
OG0002384		g4358.t1
OG0002385		g4360.t1
OG0002386		g4361.t1
OG0002387		g4362.t1
OG0002388		g4363.t1
OG0002389		g4365.t1
OG0002390		g4367.t1
OG0002391		g4368.t1
OG0002392		g4371.t1
OG0002393		g4373.t1
OG0002394		g4376.t1
OG0002395		g4377.t1
OG0002396		g4379.t1
OG0002397		g4380.t1
OG0002398		g4381.t1
OG0002399		g4382.t1
OG0002400		g4383.t1
OG0002401		g4385.t1
OG0002402		g4387.t1
OG0002403		g4388.t1
OG0002404		g4390.t1
OG0002405		g4394.t1
OG0002406		g4395.t1
OG0002407		g4399.t1
OG0002408		g4400.t1
OG0002409		g4401.t1
OG0002410		g4402.t1
OG0002411		g4403.t1
OG0002412		g4406.t1
OG0002413		g4408.t1
OG0002414		g4409.t1
OG0002415		g4415.t1
OG0002416		g4417.t1
OG0002417		g4419.t1
OG0002418		g4420.t1
OG0002419		g4428.t1
OG0002420		g4430.t1
OG0002421		g4431.t1
OG0002422		g4432.t1
OG0002423		g4435.t1
OG0002424		g4439.t1
OG0002425		g4441.t1
OG0002426		g4442.t1
OG0002427		g4443.t1
OG0002428		g4444.t1
OG0002429		g4446.t1
OG0002430		g4448.t1
OG0002431		g4452.t1
OG0002432		g4454.t1
OG0002433		g4455.t1
OG0002434		g4456.t1
OG0002435		g4457.t1
OG0002436		g4461.t1
OG0002437		g4466.t1
OG0002438		g4467.t1
OG0002439		g4468.t1
OG0002440		g4469.t1
OG0002441		g4470.t1
OG0002442		g4471.t1
OG0002443		g4472.t1
OG0002444		g4473.t1
OG0002445		g4480.t1
OG0002446		g4484.t1
OG0002447		g4487.t1
OG0002448		g4490.t1
OG0002449		g4491.t1
OG0002450		g4492.t1
OG0002451		g4494.t1
OG0002452		g4497.t1
OG0002453		g4504.t1
OG0002454		g4505.t1
OG0002455		g4506.t1
OG0002456		g4507.t1
OG0002457		g4508.t1
OG0002458		g4509.t1
OG0002459		g4510.t1
OG0002460		g4512.t1
OG0002461		g4514.t1
OG0002462		g4515.t1
OG0002463		g4516.t1
OG0002464		g4517.t1
OG0002465		g4518.t1
OG0002466		g4522.t1
OG0002467		g4524.t1
OG0002468		g4525.t1
OG0002469		g4526.t1
OG0002470		g4528.t1
OG0002471		g4530.t1
OG0002472		g4533.t1
OG0002473		g4534.t1
OG0002474		g4535.t1
OG0002475		g4537.t1
OG0002476		g4538.t1
OG0002477		g4539.t1
OG0002478		g4544.t1
OG0002479		g4545.t1
OG0002480		g4547.t1
OG0002481		g4548.t1
OG0002482		g4550.t1
OG0002483		g4552.t1
OG0002484		g4554.t1
OG0002485		g4556.t1
OG0002486		g4558.t1
OG0002487		g4564.t1
OG0002488		g4565.t1
OG0002489		g4567.t1
OG0002490		g4569.t1
OG0002491		g4573.t1
OG0002492		g4574.t1
OG0002493		g4575.t1
OG0002494		g4576.t1
OG0002495		g4580.t1
OG0002496		g4600.t1
OG0002497		g4603.t1
OG0002498		g4608.t1
OG0002499		g4609.t1
OG0002500		g4613.t1
OG0002501		g4614.t1
OG0002502		g4615.t1
OG0002503		g4616.t1
OG0002504		g4617.t1
OG0002505		g4618.t1
OG0002506		g4620.t1
OG0002507		g4621.t1
OG0002508		g4622.t1
OG0002509		g4630.t1
OG0002510		g4631.t1
OG0002511		g4637.t1
OG0002512		g4638.t1
OG0002513		g4639.t1
OG0002514		g4640.t1
OG0002515		g4641.t1
OG0002516		g4643.t1
OG0002517		g4645.t1
OG0002518		g4647.t1
OG0002519		g4649.t1
OG0002520		g4650.t1
OG0002521		g4651.t1
OG0002522		g4653.t1
OG0002523		g4654.t1
OG0002524		g4656.t1
OG0002525		g4659.t1
OG0002526		g4660.t1
OG0002527		g4661.t1
OG0002528		g4663.t1
OG0002529		g4665.t1
OG0002530		g4666.t1
OG0002531		g4669.t1
OG0002532		g4670.t1
OG0002533		g4671.t1
OG0002534		g4672.t1
OG0002535		g4673.t1
OG0002536		g4676.t1
OG0002537		g4678.t1
OG0002538		g4689.t1
OG0002539		g4691.t1
OG0002540		g4692.t1
OG0002541		g4694.t1
OG0002542		g4695.t1
OG0002543		g4696.t1
OG0002544		g4697.t1
OG0002545		g4700.t1
OG0002546		g4704.t1
OG0002547		g4716.t1
OG0002548		g4717.t1
OG0002549		g4718.t1
OG0002550		g4721.t1
OG0002551		g4723.t1
OG0002552		g4724.t1
OG0002553		g4725.t1
OG0002554		g4726.t1
OG0002555		g4727.t1
OG0002556		g4728.t1
OG0002557		g4731.t1
OG0002558		g4732.t1
OG0002559		g4733.t1
OG0002560		g4744.t1
OG0002561		g4746.t1
OG0002562		g4748.t1
OG0002563		g4749.t1
OG0002564		g4750.t1
OG0002565		g4751.t1
OG0002566		g4755.t1
OG0002567		g4756.t1
OG0002568		g4757.t1
OG0002569		g4758.t1
OG0002570		g4759.t1
OG0002571		g4760.t1
OG0002572		g4761.t1
OG0002573		g4763.t1
OG0002574		g4766.t1
OG0002575		g4768.t1
OG0002576		g4769.t1
OG0002577		g4770.t1
OG0002578		g4772.t1
OG0002579		g4773.t1
OG0002580		g4774.t1
OG0002581		g4775.t1
OG0002582		g4778.t1
OG0002583		g4781.t1
OG0002584		g4783.t1
OG0002585		g4784.t1
OG0002586		g4785.t1
OG0002587		g4788.t1
OG0002588		g4789.t1
OG0002589		g4791.t1
OG0002590		g4793.t1
OG0002591		g4795.t1
OG0002592		g4799.t1
OG0002593		g4802.t1
OG0002594		g4803.t1
OG0002595		g4804.t1
OG0002596		g4807.t1
OG0002597		g4808.t1
OG0002598		g4811.t1
OG0002599		g4813.t1
OG0002600		g4815.t1
OG0002601		g4821.t1
OG0002602		g4822.t1
OG0002603		g4823.t1
OG0002604		g4825.t1
OG0002605		g4829.t1
OG0002606		g4832.t1
OG0002607		g4833.t1
OG0002608		g4834.t1
OG0002609		g4836.t1
OG0002610		g4837.t1
OG0002611		g4838.t1
OG0002612		g4839.t1
OG0002613		g4841.t1
OG0002614		g4844.t1
OG0002615		g4845.t1
OG0002616		g4850.t1
OG0002617		g4853.t1
OG0002618		g4854.t1
OG0002619		g4856.t1
OG0002620		g4857.t1
OG0002621		g4858.t1
OG0002622		g4859.t1
OG0002623		g4861.t1
OG0002624		g4864.t1
OG0002625		g4866.t1
OG0002626		g4870.t1
OG0002627		g4872.t1
OG0002628		g4874.t1
OG0002629		g4881.t1
OG0002630		g4887.t1
OG0002631		g4890.t1
OG0002632		g4891.t1
OG0002633		g4893.t1
OG0002634		g4895.t1
OG0002635		g4900.t1
OG0002636		g4901.t1
OG0002637		g4902.t1
OG0002638		g4909.t1
OG0002639		g4910.t1
OG0002640		g4913.t1
OG0002641		g4915.t1
OG0002642		g4916.t1
OG0002643		g4917.t1
OG0002644		g4918.t1
OG0002645		g4920.t1
OG0002646		g4921.t1
OG0002647		g4922.t1
OG0002648		g4927.t1
OG0002649		g4929.t1
OG0002650		g4930.t1
OG0002651		g4932.t1
OG0002652		g4934.t1
OG0002653		g4936.t1
OG0002654		g4943.t1
OG0002655		g4945.t1
OG0002656		g4948.t1
OG0002657		g4958.t1
OG0002658		g4959.t1
OG0002659		g4961.t1
OG0002660		g4963.t1
OG0002661		g4965.t1
OG0002662		g4968.t1
OG0002663		g4970.t1
OG0002664		g4971.t1
OG0002665		g4973.t1
OG0002666		g4977.t1
OG0002667		g4978.t1
OG0002668		g4982.t1
OG0002669		g4985.t1
OG0002670		g4986.t1
OG0002671		g4987.t1
OG0002672		g4988.t1
OG0002673		g5010.t1
OG0002674		g5012.t1
OG0002675		g5014.t1
OG0002676		g5016.t1
OG0002677		g5022.t1
OG0002678		g5025.t1
OG0002679		g5026.t1
OG0002680		g5027.t1
OG0002681		g5028.t1
OG0002682		g5029.t1
OG0002683		g5030.t1
OG0002684		g5031.t1
OG0002685		g5032.t1
OG0002686		g5034.t1
OG0002687		g5038.t1
OG0002688		g5039.t1
OG0002689		g5040.t1
OG0002690		g5042.t1
OG0002691		g5043.t1
OG0002692		g5044.t1
OG0002693		g5046.t1
OG0002694		g5049.t1
OG0002695		g5051.t1
OG0002696		g5052.t1
OG0002697		g5055.t1
OG0002698		g5056.t1
OG0002699		g5057.t1
OG0002700		g5060.t1
OG0002701		g5062.t1
OG0002702		g5063.t1
OG0002703		g5064.t1
OG0002704		g5065.t1
OG0002705		g5066.t1
OG0002706		g5067.t1
OG0002707		g5083.t1
OG0002708		g5088.t1
OG0002709		g5094.t1
OG0002710		g5096.t1
OG0002711		g5097.t1
OG0002712		g5098.t1
OG0002713		g5109.t1
OG0002714		g5110.t1
OG0002715		g5113.t1
OG0002716		g5114.t1
OG0002717		g5118.t1
OG0002718		g5119.t1
OG0002719		g5128.t1
OG0002720		g5129.t1
OG0002721		g5132.t1
OG0002722		g5133.t1
OG0002723		g5134.t1
OG0002724		g5136.t1
OG0002725		g5137.t1
OG0002726		g5138.t1
OG0002727		g5143.t1
OG0002728		g5146.t1
OG0002729		g5147.t1
OG0002730		g5148.t1
OG0002731		g5151.t1
OG0002732		g5158.t1
OG0002733		g5160.t1
OG0002734		g5161.t1
OG0002735		g5162.t1
OG0002736		g5163.t1
OG0002737		g5164.t1
OG0002738		g5165.t1
OG0002739		g5166.t1
OG0002740		g5169.t1
OG0002741		g5173.t1
OG0002742		g5174.t1
OG0002743		g5175.t1
OG0002744		g5177.t1
OG0002745		g5187.t1
OG0002746		g5196.t1
OG0002747		g5197.t1
OG0002748		g5198.t1
OG0002749		g5200.t1
OG0002750		g5203.t1
OG0002751		g5204.t1
OG0002752		g5206.t1
OG0002753		g5209.t1
OG0002754		g5210.t1
OG0002755		g5211.t1
OG0002756		g5214.t1
OG0002757		g5216.t1
OG0002758		g5222.t1
OG0002759		g5223.t1
OG0002760		g5224.t1
OG0002761		g5226.t1
OG0002762		g5227.t1
OG0002763		g5231.t1
OG0002764		g5232.t1
OG0002765		g5238.t1
OG0002766		g5240.t1
OG0002767		g5241.t1
OG0002768		g5242.t1
OG0002769		g5244.t1
OG0002770		g5246.t1
OG0002771		g5249.t1
OG0002772		g5254.t1
OG0002773		g5262.t1
OG0002774		g5269.t1
OG0002775		g5271.t1
OG0002776		g5274.t1
OG0002777		g5276.t1
OG0002778		g5278.t1
OG0002779		g5282.t1
OG0002780		g5283.t1
OG0002781		g5288.t1
OG0002782		g5291.t1
OG0002783		g5292.t1
OG0002784		g5293.t1
OG0002785		g5294.t1
OG0002786		g5295.t1
OG0002787		g5298.t1
OG0002788		g5303.t1
OG0002789		g5308.t1
OG0002790		g5309.t1
OG0002791		g5311.t1
OG0002792		g5312.t1
OG0002793		g5320.t1
OG0002794		g5322.t1
OG0002795		g5325.t1
OG0002796		g5326.t1
OG0002797		g5327.t1
OG0002798		g5328.t1
OG0002799		g5329.t1
OG0002800		g5330.t1
OG0002801		g5342.t1
OG0002802		g5343.t1
OG0002803		g5344.t1
OG0002804		g5348.t1
OG0002805		g5352.t1
OG0002806		g5354.t1
OG0002807		g5355.t1
OG0002808		g5357.t1
OG0002809		g5359.t1
OG0002810		g5360.t1
OG0002811		g5361.t1
OG0002812		g5362.t1
OG0002813		g5366.t1
OG0002814		g5367.t1
OG0002815		g5371.t1
OG0002816		g5373.t1
OG0002817		g5374.t1
OG0002818		g5375.t1
OG0002819		g5377.t1
OG0002820		g5378.t1
OG0002821		g5380.t1
OG0002822		g5381.t1
OG0002823		g5387.t1
OG0002824		g5388.t1
OG0002825		g5390.t1
OG0002826		g5391.t1
OG0002827		g5394.t1
OG0002828		g5397.t1
OG0002829		g5400.t1
OG0002830		g5401.t1
OG0002831		g5407.t1
OG0002832		g5408.t1
OG0002833		g5409.t1
OG0002834		g5417.t1
OG0002835		g5418.t1
OG0002836		g5420.t1
OG0002837		g5421.t1
OG0002838		g5422.t1
OG0002839		g5423.t1
OG0002840		g5428.t1
OG0002841		g5432.t1
OG0002842		g5433.t1
OG0002843		g5435.t1
OG0002844		g5437.t1
OG0002845		g5439.t1
OG0002846		g5442.t1
OG0002847		g5449.t1
OG0002848		g5459.t1
OG0002849		g5461.t1
OG0002850		g5467.t1
OG0002851		g5483.t1
OG0002852		g5485.t1
OG0002853		g5487.t1
OG0002854		g5489.t1
OG0002855		g5491.t1
OG0002856		g5493.t1
OG0002857		g5497.t1
OG0002858		g5499.t1
OG0002859		g5501.t1
OG0002860		g5503.t1
OG0002861		g5504.t1
OG0002862		g5507.t1
OG0002863		g5508.t1
OG0002864		g5509.t1
OG0002865		g5510.t1
OG0002866		g5511.t1
OG0002867		g5514.t1
