Orthogroup	Mycobacterium_tuberculosis	Salmonella_enterica
OG0001623	g4.t1	
OG0001624	g7.t1	
OG0001625	g8.t1	
OG0001626	g10.t1	
OG0001627	g11.t1	
OG0001628	g17.t1	
OG0001629	g18.t1	
OG0001630	g22.t1	
OG0001631	g23.t1	
OG0001632	g24.t1	
OG0001633	g27.t1	
OG0001634	g28.t1	
OG0001635	g30.t1	
OG0001636	g33.t1	
OG0001637	g36.t1	
OG0001638	g38.t1	
OG0001639	g42.t1	
OG0001640	g45.t1	
OG0001641	g47.t1	
OG0001642	g49.t1	
OG0001643	g56.t1	
OG0001644	g57.t1	
OG0001645	g58.t1	
OG0001646	g59.t1	
OG0001647	g61.t1	
OG0001648	g64.t1	
OG0001649	g65.t1	
OG0001650	g69.t1	
OG0001651	g74.t1	
OG0001652	g77.t1	
OG0001653	g78.t1	
OG0001654	g79.t1	
OG0001655	g84.t1	
OG0001656	g87.t1	
OG0001657	g89.t1	
OG0001658	g92.t1	
OG0001659	g97.t1	
OG0001660	g100.t1	
OG0001661	g103.t1	
OG0001662	g104.t1	
OG0001663	g106.t1	
OG0001664	g110.t1	
OG0001665	g114.t1	
OG0001666	g120.t1	
OG0001667	g121.t1	
OG0001668	g122.t1	
OG0001669	g124.t1	
OG0001670	g126.t1	
OG0001671	g127.t1	
OG0001672	g129.t1	
OG0001673	g132.t1	
OG0001674	g137.t1	
OG0001675	g138.t1	
OG0001676	g140.t1	
OG0001677	g141.t1	
OG0001678	g143.t1	
OG0001679	g146.t1	
OG0001680	g153.t1	
OG0001681	g155.t1	
OG0001682	g157.t1	
OG0001683	g163.t1	
OG0001684	g164.t1	
OG0001685	g180.t1	
OG0001686	g181.t1	
OG0001687	g185.t1	
OG0001688	g186.t1	
OG0001689	g189.t1	
OG0001690	g194.t1	
OG0001691	g196.t1	
OG0001692	g197.t1	
OG0001693	g199.t1	
OG0001694	g201.t1	
OG0001695	g202.t1	
OG0001696	g204.t1	
OG0001697	g208.t1	
OG0001698	g210.t1	
OG0001699	g211.t1	
OG0001700	g212.t1	
OG0001701	g213.t1	
OG0001702	g214.t1	
OG0001703	g217.t1	
OG0001704	g219.t1	
OG0001705	g220.t1	
OG0001706	g223.t1	
OG0001707	g224.t1	
OG0001708	g225.t1	
OG0001709	g227.t1	
OG0001710	g228.t1	
OG0001711	g234.t1	
OG0001712	g235.t1	
OG0001713	g237.t1	
OG0001714	g238.t1	
OG0001715	g239.t1	
OG0001716	g242.t1	
OG0001717	g243.t1	
OG0001718	g245.t1	
OG0001719	g249.t1	
OG0001720	g250.t1	
OG0001721	g252.t1	
OG0001722	g253.t1	
OG0001723	g262.t1	
OG0001724	g264.t1	
OG0001725	g267.t1	
OG0001726	g268.t1	
OG0001727	g274.t1	
OG0001728	g275.t1	
OG0001729	g292.t1	
OG0001730	g295.t1	
OG0001731	g298.t1	
OG0001732	g299.t1	
OG0001733	g306.t1	
OG0001734	g307.t1	
OG0001735	g308.t1	
OG0001736	g310.t1	
OG0001737	g312.t1	
OG0001738	g314.t1	
OG0001739	g315.t1	
OG0001740	g317.t1	
OG0001741	g318.t1	
OG0001742	g324.t1	
OG0001743	g327.t1	
OG0001744	g329.t1	
OG0001745	g330.t1	
OG0001746	g331.t1	
OG0001747	g335.t1	
OG0001748	g336.t1	
OG0001749	g337.t1	
OG0001750	g338.t1	
OG0001751	g341.t1	
OG0001752	g345.t1	
OG0001753	g346.t1	
OG0001754	g350.t1	
OG0001755	g353.t1	
OG0001756	g355.t1	
OG0001757	g356.t1	
OG0001758	g357.t1	
OG0001759	g358.t1	
OG0001760	g362.t1	
OG0001761	g363.t1	
OG0001762	g364.t1	
OG0001763	g366.t1	
OG0001764	g370.t1	
OG0001765	g371.t1	
OG0001766	g372.t1	
OG0001767	g374.t1	
OG0001768	g375.t1	
OG0001769	g376.t1	
OG0001770	g377.t1	
OG0001771	g379.t1	
OG0001772	g386.t1	
OG0001773	g387.t1	
OG0001774	g390.t1	
OG0001775	g391.t1	
OG0001776	g393.t1	
OG0001777	g396.t1	
OG0001778	g407.t1	
OG0001779	g408.t1	
OG0001780	g410.t1	
OG0001781	g414.t1	
OG0001782	g415.t1	
OG0001783	g416.t1	
OG0001784	g419.t1	
OG0001785	g421.t1	
OG0001786	g423.t1	
OG0001787	g425.t1	
OG0001788	g426.t1	
OG0001789	g429.t1	
OG0001790	g431.t1	
OG0001791	g432.t1	
OG0001792	g436.t1	
OG0001793	g438.t1	
OG0001794	g439.t1	
OG0001795	g441.t1	
OG0001796	g442.t1	
OG0001797	g443.t1	
OG0001798	g444.t1	
OG0001799	g449.t1	
OG0001800	g450.t1	
OG0001801	g454.t1	
OG0001802	g455.t1	
OG0001803	g456.t1	
OG0001804	g458.t1	
OG0001805	g466.t1	
OG0001806	g468.t1	
OG0001807	g469.t1	
OG0001808	g470.t1	
OG0001809	g471.t1	
OG0001810	g472.t1	
OG0001811	g473.t1	
OG0001812	g474.t1	
OG0001813	g476.t1	
OG0001814	g481.t1	
OG0001815	g482.t1	
OG0001816	g488.t1	
OG0001817	g489.t1	
OG0001818	g491.t1	
OG0001819	g492.t1	
OG0001820	g493.t1	
OG0001821	g494.t1	
OG0001822	g495.t1	
OG0001823	g504.t1	
OG0001824	g507.t1	
OG0001825	g509.t1	
OG0001826	g510.t1	
OG0001827	g514.t1	
OG0001828	g515.t1	
OG0001829	g517.t1	
OG0001830	g522.t1	
OG0001831	g524.t1	
OG0001832	g527.t1	
OG0001833	g530.t1	
OG0001834	g532.t1	
OG0001835	g533.t1	
OG0001836	g534.t1	
OG0001837	g535.t1	
OG0001838	g536.t1	
OG0001839	g537.t1	
OG0001840	g539.t1	
OG0001841	g541.t1	
OG0001842	g545.t1	
OG0001843	g551.t1	
OG0001844	g556.t1	
OG0001845	g559.t1	
OG0001846	g565.t1	
OG0001847	g567.t1	
OG0001848	g568.t1	
OG0001849	g570.t1	
OG0001850	g575.t1	
OG0001851	g576.t1	
OG0001852	g577.t1	
OG0001853	g579.t1	
OG0001854	g581.t1	
OG0001855	g594.t1	
OG0001856	g595.t1	
OG0001857	g596.t1	
OG0001858	g601.t1	
OG0001859	g604.t1	
OG0001860	g605.t1	
OG0001861	g606.t1	
OG0001862	g607.t1	
OG0001863	g610.t1	
OG0001864	g615.t1	
OG0001865	g616.t1	
OG0001866	g626.t1	
OG0001867	g627.t1	
OG0001868	g628.t1	
OG0001869	g640.t1	
OG0001870	g642.t1	
OG0001871	g643.t1	
OG0001872	g651.t1	
OG0001873	g652.t1	
OG0001874	g659.t1	
OG0001875	g664.t1	
OG0001876	g665.t1	
OG0001877	g668.t1	
OG0001878	g671.t1	
OG0001879	g676.t1	
OG0001880	g677.t1	
OG0001881	g679.t1	
OG0001882	g680.t1	
OG0001883	g681.t1	
OG0001884	g682.t1	
OG0001885	g683.t1	
OG0001886	g684.t1	
OG0001887	g685.t1	
OG0001888	g686.t1	
OG0001889	g700.t1	
OG0001890	g718.t1	
OG0001891	g722.t1	
OG0001892	g724.t1	
OG0001893	g725.t1	
OG0001894	g730.t1	
OG0001895	g731.t1	
OG0001896	g735.t1	
OG0001897	g740.t1	
OG0001898	g743.t1	
OG0001899	g744.t1	
OG0001900	g745.t1	
OG0001901	g746.t1	
OG0001902	g747.t1	
OG0001903	g750.t1	
OG0001904	g753.t1	
OG0001905	g755.t1	
OG0001906	g756.t1	
OG0001907	g757.t1	
OG0001908	g758.t1	
OG0001909	g759.t1	
OG0001910	g761.t1	
OG0001911	g764.t1	
OG0001912	g767.t1	
OG0001913	g769.t1	
OG0001914	g771.t1	
OG0001915	g773.t1	
OG0001916	g775.t1	
OG0001917	g776.t1	
OG0001918	g777.t1	
OG0001919	g779.t1	
OG0001920	g780.t1	
OG0001921	g784.t1	
OG0001922	g788.t1	
OG0001923	g790.t1	
OG0001924	g791.t1	
OG0001925	g792.t1	
OG0001926	g796.t1	
OG0001927	g797.t1	
OG0001928	g800.t1	
OG0001929	g801.t1	
OG0001930	g806.t1	
OG0001931	g807.t1	
OG0001932	g822.t1	
OG0001933	g826.t1	
OG0001934	g827.t1	
OG0001935	g828.t1	
OG0001936	g830.t1	
OG0001937	g832.t1	
OG0001938	g837.t1	
OG0001939	g838.t1	
OG0001940	g840.t1	
OG0001941	g851.t1	
OG0001942	g852.t1	
OG0001943	g853.t1	
OG0001944	g855.t1	
OG0001945	g863.t1	
OG0001946	g864.t1	
OG0001947	g865.t1	
OG0001948	g867.t1	
OG0001949	g868.t1	
OG0001950	g869.t1	
OG0001951	g870.t1	
OG0001952	g871.t1	
OG0001953	g873.t1	
OG0001954	g875.t1	
OG0001955	g876.t1	
OG0001956	g877.t1	
OG0001957	g886.t1	
OG0001958	g888.t1	
OG0001959	g889.t1	
OG0001960	g890.t1	
OG0001961	g891.t1	
OG0001962	g893.t1	
OG0001963	g897.t1	
OG0001964	g900.t1	
OG0001965	g901.t1	
OG0001966	g906.t1	
OG0001967	g914.t1	
OG0001968	g916.t1	
OG0001969	g918.t1	
OG0001970	g922.t1	
OG0001971	g925.t1	
OG0001972	g926.t1	
OG0001973	g932.t1	
OG0001974	g933.t1	
OG0001975	g935.t1	
OG0001976	g941.t1	
OG0001977	g942.t1	
OG0001978	g946.t1	
OG0001979	g947.t1	
OG0001980	g949.t1	
OG0001981	g950.t1	
OG0001982	g957.t1	
OG0001983	g958.t1	
OG0001984	g963.t1	
OG0001985	g966.t1	
OG0001986	g969.t1	
OG0001987	g971.t1	
OG0001988	g974.t1	
OG0001989	g975.t1	
OG0001990	g977.t1	
OG0001991	g978.t1	
OG0001992	g981.t1	
OG0001993	g983.t1	
OG0001994	g984.t1	
OG0001995	g985.t1	
OG0001996	g987.t1	
OG0001997	g988.t1	
OG0001998	g989.t1	
OG0001999	g990.t1	
OG0002000	g992.t1	
OG0002001	g993.t1	
OG0002002	g994.t1	
OG0002003	g1011.t1	
OG0002004	g1012.t1	
OG0002005	g1016.t1	
OG0002006	g1020.t1	
OG0002007	g1021.t1	
OG0002008	g1029.t1	
OG0002009	g1032.t1	
OG0002010	g1033.t1	
OG0002011	g1034.t1	
OG0002012	g1036.t1	
OG0002013	g1037.t1	
OG0002014	g1038.t1	
OG0002015	g1040.t1	
OG0002016	g1041.t1	
OG0002017	g1044.t1	
OG0002018	g1046.t1	
OG0002019	g1048.t1	
OG0002020	g1050.t1	
OG0002021	g1051.t1	
OG0002022	g1052.t1	
OG0002023	g1055.t1	
OG0002024	g1056.t1	
OG0002025	g1057.t1	
OG0002026	g1058.t1	
OG0002027	g1061.t1	
OG0002028	g1063.t1	
OG0002029	g1067.t1	
OG0002030	g1069.t1	
OG0002031	g1070.t1	
OG0002032	g1075.t1	
OG0002033	g1076.t1	
OG0002034	g1077.t1	
OG0002035	g1082.t1	
OG0002036	g1084.t1	
OG0002037	g1087.t1	
OG0002038	g1090.t1	
OG0002039	g1095.t1	
OG0002040	g1096.t1	
OG0002041	g1097.t1	
OG0002042	g1100.t1	
OG0002043	g1102.t1	
OG0002044	g1103.t1	
OG0002045	g1104.t1	
OG0002046	g1106.t1	
OG0002047	g1107.t1	
OG0002048	g1109.t1	
OG0002049	g1110.t1	
OG0002050	g1111.t1	
OG0002051	g1119.t1	
OG0002052	g1121.t1	
OG0002053	g1124.t1	
OG0002054	g1128.t1	
OG0002055	g1129.t1	
OG0002056	g1132.t1	
OG0002057	g1133.t1	
OG0002058	g1138.t1	
OG0002059	g1140.t1	
OG0002060	g1142.t1	
OG0002061	g1144.t1	
OG0002062	g1145.t1	
OG0002063	g1159.t1	
OG0002064	g1160.t1	
OG0002065	g1162.t1	
OG0002066	g1163.t1	
OG0002067	g1165.t1	
OG0002068	g1171.t1	
OG0002069	g1176.t1	
OG0002070	g1177.t1	
OG0002071	g1181.t1	
OG0002072	g1182.t1	
OG0002073	g1190.t1	
OG0002074	g1192.t1	
OG0002075	g1193.t1	
OG0002076	g1194.t1	
OG0002077	g1196.t1	
OG0002078	g1197.t1	
OG0002079	g1198.t1	
OG0002080	g1200.t1	
OG0002081	g1205.t1	
OG0002082	g1206.t1	
OG0002083	g1208.t1	
OG0002084	g1211.t1	
OG0002085	g1213.t1	
OG0002086	g1214.t1	
OG0002087	g1216.t1	
OG0002088	g1220.t1	
OG0002089	g1222.t1	
OG0002090	g1223.t1	
OG0002091	g1225.t1	
OG0002092	g1227.t1	
OG0002093	g1233.t1	
OG0002094	g1237.t1	
OG0002095	g1238.t1	
OG0002096	g1239.t1	
OG0002097	g1246.t1	
OG0002098	g1247.t1	
OG0002099	g1253.t1	
OG0002100	g1256.t1	
OG0002101	g1261.t1	
OG0002102	g1262.t1	
OG0002103	g1263.t1	
OG0002104	g1265.t1	
OG0002105	g1266.t1	
OG0002106	g1272.t1	
OG0002107	g1277.t1	
OG0002108	g1278.t1	
OG0002109	g1283.t1	
OG0002110	g1284.t1	
OG0002111	g1291.t1	
OG0002112	g1293.t1	
OG0002113	g1295.t1	
OG0002114	g1300.t1	
OG0002115	g1301.t1	
OG0002116	g1309.t1	
OG0002117	g1310.t1	
OG0002118	g1311.t1	
OG0002119	g1312.t1	
OG0002120	g1317.t1	
OG0002121	g1322.t1	
OG0002122	g1323.t1	
OG0002123	g1325.t1	
OG0002124	g1326.t1	
OG0002125	g1327.t1	
OG0002126	g1329.t1	
OG0002127	g1332.t1	
OG0002128	g1335.t1	
OG0002129	g1336.t1	
OG0002130	g1338.t1	
OG0002131	g1341.t1	
OG0002132	g1343.t1	
OG0002133	g1344.t1	
OG0002134	g1345.t1	
OG0002135	g1348.t1	
OG0002136	g1353.t1	
OG0002137	g1355.t1	
OG0002138	g1356.t1	
OG0002139	g1361.t1	
OG0002140	g1363.t1	
OG0002141	g1364.t1	
OG0002142	g1365.t1	
OG0002143	g1366.t1	
OG0002144	g1367.t1	
OG0002145	g1369.t1	
OG0002146	g1372.t1	
OG0002147	g1375.t1	
OG0002148	g1378.t1	
OG0002149	g1380.t1	
OG0002150	g1391.t1	
OG0002151	g1400.t1	
OG0002152	g1403.t1	
OG0002153	g1404.t1	
OG0002154	g1408.t1	
OG0002155	g1409.t1	
OG0002156	g1413.t1	
OG0002157	g1414.t1	
OG0002158	g1424.t1	
OG0002159	g1429.t1	
OG0002160	g1430.t1	
OG0002161	g1433.t1	
OG0002162	g1434.t1	
OG0002163	g1436.t1	
OG0002164	g1445.t1	
OG0002165	g1446.t1	
OG0002166	g1447.t1	
OG0002167	g1448.t1	
OG0002168	g1450.t1	
OG0002169	g1459.t1	
OG0002170	g1460.t1	
OG0002171	g1462.t1	
OG0002172	g1464.t1	
OG0002173	g1465.t1	
OG0002174	g1467.t1	
OG0002175	g1472.t1	
OG0002176	g1477.t1	
OG0002177	g1478.t1	
OG0002178	g1480.t1	
OG0002179	g1482.t1	
OG0002180	g1486.t1	
OG0002181	g1488.t1	
OG0002182	g1490.t1	
OG0002183	g1491.t1	
OG0002184	g1493.t1	
OG0002185	g1494.t1	
OG0002186	g1495.t1	
OG0002187	g1497.t1	
OG0002188	g1499.t1	
OG0002189	g1500.t1	
OG0002190	g1501.t1	
OG0002191	g1502.t1	
OG0002192	g1506.t1	
OG0002193	g1507.t1	
OG0002194	g1510.t1	
OG0002195	g1516.t1	
OG0002196	g1520.t1	
OG0002197	g1522.t1	
OG0002198	g1525.t1	
OG0002199	g1538.t1	
OG0002200	g1541.t1	
OG0002201	g1545.t1	
OG0002202	g1557.t1	
OG0002203	g1560.t1	
OG0002204	g1561.t1	
OG0002205	g1562.t1	
OG0002206	g1566.t1	
OG0002207	g1567.t1	
OG0002208	g1568.t1	
OG0002209	g1569.t1	
OG0002210	g1570.t1	
OG0002211	g1571.t1	
OG0002212	g1572.t1	
OG0002213	g1575.t1	
OG0002214	g1576.t1	
OG0002215	g1577.t1	
OG0002216	g1581.t1	
OG0002217	g1588.t1	
OG0002218	g1592.t1	
OG0002219	g1594.t1	
OG0002220	g1599.t1	
OG0002221	g1600.t1	
OG0002222	g1602.t1	
OG0002223	g1603.t1	
OG0002224	g1604.t1	
OG0002225	g1608.t1	
OG0002226	g1610.t1	
OG0002227	g1612.t1	
OG0002228	g1616.t1	
OG0002229	g1618.t1	
OG0002230	g1621.t1	
OG0002231	g1624.t1	
OG0002232	g1638.t1	
OG0002233	g1652.t1	
OG0002234	g1653.t1	
OG0002235	g1655.t1	
OG0002236	g1660.t1	
OG0002237	g1662.t1	
OG0002238	g1664.t1	
OG0002239	g1665.t1	
OG0002240	g1666.t1	
OG0002241	g1670.t1	
OG0002242	g1671.t1	
OG0002243	g1674.t1	
OG0002244	g1676.t1	
OG0002245	g1677.t1	
OG0002246	g1680.t1	
OG0002247	g1681.t1	
OG0002248	g1683.t1	
OG0002249	g1692.t1	
OG0002250	g1693.t1	
OG0002251	g1697.t1	
OG0002252	g1699.t1	
OG0002253	g1700.t1	
OG0002254	g1701.t1	
OG0002255	g1704.t1	
OG0002256	g1705.t1	
OG0002257	g1707.t1	
OG0002258	g1708.t1	
OG0002259	g1714.t1	
OG0002260	g1715.t1	
OG0002261	g1716.t1	
OG0002262	g1717.t1	
OG0002263	g1718.t1	
OG0002264	g1722.t1	
OG0002265	g1724.t1	
OG0002266	g1726.t1	
OG0002267	g1730.t1	
OG0002268	g1731.t1	
OG0002269	g1735.t1	
OG0002270	g1742.t1	
OG0002271	g1743.t1	
OG0002272	g1747.t1	
OG0002273	g1750.t1	
OG0002274	g1751.t1	
OG0002275	g1755.t1	
OG0002276	g1758.t1	
OG0002277	g1759.t1	
OG0002278	g1760.t1	
OG0002279	g1778.t1	
OG0002280	g1780.t1	
OG0002281	g1791.t1	
OG0002282	g1792.t1	
OG0002283	g1794.t1	
OG0002284	g1795.t1	
OG0002285	g1799.t1	
OG0002286	g1802.t1	
OG0002287	g1804.t1	
OG0002288	g1808.t1	
OG0002289	g1809.t1	
OG0002290	g1810.t1	
OG0002291	g1811.t1	
OG0002292	g1816.t1	
OG0002293	g1819.t1	
OG0002294	g1825.t1	
OG0002295	g1826.t1	
OG0002296	g1828.t1	
OG0002297	g1829.t1	
OG0002298	g1830.t1	
OG0002299	g1831.t1	
OG0002300	g1832.t1	
OG0002301	g1833.t1	
OG0002302	g1836.t1	
OG0002303	g1838.t1	
OG0002304	g1839.t1	
OG0002305	g1840.t1	
OG0002306	g1841.t1	
OG0002307	g1853.t1	
OG0002308	g1854.t1	
OG0002309	g1858.t1	
OG0002310	g1859.t1	
OG0002311	g1861.t1	
OG0002312	g1862.t1	
OG0002313	g1867.t1	
OG0002314	g1868.t1	
OG0002315	g1870.t1	
OG0002316	g1871.t1	
OG0002317	g1872.t1	
OG0002318	g1873.t1	
OG0002319	g1875.t1	
OG0002320	g1878.t1	
OG0002321	g1883.t1	
OG0002322	g1885.t1	
OG0002323	g1887.t1	
OG0002324	g1889.t1	
OG0002325	g1894.t1	
OG0002326	g1895.t1	
OG0002327	g1896.t1	
OG0002328	g1899.t1	
OG0002329	g1901.t1	
OG0002330	g1904.t1	
OG0002331	g1906.t1	
OG0002332	g1907.t1	
OG0002333	g1910.t1	
OG0002334	g1914.t1	
OG0002335	g1920.t1	
OG0002336	g1923.t1	
OG0002337	g1924.t1	
OG0002338	g1925.t1	
OG0002339	g1929.t1	
OG0002340	g1930.t1	
OG0002341	g1931.t1	
OG0002342	g1933.t1	
OG0002343	g1934.t1	
OG0002344	g1936.t1	
OG0002345	g1937.t1	
OG0002346	g1938.t1	
OG0002347	g1949.t1	
OG0002348	g1950.t1	
OG0002349	g1951.t1	
OG0002350	g1952.t1	
OG0002351	g1956.t1	
OG0002352	g1958.t1	
OG0002353	g1963.t1	
OG0002354	g1964.t1	
OG0002355	g1970.t1	
OG0002356	g1973.t1	
OG0002357	g1974.t1	
OG0002358	g1975.t1	
OG0002359	g1977.t1	
OG0002360	g1978.t1	
OG0002361	g1979.t1	
OG0002362	g1986.t1	
OG0002363	g1987.t1	
OG0002364	g1991.t1	
OG0002365	g1994.t1	
OG0002366	g1995.t1	
OG0002367	g1998.t1	
OG0002368	g2008.t1	
OG0002369	g2010.t1	
OG0002370	g2011.t1	
OG0002371	g2012.t1	
OG0002372	g2014.t1	
OG0002373	g2019.t1	
OG0002374	g2021.t1	
OG0002375	g2024.t1	
OG0002376	g2025.t1	
OG0002377	g2026.t1	
OG0002378	g2028.t1	
OG0002379	g2030.t1	
OG0002380	g2032.t1	
OG0002381	g2033.t1	
OG0002382	g2034.t1	
OG0002383	g2038.t1	
OG0002384	g2039.t1	
OG0002385	g2044.t1	
OG0002386	g2045.t1	
OG0002387	g2046.t1	
OG0002388	g2049.t1	
OG0002389	g2051.t1	
OG0002390	g2052.t1	
OG0002391	g2053.t1	
OG0002392	g2054.t1	
OG0002393	g2056.t1	
OG0002394	g2057.t1	
OG0002395	g2059.t1	
OG0002396	g2061.t1	
OG0002397	g2062.t1	
OG0002398	g2065.t1	
OG0002399	g2069.t1	
OG0002400	g2071.t1	
OG0002401	g2072.t1	
OG0002402	g2074.t1	
OG0002403	g2079.t1	
OG0002404	g2081.t1	
OG0002405	g2083.t1	
OG0002406	g2084.t1	
OG0002407	g2087.t1	
OG0002408	g2090.t1	
OG0002409	g2092.t1	
OG0002410	g2096.t1	
OG0002411	g2099.t1	
OG0002412	g2100.t1	
OG0002413	g2101.t1	
OG0002414	g2102.t1	
OG0002415	g2103.t1	
OG0002416	g2104.t1	
OG0002417	g2105.t1	
OG0002418	g2107.t1	
OG0002419	g2108.t1	
OG0002420	g2109.t1	
OG0002421	g2112.t1	
OG0002422	g2113.t1	
OG0002423	g2115.t1	
OG0002424	g2117.t1	
OG0002425	g2118.t1	
OG0002426	g2122.t1	
OG0002427	g2131.t1	
OG0002428	g2135.t1	
OG0002429	g2140.t1	
OG0002430	g2141.t1	
OG0002431	g2142.t1	
OG0002432	g2143.t1	
OG0002433	g2144.t1	
OG0002434	g2145.t1	
OG0002435	g2147.t1	
OG0002436	g2150.t1	
OG0002437	g2151.t1	
OG0002438	g2152.t1	
OG0002439	g2155.t1	
OG0002440	g2156.t1	
OG0002441	g2160.t1	
OG0002442	g2161.t1	
OG0002443	g2162.t1	
OG0002444	g2164.t1	
OG0002445	g2166.t1	
OG0002446	g2167.t1	
OG0002447	g2168.t1	
OG0002448	g2169.t1	
OG0002449	g2170.t1	
OG0002450	g2172.t1	
OG0002451	g2173.t1	
OG0002452	g2175.t1	
OG0002453	g2176.t1	
OG0002454	g2179.t1	
OG0002455	g2182.t1	
OG0002456	g2192.t1	
OG0002457	g2193.t1	
OG0002458	g2200.t1	
OG0002459	g2201.t1	
OG0002460	g2203.t1	
OG0002461	g2204.t1	
OG0002462	g2207.t1	
OG0002463	g2208.t1	
OG0002464	g2211.t1	
OG0002465	g2212.t1	
OG0002466	g2213.t1	
OG0002467	g2224.t1	
OG0002468	g2227.t1	
OG0002469	g2228.t1	
OG0002470	g2229.t1	
OG0002471	g2230.t1	
OG0002472	g2231.t1	
OG0002473	g2232.t1	
OG0002474	g2233.t1	
OG0002475	g2234.t1	
OG0002476	g2235.t1	
OG0002477	g2238.t1	
OG0002478	g2242.t1	
OG0002479	g2244.t1	
OG0002480	g2245.t1	
OG0002481	g2247.t1	
OG0002482	g2253.t1	
OG0002483	g2259.t1	
OG0002484	g2261.t1	
OG0002485	g2262.t1	
OG0002486	g2264.t1	
OG0002487	g2266.t1	
OG0002488	g2273.t1	
OG0002489	g2274.t1	
OG0002490	g2275.t1	
OG0002491	g2277.t1	
OG0002492	g2280.t1	
OG0002493	g2281.t1	
OG0002494	g2282.t1	
OG0002495	g2284.t1	
OG0002496	g2286.t1	
OG0002497	g2287.t1	
OG0002498	g2289.t1	
OG0002499	g2291.t1	
OG0002500	g2292.t1	
OG0002501	g2293.t1	
OG0002502	g2295.t1	
OG0002503	g2296.t1	
OG0002504	g2297.t1	
OG0002505	g2300.t1	
OG0002506	g2305.t1	
OG0002507	g2306.t1	
OG0002508	g2311.t1	
OG0002509	g2314.t1	
OG0002510	g2317.t1	
OG0002511	g2326.t1	
OG0002512	g2329.t1	
OG0002513	g2331.t1	
OG0002514	g2334.t1	
OG0002515	g2341.t1	
OG0002516	g2342.t1	
OG0002517	g2343.t1	
OG0002518	g2346.t1	
OG0002519	g2354.t1	
OG0002520	g2355.t1	
OG0002521	g2356.t1	
OG0002522	g2364.t1	
OG0002523	g2365.t1	
OG0002524	g2371.t1	
OG0002525	g2372.t1	
OG0002526	g2375.t1	
OG0002527	g2382.t1	
OG0002528	g2383.t1	
OG0002529	g2385.t1	
OG0002530	g2386.t1	
OG0002531	g2387.t1	
OG0002532	g2391.t1	
OG0002533	g2392.t1	
OG0002534	g2398.t1	
OG0002535	g2401.t1	
OG0002536	g2405.t1	
OG0002537	g2407.t1	
OG0002538	g2412.t1	
OG0002539	g2415.t1	
OG0002540	g2420.t1	
OG0002541	g2421.t1	
OG0002542	g2422.t1	
OG0002543	g2425.t1	
OG0002544	g2427.t1	
OG0002545	g2432.t1	
OG0002546	g2435.t1	
OG0002547	g2436.t1	
OG0002548	g2439.t1	
OG0002549	g2440.t1	
OG0002550	g2441.t1	
OG0002551	g2446.t1	
OG0002552	g2451.t1	
OG0002553	g2456.t1	
OG0002554	g2457.t1	
OG0002555	g2460.t1	
OG0002556	g2461.t1	
OG0002557	g2471.t1	
OG0002558	g2473.t1	
OG0002559	g2475.t1	
OG0002560	g2478.t1	
OG0002561	g2479.t1	
OG0002562	g2480.t1	
OG0002563	g2482.t1	
OG0002564	g2485.t1	
OG0002565	g2487.t1	
OG0002566	g2490.t1	
OG0002567	g2491.t1	
OG0002568	g2492.t1	
OG0002569	g2493.t1	
OG0002570	g2496.t1	
OG0002571	g2500.t1	
OG0002572	g2501.t1	
OG0002573	g2505.t1	
OG0002574	g2507.t1	
OG0002575	g2513.t1	
OG0002576	g2514.t1	
OG0002577	g2515.t1	
OG0002578	g2520.t1	
OG0002579	g2524.t1	
OG0002580	g2525.t1	
OG0002581	g2531.t1	
OG0002582	g2533.t1	
OG0002583	g2534.t1	
OG0002584	g2537.t1	
OG0002585	g2539.t1	
OG0002586	g2540.t1	
OG0002587	g2541.t1	
OG0002588	g2545.t1	
OG0002589	g2548.t1	
OG0002590	g2551.t1	
OG0002591	g2560.t1	
OG0002592	g2561.t1	
OG0002593	g2562.t1	
OG0002594	g2563.t1	
OG0002595	g2570.t1	
OG0002596	g2573.t1	
OG0002597	g2574.t1	
OG0002598	g2575.t1	
OG0002599	g2580.t1	
OG0002600	g2581.t1	
OG0002601	g2583.t1	
OG0002602	g2584.t1	
OG0002603	g2589.t1	
OG0002604	g2592.t1	
OG0002605	g2593.t1	
OG0002606	g2594.t1	
OG0002607	g2597.t1	
OG0002608	g2599.t1	
OG0002609	g2600.t1	
OG0002610	g2601.t1	
OG0002611	g2602.t1	
OG0002612	g2604.t1	
OG0002613	g2606.t1	
OG0002614	g2607.t1	
OG0002615	g2608.t1	
OG0002616	g2609.t1	
OG0002617	g2610.t1	
OG0002618	g2616.t1	
OG0002619	g2617.t1	
OG0002620	g2618.t1	
OG0002621	g2619.t1	
OG0002622	g2620.t1	
OG0002623	g2621.t1	
OG0002624	g2622.t1	
OG0002625	g2626.t1	
OG0002626	g2627.t1	
OG0002627	g2629.t1	
OG0002628	g2631.t1	
OG0002629	g2634.t1	
OG0002630	g2635.t1	
OG0002631	g2637.t1	
OG0002632	g2638.t1	
OG0002633	g2641.t1	
OG0002634	g2644.t1	
OG0002635	g2645.t1	
OG0002636	g2646.t1	
OG0002637	g2648.t1	
OG0002638	g2650.t1	
OG0002639	g2651.t1	
OG0002640	g2652.t1	
OG0002641	g2653.t1	
OG0002642	g2654.t1	
OG0002643	g2656.t1	
OG0002644	g2657.t1	
OG0002645	g2658.t1	
OG0002646	g2663.t1	
OG0002647	g2664.t1	
OG0002648	g2665.t1	
OG0002649	g2666.t1	
OG0002650	g2669.t1	
OG0002651	g2673.t1	
OG0002652	g2676.t1	
OG0002653	g2678.t1	
OG0002654	g2684.t1	
OG0002655	g2685.t1	
OG0002656	g2686.t1	
OG0002657	g2687.t1	
OG0002658	g2689.t1	
OG0002659	g2690.t1	
OG0002660	g2692.t1	
OG0002661	g2693.t1	
OG0002662	g2695.t1	
OG0002663	g2696.t1	
OG0002664	g2697.t1	
OG0002665	g2704.t1	
OG0002666	g2706.t1	
OG0002667	g2708.t1	
OG0002668	g2714.t1	
OG0002669	g2715.t1	
OG0002670	g2718.t1	
OG0002671	g2719.t1	
OG0002672	g2724.t1	
OG0002673	g2728.t1	
OG0002674	g2731.t1	
OG0002675	g2735.t1	
OG0002676	g2746.t1	
OG0002677	g2750.t1	
OG0002678	g2753.t1	
OG0002679	g2754.t1	
OG0002680	g2755.t1	
OG0002681	g2756.t1	
OG0002682	g2758.t1	
OG0002683	g2760.t1	
OG0002684	g2761.t1	
OG0002685	g2762.t1	
OG0002686	g2763.t1	
OG0002687	g2766.t1	
OG0002688	g2767.t1	
OG0002689	g2768.t1	
OG0002690	g2769.t1	
OG0002691	g2770.t1	
OG0002692	g2771.t1	
OG0002693	g2772.t1	
OG0002694	g2773.t1	
OG0002695	g2775.t1	
OG0002696	g2776.t1	
OG0002697	g2778.t1	
OG0002698	g2779.t1	
OG0002699	g2780.t1	
OG0002700	g2781.t1	
OG0002701	g2784.t1	
OG0002702	g2786.t1	
OG0002703	g2791.t1	
OG0002704	g2798.t1	
OG0002705	g2800.t1	
OG0002706	g2805.t1	
OG0002707	g2807.t1	
OG0002708	g2814.t1	
OG0002709	g2816.t1	
OG0002710	g2826.t1	
OG0002711	g2830.t1	
OG0002712	g2843.t1	
OG0002713	g2850.t1	
OG0002714	g2854.t1	
OG0002715	g2857.t1	
OG0002716	g2862.t1	
OG0002717	g2866.t1	
OG0002718	g2873.t1	
OG0002719	g2875.t1	
OG0002720	g2877.t1	
OG0002721	g2886.t1	
OG0002722	g2889.t1	
OG0002723	g2894.t1	
OG0002724	g2904.t1	
OG0002725	g2908.t1	
OG0002726	g2909.t1	
OG0002727	g2911.t1	
OG0002728	g2913.t1	
OG0002729	g2916.t1	
OG0002730	g2917.t1	
OG0002731	g2921.t1	
OG0002732	g2923.t1	
OG0002733	g2924.t1	
OG0002734	g2929.t1	
OG0002735	g2932.t1	
OG0002736	g2934.t1	
OG0002737	g2938.t1	
OG0002738	g2939.t1	
OG0002739	g2944.t1	
OG0002740	g2946.t1	
OG0002741	g2954.t1	
OG0002742	g2955.t1	
OG0002743	g2956.t1	
OG0002744	g2957.t1	
OG0002745	g2958.t1	
OG0002746	g2961.t1	
OG0002747	g2962.t1	
OG0002748	g2964.t1	
OG0002749	g2967.t1	
OG0002750	g2975.t1	
OG0002751	g2976.t1	
OG0002752	g2979.t1	
OG0002753	g2980.t1	
OG0002754	g2982.t1	
OG0002755	g2983.t1	
OG0002756	g2985.t1	
OG0002757	g2987.t1	
OG0002758	g2989.t1	
OG0002759	g2990.t1	
OG0002760	g2991.t1	
OG0002761	g2994.t1	
OG0002762	g2995.t1	
OG0002763	g2997.t1	
OG0002764	g3010.t1	
OG0002765	g3014.t1	
OG0002766	g3019.t1	
OG0002767	g3020.t1	
OG0002768	g3021.t1	
OG0002769	g3025.t1	
OG0002770	g3026.t1	
OG0002771	g3028.t1	
OG0002772	g3031.t1	
OG0002773	g3032.t1	
OG0002774	g3034.t1	
OG0002775	g3040.t1	
OG0002776	g3041.t1	
OG0002777	g3047.t1	
OG0002778	g3049.t1	
OG0002779	g3050.t1	
OG0002780	g3055.t1	
OG0002781	g3060.t1	
OG0002782	g3061.t1	
OG0002783	g3063.t1	
OG0002784	g3065.t1	
OG0002785	g3074.t1	
OG0002786	g3080.t1	
OG0002787	g3088.t1	
OG0002788	g3089.t1	
OG0002789	g3091.t1	
OG0002790	g3094.t1	
OG0002791	g3095.t1	
OG0002792	g3097.t1	
OG0002793	g3100.t1	
OG0002794	g3113.t1	
OG0002795	g3115.t1	
OG0002796	g3118.t1	
OG0002797	g3119.t1	
OG0002798	g3121.t1	
OG0002799	g3122.t1	
OG0002800	g3123.t1	
OG0002801	g3125.t1	
OG0002802	g3126.t1	
OG0002803	g3129.t1	
OG0002804	g3132.t1	
OG0002805	g3141.t1	
OG0002806	g3142.t1	
OG0002807	g3143.t1	
OG0002808	g3146.t1	
OG0002809	g3147.t1	
OG0002810	g3148.t1	
OG0002811	g3149.t1	
OG0002812	g3151.t1	
OG0002813	g3152.t1	
OG0002814	g3153.t1	
OG0002815	g3158.t1	
OG0002816	g3161.t1	
OG0002817	g3163.t1	
OG0002818	g3164.t1	
OG0002819	g3165.t1	
OG0002820	g3166.t1	
OG0002821	g3167.t1	
OG0002822	g3169.t1	
OG0002823	g3171.t1	
OG0002824	g3176.t1	
OG0002825	g3177.t1	
OG0002826	g3179.t1	
OG0002827	g3181.t1	
OG0002828	g3184.t1	
OG0002829	g3185.t1	
OG0002830	g3189.t1	
OG0002831	g3191.t1	
OG0002832	g3192.t1	
OG0002833	g3195.t1	
OG0002834	g3197.t1	
OG0002835	g3198.t1	
OG0002836	g3202.t1	
OG0002837	g3203.t1	
OG0002838	g3204.t1	
OG0002839	g3206.t1	
OG0002840	g3207.t1	
OG0002841	g3208.t1	
OG0002842	g3211.t1	
OG0002843	g3215.t1	
OG0002844	g3217.t1	
OG0002845	g3218.t1	
OG0002846	g3220.t1	
OG0002847	g3223.t1	
OG0002848	g3224.t1	
OG0002849	g3227.t1	
OG0002850	g3230.t1	
OG0002851	g3232.t1	
OG0002852	g3236.t1	
OG0002853	g3243.t1	
OG0002854	g3245.t1	
OG0002855	g3246.t1	
OG0002856	g3247.t1	
OG0002857	g3248.t1	
OG0002858	g3251.t1	
OG0002859	g3254.t1	
OG0002860	g3255.t1	
OG0002861	g3256.t1	
OG0002862	g3259.t1	
OG0002863	g3262.t1	
OG0002864	g3267.t1	
OG0002865	g3269.t1	
OG0002866	g3270.t1	
OG0002867	g3272.t1	
OG0002868	g3274.t1	
OG0002869	g3276.t1	
OG0002870	g3277.t1	
OG0002871	g3287.t1	
OG0002872	g3288.t1	
OG0002873	g3292.t1	
OG0002874	g3297.t1	
OG0002875	g3298.t1	
OG0002876	g3299.t1	
OG0002877	g3302.t1	
OG0002878	g3306.t1	
OG0002879	g3307.t1	
OG0002880	g3315.t1	
OG0002881	g3318.t1	
OG0002882	g3319.t1	
OG0002883	g3320.t1	
OG0002884	g3323.t1	
OG0002885	g3324.t1	
OG0002886	g3328.t1	
OG0002887	g3329.t1	
OG0002888	g3332.t1	
OG0002889	g3334.t1	
OG0002890	g3350.t1	
OG0002891	g3351.t1	
OG0002892	g3353.t1	
OG0002893	g3358.t1	
OG0002894	g3359.t1	
OG0002895	g3360.t1	
OG0002896	g3363.t1	
OG0002897	g3366.t1	
OG0002898	g3368.t1	
OG0002899	g3369.t1	
OG0002900	g3371.t1	
OG0002901	g3380.t1	
OG0002902	g3382.t1	
OG0002903	g3385.t1	
OG0002904	g3391.t1	
OG0002905	g3392.t1	
OG0002906	g3396.t1	
OG0002907	g3397.t1	
OG0002908	g3398.t1	
OG0002909	g3405.t1	
OG0002910	g3406.t1	
OG0002911	g3412.t1	
OG0002912	g3417.t1	
OG0002913	g3419.t1	
OG0002914	g3420.t1	
OG0002915	g3421.t1	
OG0002916	g3428.t1	
OG0002917	g3434.t1	
OG0002918	g3435.t1	
OG0002919	g3439.t1	
OG0002920	g3441.t1	
OG0002921	g3451.t1	
OG0002922	g3457.t1	
OG0002923	g3460.t1	
OG0002924	g3461.t1	
OG0002925	g3462.t1	
OG0002926	g3469.t1	
OG0002927	g3471.t1	
OG0002928	g3477.t1	
OG0002929	g3478.t1	
OG0002930	g3480.t1	
OG0002931	g3481.t1	
OG0002932	g3485.t1	
OG0002933	g3491.t1	
OG0002934	g3492.t1	
OG0002935	g3496.t1	
OG0002936	g3499.t1	
OG0002937	g3500.t1	
OG0002938	g3502.t1	
OG0002939	g3509.t1	
OG0002940	g3515.t1	
OG0002941	g3518.t1	
OG0002942	g3522.t1	
OG0002943	g3527.t1	
OG0002944	g3528.t1	
OG0002945	g3533.t1	
OG0002946	g3534.t1	
OG0002947	g3535.t1	
OG0002948	g3536.t1	
OG0002949	g3537.t1	
OG0002950	g3542.t1	
OG0002951	g3543.t1	
OG0002952	g3544.t1	
OG0002953	g3547.t1	
OG0002954	g3549.t1	
OG0002955	g3552.t1	
OG0002956	g3553.t1	
OG0002957	g3554.t1	
OG0002958	g3560.t1	
OG0002959	g3561.t1	
OG0002960	g3562.t1	
OG0002961		g2.t1
OG0002962		g3.t1
OG0002963		g4.t1
OG0002964		g8.t1
OG0002965		g9.t1
OG0002966		g10.t1
OG0002967		g14.t1
OG0002968		g15.t1
OG0002969		g18.t1
OG0002970		g38.t1
OG0002971		g48.t1
OG0002972		g55.t1
OG0002973		g63.t1
OG0002974		g79.t1
OG0002975		g86.t1
OG0002976		g90.t1
OG0002977		g91.t1
OG0002978		g94.t1
OG0002979		g96.t1
OG0002980		g98.t1
OG0002981		g102.t1
OG0002982		g103.t1
OG0002983		g106.t1
OG0002984		g117.t1
OG0002985		g126.t1
OG0002986		g127.t1
OG0002987		g128.t1
OG0002988		g130.t1
OG0002989		g131.t1
OG0002990		g134.t1
OG0002991		g135.t1
OG0002992		g138.t1
OG0002993		g143.t1
OG0002994		g144.t1
OG0002995		g151.t1
OG0002996		g152.t1
OG0002997		g153.t1
OG0002998		g154.t1
OG0002999		g155.t1
OG0003000		g160.t1
OG0003001		g162.t1
OG0003002		g164.t1
OG0003003		g167.t1
OG0003004		g168.t1
OG0003005		g181.t1
OG0003006		g182.t1
OG0003007		g183.t1
OG0003008		g188.t1
OG0003009		g196.t1
OG0003010		g201.t1
OG0003011		g206.t1
OG0003012		g207.t1
OG0003013		g208.t1
OG0003014		g219.t1
OG0003015		g220.t1
OG0003016		g224.t1
OG0003017		g227.t1
OG0003018		g230.t1
OG0003019		g231.t1
OG0003020		g232.t1
OG0003021		g233.t1
OG0003022		g234.t1
OG0003023		g236.t1
OG0003024		g237.t1
OG0003025		g239.t1
OG0003026		g240.t1
OG0003027		g248.t1
OG0003028		g249.t1
OG0003029		g251.t1
OG0003030		g252.t1
OG0003031		g253.t1
OG0003032		g255.t1
OG0003033		g256.t1
OG0003034		g257.t1
OG0003035		g258.t1
OG0003036		g259.t1
OG0003037		g260.t1
OG0003038		g262.t1
OG0003039		g263.t1
OG0003040		g264.t1
OG0003041		g267.t1
OG0003042		g268.t1
OG0003043		g270.t1
OG0003044		g271.t1
OG0003045		g272.t1
OG0003046		g273.t1
OG0003047		g274.t1
OG0003048		g275.t1
OG0003049		g276.t1
OG0003050		g279.t1
OG0003051		g280.t1
OG0003052		g284.t1
OG0003053		g287.t1
OG0003054		g288.t1
OG0003055		g289.t1
OG0003056		g294.t1
OG0003057		g296.t1
OG0003058		g298.t1
OG0003059		g299.t1
OG0003060		g305.t1
OG0003061		g307.t1
OG0003062		g308.t1
OG0003063		g309.t1
OG0003064		g313.t1
OG0003065		g318.t1
OG0003066		g328.t1
OG0003067		g329.t1
OG0003068		g331.t1
OG0003069		g337.t1
OG0003070		g342.t1
OG0003071		g345.t1
OG0003072		g346.t1
OG0003073		g347.t1
OG0003074		g348.t1
OG0003075		g350.t1
OG0003076		g352.t1
OG0003077		g353.t1
OG0003078		g356.t1
OG0003079		g357.t1
OG0003080		g358.t1
OG0003081		g359.t1
OG0003082		g360.t1
OG0003083		g361.t1
OG0003084		g364.t1
OG0003085		g365.t1
OG0003086		g368.t1
OG0003087		g372.t1
OG0003088		g374.t1
OG0003089		g375.t1
OG0003090		g380.t1
OG0003091		g381.t1
OG0003092		g382.t1
OG0003093		g388.t1
OG0003094		g391.t1
OG0003095		g393.t1
OG0003096		g394.t1
OG0003097		g395.t1
OG0003098		g396.t1
OG0003099		g399.t1
OG0003100		g408.t1
OG0003101		g411.t1
OG0003102		g412.t1
OG0003103		g413.t1
OG0003104		g423.t1
OG0003105		g430.t1
OG0003106		g433.t1
OG0003107		g436.t1
OG0003108		g437.t1
OG0003109		g440.t1
OG0003110		g446.t1
OG0003111		g447.t1
OG0003112		g448.t1
OG0003113		g451.t1
OG0003114		g452.t1
OG0003115		g456.t1
OG0003116		g457.t1
OG0003117		g459.t1
OG0003118		g461.t1
OG0003119		g462.t1
OG0003120		g463.t1
OG0003121		g466.t1
OG0003122		g468.t1
OG0003123		g471.t1
OG0003124		g472.t1
OG0003125		g474.t1
OG0003126		g475.t1
OG0003127		g479.t1
OG0003128		g481.t1
OG0003129		g483.t1
OG0003130		g487.t1
OG0003131		g491.t1
OG0003132		g492.t1
OG0003133		g494.t1
OG0003134		g495.t1
OG0003135		g496.t1
OG0003136		g497.t1
OG0003137		g500.t1
OG0003138		g503.t1
OG0003139		g504.t1
OG0003140		g505.t1
OG0003141		g506.t1
OG0003142		g514.t1
OG0003143		g515.t1
OG0003144		g516.t1
OG0003145		g520.t1
OG0003146		g522.t1
OG0003147		g524.t1
OG0003148		g525.t1
OG0003149		g531.t1
OG0003150		g536.t1
OG0003151		g540.t1
OG0003152		g551.t1
OG0003153		g552.t1
OG0003154		g556.t1
OG0003155		g559.t1
OG0003156		g562.t1
OG0003157		g563.t1
OG0003158		g566.t1
OG0003159		g575.t1
OG0003160		g585.t1
OG0003161		g586.t1
OG0003162		g588.t1
OG0003163		g590.t1
OG0003164		g594.t1
OG0003165		g596.t1
OG0003166		g599.t1
OG0003167		g604.t1
OG0003168		g605.t1
OG0003169		g611.t1
OG0003170		g618.t1
OG0003171		g624.t1
OG0003172		g630.t1
OG0003173		g638.t1
OG0003174		g639.t1
OG0003175		g640.t1
OG0003176		g641.t1
OG0003177		g646.t1
OG0003178		g648.t1
OG0003179		g650.t1
OG0003180		g658.t1
OG0003181		g659.t1
OG0003182		g661.t1
OG0003183		g664.t1
OG0003184		g665.t1
OG0003185		g666.t1
OG0003186		g667.t1
OG0003187		g668.t1
OG0003188		g669.t1
OG0003189		g671.t1
OG0003190		g673.t1
OG0003191		g674.t1
OG0003192		g683.t1
OG0003193		g684.t1
OG0003194		g688.t1
OG0003195		g689.t1
OG0003196		g690.t1
OG0003197		g691.t1
OG0003198		g693.t1
OG0003199		g694.t1
OG0003200		g695.t1
OG0003201		g708.t1
OG0003202		g712.t1
OG0003203		g713.t1
OG0003204		g714.t1
OG0003205		g715.t1
OG0003206		g718.t1
OG0003207		g720.t1
OG0003208		g721.t1
OG0003209		g722.t1
OG0003210		g724.t1
OG0003211		g725.t1
OG0003212		g726.t1
OG0003213		g727.t1
OG0003214		g738.t1
OG0003215		g744.t1
OG0003216		g745.t1
OG0003217		g746.t1
OG0003218		g748.t1
OG0003219		g749.t1
OG0003220		g754.t1
OG0003221		g757.t1
OG0003222		g760.t1
OG0003223		g761.t1
OG0003224		g765.t1
OG0003225		g769.t1
OG0003226		g774.t1
OG0003227		g776.t1
OG0003228		g782.t1
OG0003229		g787.t1
OG0003230		g788.t1
OG0003231		g794.t1
OG0003232		g795.t1
OG0003233		g806.t1
OG0003234		g807.t1
OG0003235		g809.t1
OG0003236		g811.t1
OG0003237		g814.t1
OG0003238		g824.t1
OG0003239		g826.t1
OG0003240		g827.t1
OG0003241		g828.t1
OG0003242		g830.t1
OG0003243		g831.t1
OG0003244		g832.t1
OG0003245		g833.t1
OG0003246		g834.t1
OG0003247		g835.t1
OG0003248		g837.t1
OG0003249		g839.t1
OG0003250		g840.t1
OG0003251		g843.t1
OG0003252		g845.t1
OG0003253		g852.t1
OG0003254		g868.t1
OG0003255		g872.t1
OG0003256		g873.t1
OG0003257		g875.t1
OG0003258		g876.t1
OG0003259		g877.t1
OG0003260		g880.t1
OG0003261		g881.t1
OG0003262		g883.t1
OG0003263		g885.t1
OG0003264		g887.t1
OG0003265		g889.t1
OG0003266		g890.t1
OG0003267		g896.t1
OG0003268		g902.t1
OG0003269		g908.t1
OG0003270		g909.t1
OG0003271		g916.t1
OG0003272		g918.t1
OG0003273		g919.t1
OG0003274		g920.t1
OG0003275		g921.t1
OG0003276		g922.t1
OG0003277		g923.t1
OG0003278		g924.t1
OG0003279		g925.t1
OG0003280		g926.t1
OG0003281		g927.t1
OG0003282		g928.t1
OG0003283		g929.t1
OG0003284		g939.t1
OG0003285		g945.t1
OG0003286		g954.t1
OG0003287		g982.t1
OG0003288		g984.t1
OG0003289		g988.t1
OG0003290		g991.t1
OG0003291		g994.t1
OG0003292		g997.t1
OG0003293		g998.t1
OG0003294		g999.t1
OG0003295		g1000.t1
OG0003296		g1003.t1
OG0003297		g1004.t1
OG0003298		g1005.t1
OG0003299		g1007.t1
OG0003300		g1009.t1
OG0003301		g1012.t1
OG0003302		g1015.t1
OG0003303		g1016.t1
OG0003304		g1017.t1
OG0003305		g1018.t1
OG0003306		g1020.t1
OG0003307		g1022.t1
OG0003308		g1023.t1
OG0003309		g1024.t1
OG0003310		g1026.t1
OG0003311		g1027.t1
OG0003312		g1033.t1
OG0003313		g1035.t1
OG0003314		g1039.t1
OG0003315		g1040.t1
OG0003316		g1044.t1
OG0003317		g1047.t1
OG0003318		g1051.t1
OG0003319		g1055.t1
OG0003320		g1056.t1
OG0003321		g1058.t1
OG0003322		g1059.t1
OG0003323		g1060.t1
OG0003324		g1061.t1
OG0003325		g1063.t1
OG0003326		g1064.t1
OG0003327		g1065.t1
OG0003328		g1069.t1
OG0003329		g1073.t1
OG0003330		g1076.t1
OG0003331		g1079.t1
OG0003332		g1080.t1
OG0003333		g1082.t1
OG0003334		g1083.t1
OG0003335		g1084.t1
OG0003336		g1087.t1
OG0003337		g1089.t1
OG0003338		g1090.t1
OG0003339		g1091.t1
OG0003340		g1092.t1
OG0003341		g1093.t1
OG0003342		g1095.t1
OG0003343		g1099.t1
OG0003344		g1100.t1
OG0003345		g1102.t1
OG0003346		g1103.t1
OG0003347		g1107.t1
OG0003348		g1109.t1
OG0003349		g1110.t1
OG0003350		g1111.t1
OG0003351		g1112.t1
OG0003352		g1119.t1
OG0003353		g1124.t1
OG0003354		g1125.t1
OG0003355		g1126.t1
OG0003356		g1127.t1
OG0003357		g1129.t1
OG0003358		g1137.t1
OG0003359		g1144.t1
OG0003360		g1145.t1
OG0003361		g1146.t1
OG0003362		g1147.t1
OG0003363		g1148.t1
OG0003364		g1151.t1
OG0003365		g1153.t1
OG0003366		g1155.t1
OG0003367		g1156.t1
OG0003368		g1157.t1
OG0003369		g1160.t1
OG0003370		g1162.t1
OG0003371		g1164.t1
OG0003372		g1168.t1
OG0003373		g1169.t1
OG0003374		g1171.t1
OG0003375		g1172.t1
OG0003376		g1173.t1
OG0003377		g1175.t1
OG0003378		g1179.t1
OG0003379		g1180.t1
OG0003380		g1182.t1
OG0003381		g1183.t1
OG0003382		g1185.t1
OG0003383		g1187.t1
OG0003384		g1188.t1
OG0003385		g1189.t1
OG0003386		g1191.t1
OG0003387		g1192.t1
OG0003388		g1193.t1
OG0003389		g1196.t1
OG0003390		g1199.t1
OG0003391		g1201.t1
OG0003392		g1203.t1
OG0003393		g1204.t1
OG0003394		g1207.t1
OG0003395		g1211.t1
OG0003396		g1213.t1
OG0003397		g1214.t1
OG0003398		g1216.t1
OG0003399		g1217.t1
OG0003400		g1218.t1
OG0003401		g1219.t1
OG0003402		g1220.t1
OG0003403		g1221.t1
OG0003404		g1224.t1
OG0003405		g1225.t1
OG0003406		g1226.t1
OG0003407		g1228.t1
OG0003408		g1229.t1
OG0003409		g1230.t1
OG0003410		g1231.t1
OG0003411		g1232.t1
OG0003412		g1234.t1
OG0003413		g1235.t1
OG0003414		g1236.t1
OG0003415		g1243.t1
OG0003416		g1245.t1
OG0003417		g1249.t1
OG0003418		g1250.t1
OG0003419		g1252.t1
OG0003420		g1262.t1
OG0003421		g1269.t1
OG0003422		g1286.t1
OG0003423		g1290.t1
OG0003424		g1291.t1
OG0003425		g1293.t1
OG0003426		g1295.t1
OG0003427		g1297.t1
OG0003428		g1298.t1
OG0003429		g1299.t1
OG0003430		g1300.t1
OG0003431		g1301.t1
OG0003432		g1302.t1
OG0003433		g1303.t1
OG0003434		g1305.t1
OG0003435		g1306.t1
OG0003436		g1307.t1
OG0003437		g1308.t1
OG0003438		g1309.t1
OG0003439		g1311.t1
OG0003440		g1312.t1
OG0003441		g1313.t1
OG0003442		g1316.t1
OG0003443		g1317.t1
OG0003444		g1328.t1
OG0003445		g1332.t1
OG0003446		g1333.t1
OG0003447		g1334.t1
OG0003448		g1335.t1
OG0003449		g1342.t1
OG0003450		g1343.t1
OG0003451		g1349.t1
OG0003452		g1351.t1
OG0003453		g1352.t1
OG0003454		g1354.t1
OG0003455		g1356.t1
OG0003456		g1361.t1
OG0003457		g1365.t1
OG0003458		g1369.t1
OG0003459		g1370.t1
OG0003460		g1378.t1
OG0003461		g1379.t1
OG0003462		g1394.t1
OG0003463		g1395.t1
OG0003464		g1396.t1
OG0003465		g1397.t1
OG0003466		g1398.t1
OG0003467		g1401.t1
OG0003468		g1402.t1
OG0003469		g1404.t1
OG0003470		g1413.t1
OG0003471		g1420.t1
OG0003472		g1421.t1
OG0003473		g1422.t1
OG0003474		g1425.t1
OG0003475		g1433.t1
OG0003476		g1437.t1
OG0003477		g1443.t1
OG0003478		g1444.t1
OG0003479		g1445.t1
OG0003480		g1447.t1
OG0003481		g1448.t1
OG0003482		g1449.t1
OG0003483		g1451.t1
OG0003484		g1456.t1
OG0003485		g1457.t1
OG0003486		g1458.t1
OG0003487		g1459.t1
OG0003488		g1460.t1
OG0003489		g1467.t1
OG0003490		g1469.t1
OG0003491		g1477.t1
OG0003492		g1479.t1
OG0003493		g1482.t1
OG0003494		g1484.t1
OG0003495		g1485.t1
OG0003496		g1487.t1
OG0003497		g1488.t1
OG0003498		g1489.t1
OG0003499		g1490.t1
OG0003500		g1491.t1
OG0003501		g1495.t1
OG0003502		g1498.t1
OG0003503		g1499.t1
OG0003504		g1501.t1
OG0003505		g1502.t1
OG0003506		g1503.t1
OG0003507		g1504.t1
OG0003508		g1507.t1
OG0003509		g1509.t1
OG0003510		g1511.t1
OG0003511		g1522.t1
OG0003512		g1525.t1
OG0003513		g1528.t1
OG0003514		g1529.t1
OG0003515		g1534.t1
OG0003516		g1535.t1
OG0003517		g1536.t1
OG0003518		g1537.t1
OG0003519		g1538.t1
OG0003520		g1539.t1
OG0003521		g1540.t1
OG0003522		g1543.t1
OG0003523		g1544.t1
OG0003524		g1545.t1
OG0003525		g1551.t1
OG0003526		g1553.t1
OG0003527		g1554.t1
OG0003528		g1555.t1
OG0003529		g1556.t1
OG0003530		g1558.t1
OG0003531		g1559.t1
OG0003532		g1562.t1
OG0003533		g1563.t1
OG0003534		g1565.t1
OG0003535		g1567.t1
OG0003536		g1571.t1
OG0003537		g1572.t1
OG0003538		g1574.t1
OG0003539		g1575.t1
OG0003540		g1576.t1
OG0003541		g1577.t1
OG0003542		g1584.t1
OG0003543		g1585.t1
OG0003544		g1587.t1
OG0003545		g1590.t1
OG0003546		g1592.t1
OG0003547		g1593.t1
OG0003548		g1594.t1
OG0003549		g1595.t1
OG0003550		g1596.t1
OG0003551		g1600.t1
OG0003552		g1603.t1
OG0003553		g1605.t1
OG0003554		g1608.t1
OG0003555		g1609.t1
OG0003556		g1611.t1
OG0003557		g1616.t1
OG0003558		g1617.t1
OG0003559		g1618.t1
OG0003560		g1619.t1
OG0003561		g1620.t1
OG0003562		g1621.t1
OG0003563		g1622.t1
OG0003564		g1623.t1
OG0003565		g1624.t1
OG0003566		g1625.t1
OG0003567		g1627.t1
OG0003568		g1628.t1
OG0003569		g1636.t1
OG0003570		g1639.t1
OG0003571		g1652.t1
OG0003572		g1653.t1
OG0003573		g1655.t1
OG0003574		g1656.t1
OG0003575		g1657.t1
OG0003576		g1661.t1
OG0003577		g1665.t1
OG0003578		g1668.t1
OG0003579		g1677.t1
OG0003580		g1681.t1
OG0003581		g1683.t1
OG0003582		g1684.t1
OG0003583		g1686.t1
OG0003584		g1687.t1
OG0003585		g1688.t1
OG0003586		g1689.t1
OG0003587		g1692.t1
OG0003588		g1693.t1
OG0003589		g1694.t1
OG0003590		g1696.t1
OG0003591		g1697.t1
OG0003592		g1699.t1
OG0003593		g1702.t1
OG0003594		g1705.t1
OG0003595		g1706.t1
OG0003596		g1707.t1
OG0003597		g1715.t1
OG0003598		g1716.t1
OG0003599		g1717.t1
OG0003600		g1720.t1
OG0003601		g1721.t1
OG0003602		g1722.t1
OG0003603		g1726.t1
OG0003604		g1727.t1
OG0003605		g1728.t1
OG0003606		g1732.t1
OG0003607		g1733.t1
OG0003608		g1735.t1
OG0003609		g1736.t1
OG0003610		g1737.t1
OG0003611		g1739.t1
OG0003612		g1740.t1
OG0003613		g1743.t1
OG0003614		g1744.t1
OG0003615		g1745.t1
OG0003616		g1748.t1
OG0003617		g1752.t1
OG0003618		g1753.t1
OG0003619		g1754.t1
OG0003620		g1755.t1
OG0003621		g1756.t1
OG0003622		g1759.t1
OG0003623		g1760.t1
OG0003624		g1761.t1
OG0003625		g1764.t1
OG0003626		g1767.t1
OG0003627		g1771.t1
OG0003628		g1775.t1
OG0003629		g1776.t1
OG0003630		g1779.t1
OG0003631		g1782.t1
OG0003632		g1783.t1
OG0003633		g1785.t1
OG0003634		g1786.t1
OG0003635		g1787.t1
OG0003636		g1790.t1
OG0003637		g1791.t1
OG0003638		g1794.t1
OG0003639		g1797.t1
OG0003640		g1802.t1
OG0003641		g1803.t1
OG0003642		g1804.t1
OG0003643		g1810.t1
OG0003644		g1811.t1
OG0003645		g1813.t1
OG0003646		g1816.t1
OG0003647		g1817.t1
OG0003648		g1820.t1
OG0003649		g1821.t1
OG0003650		g1825.t1
OG0003651		g1827.t1
OG0003652		g1829.t1
OG0003653		g1831.t1
OG0003654		g1832.t1
OG0003655		g1833.t1
OG0003656		g1835.t1
OG0003657		g1836.t1
OG0003658		g1838.t1
OG0003659		g1839.t1
OG0003660		g1840.t1
OG0003661		g1841.t1
OG0003662		g1843.t1
OG0003663		g1844.t1
OG0003664		g1845.t1
OG0003665		g1846.t1
OG0003666		g1848.t1
OG0003667		g1853.t1
OG0003668		g1854.t1
OG0003669		g1855.t1
OG0003670		g1857.t1
OG0003671		g1860.t1
OG0003672		g1861.t1
OG0003673		g1862.t1
OG0003674		g1863.t1
OG0003675		g1864.t1
OG0003676		g1867.t1
OG0003677		g1868.t1
OG0003678		g1869.t1
OG0003679		g1870.t1
OG0003680		g1873.t1
OG0003681		g1874.t1
OG0003682		g1875.t1
OG0003683		g1884.t1
OG0003684		g1885.t1
OG0003685		g1886.t1
OG0003686		g1887.t1
OG0003687		g1888.t1
OG0003688		g1889.t1
OG0003689		g1892.t1
OG0003690		g1894.t1
OG0003691		g1896.t1
OG0003692		g1904.t1
OG0003693		g1906.t1
OG0003694		g1911.t1
OG0003695		g1912.t1
OG0003696		g1922.t1
OG0003697		g1923.t1
OG0003698		g1924.t1
OG0003699		g1925.t1
OG0003700		g1927.t1
OG0003701		g1930.t1
OG0003702		g1931.t1
OG0003703		g1934.t1
OG0003704		g1947.t1
OG0003705		g1949.t1
OG0003706		g1951.t1
OG0003707		g1952.t1
OG0003708		g1953.t1
OG0003709		g1960.t1
OG0003710		g1961.t1
OG0003711		g1962.t1
OG0003712		g1963.t1
OG0003713		g1967.t1
OG0003714		g1968.t1
OG0003715		g1973.t1
OG0003716		g1975.t1
OG0003717		g1978.t1
OG0003718		g1979.t1
OG0003719		g1981.t1
OG0003720		g1991.t1
OG0003721		g1992.t1
OG0003722		g1993.t1
OG0003723		g1994.t1
OG0003724		g1995.t1
OG0003725		g1997.t1
OG0003726		g1999.t1
OG0003727		g2005.t1
OG0003728		g2006.t1
OG0003729		g2007.t1
OG0003730		g2010.t1
OG0003731		g2011.t1
OG0003732		g2016.t1
OG0003733		g2017.t1
OG0003734		g2018.t1
OG0003735		g2020.t1
OG0003736		g2026.t1
OG0003737		g2027.t1
OG0003738		g2028.t1
OG0003739		g2029.t1
OG0003740		g2030.t1
OG0003741		g2032.t1
OG0003742		g2035.t1
OG0003743		g2036.t1
OG0003744		g2037.t1
OG0003745		g2043.t1
OG0003746		g2045.t1
OG0003747		g2050.t1
OG0003748		g2053.t1
OG0003749		g2060.t1
OG0003750		g2065.t1
OG0003751		g2066.t1
OG0003752		g2067.t1
OG0003753		g2068.t1
OG0003754		g2072.t1
OG0003755		g2074.t1
OG0003756		g2076.t1
OG0003757		g2078.t1
OG0003758		g2081.t1
OG0003759		g2082.t1
OG0003760		g2083.t1
OG0003761		g2086.t1
OG0003762		g2087.t1
OG0003763		g2089.t1
OG0003764		g2091.t1
OG0003765		g2092.t1
OG0003766		g2105.t1
OG0003767		g2106.t1
OG0003768		g2109.t1
OG0003769		g2110.t1
OG0003770		g2111.t1
OG0003771		g2112.t1
OG0003772		g2114.t1
OG0003773		g2117.t1
OG0003774		g2123.t1
OG0003775		g2124.t1
OG0003776		g2125.t1
OG0003777		g2131.t1
OG0003778		g2132.t1
OG0003779		g2133.t1
OG0003780		g2138.t1
OG0003781		g2139.t1
OG0003782		g2141.t1
OG0003783		g2142.t1
OG0003784		g2145.t1
OG0003785		g2146.t1
OG0003786		g2147.t1
OG0003787		g2148.t1
OG0003788		g2149.t1
OG0003789		g2152.t1
OG0003790		g2157.t1
OG0003791		g2159.t1
OG0003792		g2175.t1
OG0003793		g2178.t1
OG0003794		g2179.t1
OG0003795		g2180.t1
OG0003796		g2182.t1
OG0003797		g2184.t1
OG0003798		g2190.t1
OG0003799		g2201.t1
OG0003800		g2206.t1
OG0003801		g2207.t1
OG0003802		g2212.t1
OG0003803		g2213.t1
OG0003804		g2214.t1
OG0003805		g2216.t1
OG0003806		g2218.t1
OG0003807		g2219.t1
OG0003808		g2221.t1
OG0003809		g2222.t1
OG0003810		g2223.t1
OG0003811		g2224.t1
OG0003812		g2225.t1
OG0003813		g2232.t1
OG0003814		g2233.t1
OG0003815		g2234.t1
OG0003816		g2235.t1
OG0003817		g2236.t1
OG0003818		g2239.t1
OG0003819		g2241.t1
OG0003820		g2244.t1
OG0003821		g2245.t1
OG0003822		g2248.t1
OG0003823		g2250.t1
OG0003824		g2256.t1
OG0003825		g2261.t1
OG0003826		g2262.t1
OG0003827		g2264.t1
OG0003828		g2265.t1
OG0003829		g2270.t1
OG0003830		g2273.t1
OG0003831		g2274.t1
OG0003832		g2275.t1
OG0003833		g2281.t1
OG0003834		g2283.t1
OG0003835		g2284.t1
OG0003836		g2287.t1
OG0003837		g2288.t1
OG0003838		g2289.t1
OG0003839		g2293.t1
OG0003840		g2294.t1
OG0003841		g2295.t1
OG0003842		g2296.t1
OG0003843		g2303.t1
OG0003844		g2304.t1
OG0003845		g2310.t1
OG0003846		g2312.t1
OG0003847		g2316.t1
OG0003848		g2318.t1
OG0003849		g2319.t1
OG0003850		g2322.t1
OG0003851		g2324.t1
OG0003852		g2327.t1
OG0003853		g2329.t1
OG0003854		g2330.t1
OG0003855		g2338.t1
OG0003856		g2339.t1
OG0003857		g2348.t1
OG0003858		g2350.t1
OG0003859		g2351.t1
OG0003860		g2354.t1
OG0003861		g2362.t1
OG0003862		g2364.t1
OG0003863		g2365.t1
OG0003864		g2367.t1
OG0003865		g2368.t1
OG0003866		g2370.t1
OG0003867		g2374.t1
OG0003868		g2375.t1
OG0003869		g2378.t1
OG0003870		g2379.t1
OG0003871		g2382.t1
OG0003872		g2383.t1
OG0003873		g2386.t1
OG0003874		g2393.t1
OG0003875		g2398.t1
OG0003876		g2407.t1
OG0003877		g2408.t1
OG0003878		g2429.t1
OG0003879		g2430.t1
OG0003880		g2431.t1
OG0003881		g2432.t1
OG0003882		g2435.t1
OG0003883		g2437.t1
OG0003884		g2438.t1
OG0003885		g2443.t1
OG0003886		g2445.t1
OG0003887		g2452.t1
OG0003888		g2460.t1
OG0003889		g2461.t1
OG0003890		g2462.t1
OG0003891		g2471.t1
OG0003892		g2473.t1
OG0003893		g2476.t1
OG0003894		g2478.t1
OG0003895		g2483.t1
OG0003896		g2485.t1
OG0003897		g2486.t1
OG0003898		g2487.t1
OG0003899		g2489.t1
OG0003900		g2496.t1
OG0003901		g2498.t1
OG0003902		g2502.t1
OG0003903		g2503.t1
OG0003904		g2504.t1
OG0003905		g2513.t1
OG0003906		g2524.t1
OG0003907		g2525.t1
OG0003908		g2526.t1
OG0003909		g2527.t1
OG0003910		g2529.t1
OG0003911		g2530.t1
OG0003912		g2531.t1
OG0003913		g2532.t1
OG0003914		g2533.t1
OG0003915		g2534.t1
OG0003916		g2535.t1
OG0003917		g2536.t1
OG0003918		g2537.t1
OG0003919		g2539.t1
OG0003920		g2540.t1
OG0003921		g2543.t1
OG0003922		g2544.t1
OG0003923		g2546.t1
OG0003924		g2547.t1
OG0003925		g2548.t1
OG0003926		g2552.t1
OG0003927		g2553.t1
OG0003928		g2554.t1
OG0003929		g2555.t1
OG0003930		g2562.t1
OG0003931		g2563.t1
OG0003932		g2569.t1
OG0003933		g2570.t1
OG0003934		g2577.t1
OG0003935		g2581.t1
OG0003936		g2585.t1
OG0003937		g2586.t1
OG0003938		g2587.t1
OG0003939		g2588.t1
OG0003940		g2589.t1
OG0003941		g2594.t1
OG0003942		g2596.t1
OG0003943		g2597.t1
OG0003944		g2599.t1
OG0003945		g2600.t1
OG0003946		g2608.t1
OG0003947		g2610.t1
OG0003948		g2612.t1
OG0003949		g2615.t1
OG0003950		g2616.t1
OG0003951		g2617.t1
OG0003952		g2618.t1
OG0003953		g2620.t1
OG0003954		g2622.t1
OG0003955		g2625.t1
OG0003956		g2629.t1
OG0003957		g2630.t1
OG0003958		g2636.t1
OG0003959		g2638.t1
OG0003960		g2640.t1
OG0003961		g2647.t1
OG0003962		g2651.t1
OG0003963		g2654.t1
OG0003964		g2659.t1
OG0003965		g2662.t1
OG0003966		g2663.t1
OG0003967		g2665.t1
OG0003968		g2666.t1
OG0003969		g2667.t1
OG0003970		g2669.t1
OG0003971		g2670.t1
OG0003972		g2671.t1
OG0003973		g2672.t1
OG0003974		g2673.t1
OG0003975		g2675.t1
OG0003976		g2676.t1
OG0003977		g2677.t1
OG0003978		g2678.t1
OG0003979		g2685.t1
OG0003980		g2686.t1
OG0003981		g2688.t1
OG0003982		g2690.t1
OG0003983		g2692.t1
OG0003984		g2693.t1
OG0003985		g2695.t1
OG0003986		g2696.t1
OG0003987		g2697.t1
OG0003988		g2699.t1
OG0003989		g2700.t1
OG0003990		g2701.t1
OG0003991		g2704.t1
OG0003992		g2706.t1
OG0003993		g2710.t1
OG0003994		g2713.t1
OG0003995		g2717.t1
OG0003996		g2718.t1
OG0003997		g2721.t1
OG0003998		g2722.t1
OG0003999		g2723.t1
OG0004000		g2727.t1
OG0004001		g2728.t1
OG0004002		g2729.t1
OG0004003		g2730.t1
OG0004004		g2731.t1
OG0004005		g2732.t1
OG0004006		g2733.t1
OG0004007		g2734.t1
OG0004008		g2739.t1
OG0004009		g2741.t1
OG0004010		g2746.t1
OG0004011		g2755.t1
OG0004012		g2756.t1
OG0004013		g2757.t1
OG0004014		g2758.t1
OG0004015		g2765.t1
OG0004016		g2767.t1
OG0004017		g2769.t1
OG0004018		g2770.t1
OG0004019		g2773.t1
OG0004020		g2777.t1
OG0004021		g2784.t1
OG0004022		g2785.t1
OG0004023		g2790.t1
OG0004024		g2791.t1
OG0004025		g2795.t1
OG0004026		g2799.t1
OG0004027		g2801.t1
OG0004028		g2804.t1
OG0004029		g2807.t1
OG0004030		g2813.t1
OG0004031		g2817.t1
OG0004032		g2820.t1
OG0004033		g2821.t1
OG0004034		g2826.t1
OG0004035		g2830.t1
OG0004036		g2831.t1
OG0004037		g2832.t1
OG0004038		g2834.t1
OG0004039		g2836.t1
OG0004040		g2843.t1
OG0004041		g2844.t1
OG0004042		g2846.t1
OG0004043		g2847.t1
OG0004044		g2849.t1
OG0004045		g2854.t1
OG0004046		g2855.t1
OG0004047		g2856.t1
OG0004048		g2857.t1
OG0004049		g2858.t1
OG0004050		g2859.t1
OG0004051		g2869.t1
OG0004052		g2870.t1
OG0004053		g2873.t1
OG0004054		g2874.t1
OG0004055		g2882.t1
OG0004056		g2883.t1
OG0004057		g2886.t1
OG0004058		g2888.t1
OG0004059		g2889.t1
OG0004060		g2892.t1
OG0004061		g2896.t1
OG0004062		g2897.t1
OG0004063		g2903.t1
OG0004064		g2904.t1
OG0004065		g2905.t1
OG0004066		g2906.t1
OG0004067		g2907.t1
OG0004068		g2909.t1
OG0004069		g2913.t1
OG0004070		g2915.t1
OG0004071		g2920.t1
OG0004072		g2923.t1
OG0004073		g2926.t1
OG0004074		g2929.t1
OG0004075		g2931.t1
OG0004076		g2932.t1
OG0004077		g2933.t1
OG0004078		g2934.t1
OG0004079		g2935.t1
OG0004080		g2938.t1
OG0004081		g2945.t1
OG0004082		g2954.t1
OG0004083		g2957.t1
OG0004084		g2958.t1
OG0004085		g2959.t1
OG0004086		g2961.t1
OG0004087		g2966.t1
OG0004088		g2967.t1
OG0004089		g2972.t1
OG0004090		g2973.t1
OG0004091		g2974.t1
OG0004092		g2975.t1
OG0004093		g2976.t1
OG0004094		g2979.t1
OG0004095		g2980.t1
OG0004096		g2984.t1
OG0004097		g2986.t1
OG0004098		g2988.t1
OG0004099		g2989.t1
OG0004100		g2991.t1
OG0004101		g2994.t1
OG0004102		g2997.t1
OG0004103		g3003.t1
OG0004104		g3004.t1
OG0004105		g3006.t1
OG0004106		g3007.t1
OG0004107		g3008.t1
OG0004108		g3009.t1
OG0004109		g3010.t1
OG0004110		g3013.t1
OG0004111		g3014.t1
OG0004112		g3032.t1
OG0004113		g3039.t1
OG0004114		g3041.t1
OG0004115		g3042.t1
OG0004116		g3043.t1
OG0004117		g3045.t1
OG0004118		g3046.t1
OG0004119		g3047.t1
OG0004120		g3048.t1
OG0004121		g3050.t1
OG0004122		g3053.t1
OG0004123		g3056.t1
OG0004124		g3065.t1
OG0004125		g3066.t1
OG0004126		g3070.t1
OG0004127		g3071.t1
OG0004128		g3073.t1
OG0004129		g3075.t1
OG0004130		g3083.t1
OG0004131		g3084.t1
OG0004132		g3088.t1
OG0004133		g3090.t1
OG0004134		g3091.t1
OG0004135		g3092.t1
OG0004136		g3094.t1
OG0004137		g3099.t1
OG0004138		g3101.t1
OG0004139		g3103.t1
OG0004140		g3104.t1
OG0004141		g3106.t1
OG0004142		g3107.t1
OG0004143		g3108.t1
OG0004144		g3110.t1
OG0004145		g3113.t1
OG0004146		g3114.t1
OG0004147		g3115.t1
OG0004148		g3117.t1
OG0004149		g3121.t1
OG0004150		g3132.t1
OG0004151		g3137.t1
OG0004152		g3142.t1
OG0004153		g3145.t1
OG0004154		g3146.t1
OG0004155		g3148.t1
OG0004156		g3150.t1
OG0004157		g3151.t1
OG0004158		g3152.t1
OG0004159		g3154.t1
OG0004160		g3156.t1
OG0004161		g3159.t1
OG0004162		g3164.t1
OG0004163		g3166.t1
OG0004164		g3167.t1
OG0004165		g3168.t1
OG0004166		g3171.t1
OG0004167		g3179.t1
OG0004168		g3183.t1
OG0004169		g3185.t1
OG0004170		g3208.t1
OG0004171		g3210.t1
OG0004172		g3215.t1
OG0004173		g3216.t1
OG0004174		g3217.t1
OG0004175		g3218.t1
OG0004176		g3220.t1
OG0004177		g3222.t1
OG0004178		g3226.t1
OG0004179		g3227.t1
OG0004180		g3228.t1
OG0004181		g3229.t1
OG0004182		g3230.t1
OG0004183		g3231.t1
OG0004184		g3236.t1
OG0004185		g3244.t1
OG0004186		g3249.t1
OG0004187		g3253.t1
OG0004188		g3254.t1
OG0004189		g3255.t1
OG0004190		g3256.t1
OG0004191		g3258.t1
OG0004192		g3259.t1
OG0004193		g3260.t1
OG0004194		g3261.t1
OG0004195		g3262.t1
OG0004196		g3263.t1
OG0004197		g3264.t1
OG0004198		g3266.t1
OG0004199		g3268.t1
OG0004200		g3269.t1
OG0004201		g3271.t1
OG0004202		g3273.t1
OG0004203		g3274.t1
OG0004204		g3280.t1
OG0004205		g3281.t1
OG0004206		g3288.t1
OG0004207		g3290.t1
OG0004208		g3291.t1
OG0004209		g3294.t1
OG0004210		g3298.t1
OG0004211		g3300.t1
OG0004212		g3302.t1
OG0004213		g3304.t1
OG0004214		g3308.t1
OG0004215		g3311.t1
OG0004216		g3314.t1
OG0004217		g3320.t1
OG0004218		g3323.t1
OG0004219		g3327.t1
OG0004220		g3329.t1
OG0004221		g3334.t1
OG0004222		g3335.t1
OG0004223		g3336.t1
OG0004224		g3337.t1
OG0004225		g3340.t1
OG0004226		g3341.t1
OG0004227		g3345.t1
OG0004228		g3351.t1
OG0004229		g3354.t1
OG0004230		g3357.t1
OG0004231		g3365.t1
OG0004232		g3366.t1
OG0004233		g3367.t1
OG0004234		g3371.t1
OG0004235		g3374.t1
OG0004236		g3377.t1
OG0004237		g3378.t1
OG0004238		g3379.t1
OG0004239		g3381.t1
OG0004240		g3382.t1
OG0004241		g3383.t1
OG0004242		g3384.t1
OG0004243		g3385.t1
OG0004244		g3386.t1
OG0004245		g3394.t1
OG0004246		g3411.t1
OG0004247		g3414.t1
OG0004248		g3415.t1
OG0004249		g3416.t1
OG0004250		g3417.t1
OG0004251		g3418.t1
OG0004252		g3420.t1
OG0004253		g3424.t1
OG0004254		g3429.t1
OG0004255		g3438.t1
OG0004256		g3441.t1
OG0004257		g3446.t1
OG0004258		g3447.t1
OG0004259		g3448.t1
OG0004260		g3449.t1
OG0004261		g3450.t1
OG0004262		g3451.t1
OG0004263		g3460.t1
OG0004264		g3462.t1
OG0004265		g3463.t1
OG0004266		g3464.t1
OG0004267		g3465.t1
OG0004268		g3469.t1
OG0004269		g3472.t1
OG0004270		g3474.t1
OG0004271		g3475.t1
OG0004272		g3479.t1
OG0004273		g3480.t1
OG0004274		g3482.t1
OG0004275		g3485.t1
OG0004276		g3486.t1
OG0004277		g3487.t1
OG0004278		g3490.t1
OG0004279		g3493.t1
OG0004280		g3495.t1
OG0004281		g3499.t1
OG0004282		g3503.t1
OG0004283		g3504.t1
OG0004284		g3506.t1
OG0004285		g3509.t1
OG0004286		g3511.t1
OG0004287		g3512.t1
OG0004288		g3514.t1
OG0004289		g3516.t1
OG0004290		g3519.t1
OG0004291		g3522.t1
OG0004292		g3524.t1
OG0004293		g3531.t1
OG0004294		g3534.t1
OG0004295		g3542.t1
OG0004296		g3543.t1
OG0004297		g3548.t1
OG0004298		g3552.t1
OG0004299		g3554.t1
OG0004300		g3555.t1
OG0004301		g3556.t1
OG0004302		g3562.t1
OG0004303		g3568.t1
OG0004304		g3577.t1
OG0004305		g3581.t1
OG0004306		g3587.t1
OG0004307		g3597.t1
OG0004308		g3598.t1
OG0004309		g3599.t1
OG0004310		g3600.t1
OG0004311		g3624.t1
OG0004312		g3626.t1
OG0004313		g3628.t1
OG0004314		g3629.t1
OG0004315		g3630.t1
OG0004316		g3632.t1
OG0004317		g3633.t1
OG0004318		g3634.t1
OG0004319		g3636.t1
OG0004320		g3637.t1
OG0004321		g3646.t1
OG0004322		g3649.t1
OG0004323		g3653.t1
OG0004324		g3654.t1
OG0004325		g3661.t1
OG0004326		g3665.t1
OG0004327		g3666.t1
OG0004328		g3668.t1
OG0004329		g3669.t1
OG0004330		g3671.t1
OG0004331		g3672.t1
OG0004332		g3673.t1
OG0004333		g3674.t1
OG0004334		g3676.t1
OG0004335		g3677.t1
OG0004336		g3678.t1
OG0004337		g3680.t1
OG0004338		g3681.t1
OG0004339		g3682.t1
OG0004340		g3683.t1
OG0004341		g3685.t1
OG0004342		g3686.t1
OG0004343		g3687.t1
OG0004344		g3690.t1
OG0004345		g3692.t1
OG0004346		g3693.t1
OG0004347		g3694.t1
OG0004348		g3704.t1
OG0004349		g3706.t1
OG0004350		g3709.t1
OG0004351		g3711.t1
OG0004352		g3712.t1
OG0004353		g3720.t1
OG0004354		g3721.t1
OG0004355		g3722.t1
OG0004356		g3723.t1
OG0004357		g3724.t1
OG0004358		g3725.t1
OG0004359		g3726.t1
OG0004360		g3728.t1
OG0004361		g3730.t1
OG0004362		g3731.t1
OG0004363		g3733.t1
OG0004364		g3739.t1
OG0004365		g3741.t1
OG0004366		g3742.t1
OG0004367		g3743.t1
OG0004368		g3744.t1
OG0004369		g3748.t1
OG0004370		g3749.t1
OG0004371		g3750.t1
OG0004372		g3755.t1
OG0004373		g3757.t1
OG0004374		g3758.t1
OG0004375		g3759.t1
OG0004376		g3762.t1
OG0004377		g3770.t1
OG0004378		g3771.t1
OG0004379		g3773.t1
OG0004380		g3775.t1
OG0004381		g3776.t1
OG0004382		g3780.t1
OG0004383		g3787.t1
OG0004384		g3789.t1
OG0004385		g3798.t1
OG0004386		g3799.t1
OG0004387		g3800.t1
OG0004388		g3807.t1
OG0004389		g3808.t1
OG0004390		g3809.t1
OG0004391		g3811.t1
OG0004392		g3812.t1
OG0004393		g3813.t1
OG0004394		g3817.t1
OG0004395		g3818.t1
OG0004396		g3820.t1
OG0004397		g3822.t1
OG0004398		g3826.t1
OG0004399		g3828.t1
OG0004400		g3832.t1
OG0004401		g3835.t1
OG0004402		g3837.t1
OG0004403		g3848.t1
OG0004404		g3856.t1
OG0004405		g3872.t1
OG0004406		g3878.t1
OG0004407		g3881.t1
OG0004408		g3882.t1
OG0004409		g3884.t1
OG0004410		g3885.t1
OG0004411		g3891.t1
OG0004412		g3894.t1
OG0004413		g3895.t1
OG0004414		g3898.t1
OG0004415		g3899.t1
OG0004416		g3900.t1
OG0004417		g3901.t1
OG0004418		g3902.t1
OG0004419		g3903.t1
OG0004420		g3904.t1
OG0004421		g3905.t1
OG0004422		g3910.t1
OG0004423		g3917.t1
OG0004424		g3920.t1
OG0004425		g3921.t1
OG0004426		g3922.t1
OG0004427		g3923.t1
OG0004428		g3924.t1
OG0004429		g3925.t1
OG0004430		g3928.t1
OG0004431		g3929.t1
OG0004432		g3930.t1
OG0004433		g3931.t1
OG0004434		g3932.t1
OG0004435		g3934.t1
OG0004436		g3936.t1
OG0004437		g3937.t1
OG0004438		g3938.t1
OG0004439		g3939.t1
OG0004440		g3940.t1
OG0004441		g3942.t1
OG0004442		g3945.t1
OG0004443		g3946.t1
OG0004444		g3947.t1
OG0004445		g3948.t1
OG0004446		g3949.t1
OG0004447		g3954.t1
OG0004448		g3955.t1
OG0004449		g3957.t1
OG0004450		g3958.t1
OG0004451		g3961.t1
OG0004452		g3966.t1
OG0004453		g3977.t1
OG0004454		g3979.t1
OG0004455		g3980.t1
OG0004456		g3982.t1
OG0004457		g3989.t1
OG0004458		g3990.t1
OG0004459		g3991.t1
OG0004460		g3992.t1
OG0004461		g3993.t1
OG0004462		g3995.t1
OG0004463		g4011.t1
OG0004464		g4012.t1
OG0004465		g4014.t1
OG0004466		g4015.t1
OG0004467		g4016.t1
OG0004468		g4018.t1
OG0004469		g4022.t1
OG0004470		g4024.t1
OG0004471		g4025.t1
OG0004472		g4030.t1
OG0004473		g4031.t1
OG0004474		g4033.t1
OG0004475		g4036.t1
OG0004476		g4037.t1
OG0004477		g4041.t1
OG0004478		g4043.t1
OG0004479		g4045.t1
OG0004480		g4049.t1
OG0004481		g4053.t1
OG0004482		g4055.t1
OG0004483		g4057.t1
OG0004484		g4059.t1
OG0004485		g4064.t1
OG0004486		g4065.t1
OG0004487		g4066.t1
OG0004488		g4067.t1
OG0004489		g4068.t1
OG0004490		g4073.t1
OG0004491		g4074.t1
OG0004492		g4091.t1
OG0004493		g4092.t1
OG0004494		g4093.t1
OG0004495		g4096.t1
OG0004496		g4097.t1
OG0004497		g4098.t1
OG0004498		g4101.t1
OG0004499		g4102.t1
OG0004500		g4103.t1
OG0004501		g4105.t1
OG0004502		g4106.t1
OG0004503		g4107.t1
OG0004504		g4108.t1
OG0004505		g4109.t1
OG0004506		g4114.t1
OG0004507		g4115.t1
