Orthogroup	Acinetobacter_baumannii	Salmonella_enterica
OG0000000	g20.t1, g37.t1, g57.t1	g102.t1, g1137.t1, g1144.t1, g1168.t1, g1169.t1, g1246.t1, g1273.t1, g1385.t1, g1525.t1, g1582.t1, g1583.t1, g1629.t1, g1630.t1, g167.t1, g1771.t1, g1823.t1, g187.t1, g1884.t1, g2022.t1, g2047.t1, g2075.t1, g2103.t1, g2111.t1, g2194.t1, g2277.t1, g243.t1, g2608.t1, g2656.t1, g2858.t1, g2859.t1, g3087.t1, g3093.t1, g3316.t1, g3322.t1, g3323.t1, g3331.t1, g3347.t1, g3388.t1, g3389.t1, g3576.t1, g3610.t1, g3638.t1, g3803.t1, g3936.t1, g396.t1, g468.t1, g473.t1, g477.t1, g548.t1, g620.t1, g669.t1, g706.t1, g713.t1, g718.t1, g752.t1, g762.t1, g783.t1, g811.t1, g823.t1, g880.t1
OG0000001		g1326.t1, g1381.t1, g1418.t1, g1517.t1, g1564.t1, g1601.t1, g1933.t1, g2038.t1, g2059.t1, g2128.t1, g2173.t1, g2255.t1, g2260.t1, g2404.t1, g246.t1, g2467.t1, g2702.t1, g2771.t1, g2800.t1, g2806.t1, g2848.t1, g2900.t1, g3011.t1, g3021.t1, g311.t1, g3140.t1, g3368.t1, g3558.t1, g3592.t1, g3645.t1, g3655.t1, g3699.t1, g3853.t1, g39.t1, g3973.t1, g480.t1, g643.t1, g793.t1, g888.t1
OG0000002	g260.t1	g1019.t1, g1062.t1, g1149.t1, g1289.t1, g1293.t1, g1639.t1, g1650.t1, g1795.t1, g1796.t1, g1820.t1, g1822.t1, g1852.t1, g1992.t1, g2017.t1, g2095.t1, g2117.t1, g2584.t1, g2669.t1, g2903.t1, g2954.t1, g3266.t1, g3279.t1, g3367.t1, g3547.t1, g3581.t1, g366.t1, g3789.t1, g3995.t1, g4005.t1, g4034.t1, g50.t1, g514.t1, g584.t1, g653.t1
OG0000003		g1018.t1, g1148.t1, g1288.t1, g1294.t1, g1366.t1, g1800.t1, g1991.t1, g2116.t1, g2118.t1, g2238.t1, g2394.t1, g2583.t1, g2748.t1, g2955.t1, g3102.t1, g3265.t1, g3583.t1, g367.t1, g3735.t1, g3788.t1, g3886.t1, g3994.t1, g4006.t1, g51.t1, g519.t1, g583.t1, g654.t1
OG0000004		g100.t1, g1010.t1, g1031.t1, g1186.t1, g1222.t1, g1259.t1, g1414.t1, g1900.t1, g2290.t1, g2661.t1, g2668.t1, g2940.t1, g2952.t1, g332.t1, g3421.t1, g3437.t1, g3778.t1, g3779.t1, g3846.t1, g3968.t1, g3998.t1, g4000.t1, g521.t1, g539.t1
OG0000005		g1287.t1, g1354.t1, g1391.t1, g1464.t1, g1474.t1, g1540.t1, g1646.t1, g1928.t1, g2107.t1, g2165.t1, g2357.t1, g2359.t1, g2380.t1, g2405.t1, g2637.t1, g2642.t1, g2646.t1, g2927.t1, g3425.t1, g3764.t1, g3981.t1, g4008.t1, g570.t1, g900.t1
OG0000006		g1405.t1, g1434.t1, g147.t1, g1484.t1, g1493.t1, g1688.t1, g2003.t1, g2122.t1, g2272.t1, g2593.t1, g2602.t1, g2868.t1, g3114.t1, g3131.t1, g3132.t1, g3363.t1, g3452.t1, g3542.t1, g3588.t1, g3644.t1, g398.t1, g724.t1
OG0000007		g1281.t1, g1371.t1, g146.t1, g1480.t1, g1932.t1, g2058.t1, g2200.t1, g2202.t1, g2388.t1, g2592.t1, g2905.t1, g3675.t1, g369.t1, g3997.t1, g4026.t1, g4042.t1, g4090.t1, g526.t1, g651.t1, g903.t1
OG0000008		g1190.t1, g1248.t1, g1589.t1, g1710.t1, g1856.t1, g1984.t1, g2071.t1, g2251.t1, g2337.t1, g2490.t1, g3148.t1, g3160.t1, g317.t1, g3372.t1, g3376.t1, g354.t1, g3967.t1, g435.t1
OG0000009		g1030.t1, g1436.t1, g2056.t1, g2121.t1, g2130.t1, g2135.t1, g2240.t1, g2403.t1, g2752.t1, g2912.t1, g3293.t1, g3457.t1, g3544.t1, g3545.t1, g3584.t1, g3590.t1, g4104.t1, g486.t1
OG0000010	g115.t1, g262.t1, g385.t1, g453.t1, g516.t1	g1114.t1, g1406.t1, g1562.t1, g1605.t1, g2030.t1, g2281.t1, g2629.t1, g2803.t1, g2935.t1, g471.t1, g556.t1
OG0000011		g114.t1, g1327.t1, g1450.t1, g2048.t1, g2049.t1, g2188.t1, g2797.t1, g2798.t1, g3305.t1, g3395.t1, g3455.t1, g3582.t1, g3640.t1, g3642.t1, g3806.t1, g3823.t1
OG0000012		g1570.t1, g1578.t1, g2204.t1, g2237.t1, g2392.t1, g2633.t1, g2653.t1, g3158.t1, g3285.t1, g336.t1, g3530.t1, g3734.t1, g3887.t1, g529.t1, g610.t1
OG0000013	g237.t1	g172.t1, g190.t1, g195.t1, g20.t1, g24.t1, g25.t1, g2816.t1, g316.t1, g3397.t1, g3401.t1, g508.t1, g509.t1, g513.t1
OG0000014		g1233.t1, g1284.t1, g2002.t1, g2063.t1, g2977.t1, g3026.t1, g3029.t1, g3309.t1, g3361.t1, g3373.t1, g3550.t1, g3641.t1, g3752.t1, g3796.t1
OG0000015	g117.t1, g314.t1, g35.t1, g401.t1, g422.t1, g44.t1, g524.t1	g1025.t1, g1419.t1, g1492.t1, g2590.t1, g2908.t1, g3439.t1
OG0000016		g103.t1, g1142.t1, g1143.t1, g2278.t1, g2279.t1, g3611.t1, g3612.t1, g3933.t1, g394.t1, g395.t1, g717.t1, g812.t1, g813.t1
OG0000017		g1510.t1, g159.t1, g1591.t1, g2631.t1, g2709.t1, g2768.t1, g3027.t1, g3037.t1, g3286.t1, g3551.t1, g3753.t1, g4075.t1, g798.t1
OG0000018		g1325.t1, g1470.t1, g1724.t1, g1990.t1, g2077.t1, g2614.t1, g2701.t1, g3557.t1, g3603.t1, g3643.t1, g404.t1, g800.t1
OG0000019		g1285.t1, g1392.t1, g1393.t1, g1929.t1, g2108.t1, g2360.t1, g3405.t1, g3579.t1, g3987.t1, g4007.t1, g569.t1, g899.t1
OG0000020		g171.t1, g192.t1, g2009.t1, g21.t1, g26.t1, g2814.t1, g282.t1, g312.t1, g315.t1, g3400.t1, g510.t1
OG0000021		g1952.t1, g1958.t1, g1969.t1, g1970.t1, g2193.t1, g2704.t1, g3469.t1, g3667.t1, g711.t1, g870.t1, g871.t1
OG0000022	g123.t1, g129.t1	g2508.t1, g2575.t1, g3965.t1, g428.t1, g429.t1, g891.t1, g892.t1, g917.t1
OG0000023	g145.t1	g1254.t1, g1701.t1, g2149.t1, g2796.t1, g340.t1, g3978.t1, g546.t1, g554.t1, g69.t1
OG0000024		g1133.t1, g1372.t1, g3135.t1, g3136.t1, g335.t1, g4072.t1, g4083.t1, g523.t1, g758.t1, g80.t1
OG0000025		g1153.t1, g1208.t1, g133.t1, g1708.t1, g1779.t1, g2140.t1, g2189.t1, g2790.t1, g2823.t1, g3879.t1
OG0000026		g1043.t1, g1132.t1, g1335.t1, g1561.t1, g3161.t1, g3490.t1, g3855.t1, g4020.t1, g443.t1, g754.t1
OG0000027		g1524.t1, g1526.t1, g1824.t1, g2195.t1, g2196.t1, g621.t1, g622.t1, g763.t1, g820.t1, g821.t1
OG0000028		g1523.t1, g1826.t1, g2197.t1, g2198.t1, g2396.t1, g4048.t1, g623.t1, g764.t1, g819.t1, g822.t1
OG0000029		g1508.t1, g2064.t1, g2187.t1, g2267.t1, g3031.t1, g3096.t1, g3098.t1, g3444.t1, g3536.t1, g4079.t1
OG0000030	g24.t1, g482.t1	g1452.t1, g1937.t1, g2174.t1, g2243.t1, g3424.t1, g561.t1, g602.t1
OG0000031	g290.t1, g315.t1, g33.t1, g443.t1	g1210.t1, g2591.t1, g2994.t1, g3234.t1, g729.t1
OG0000032	g108.t1, g112.t1, g265.t1, g282.t1, g386.t1, g470.t1	g2231.t1, g2805.t1, g3717.t1
OG0000033	g116.t1, g194.t1	g112.t1, g2153.t1, g2246.t1, g3553.t1, g3648.t1, g483.t1, g873.t1
OG0000034	g349.t1	g1195.t1, g1336.t1, g1563.t1, g2247.t1, g245.t1, g2794.t1, g2942.t1, g389.t1
OG0000035	g381.t1	g1518.t1, g1546.t1, g1798.t1, g2916.t1, g2930.t1, g2992.t1, g2993.t1, g3338.t1
OG0000036		g170.t1, g191.t1, g2008.t1, g22.t1, g2815.t1, g283.t1, g314.t1, g3399.t1, g511.t1
OG0000037		g1053.t1, g1401.t1, g207.t1, g2477.t1, g3112.t1, g327.t1, g3370.t1, g3993.t1, g640.t1
OG0000038		g1347.t1, g2034.t1, g2191.t1, g2192.t1, g2918.t1, g3116.t1, g3443.t1, g3970.t1, g796.t1
OG0000039	g46.t1	g1399.t1, g1568.t1, g2120.t1, g2136.t1, g3456.t1, g3585.t1, g3591.t1
OG0000040	g393.t1	g1324.t1, g1717.t1, g2123.t1, g249.t1, g3705.t1, g732.t1, g924.t1
OG0000041		g2766.t1, g3419.t1, g3433.t1, g3538.t1, g3777.t1, g3801.t1, g3815.t1, g99.t1
OG0000042		g1123.t1, g1483.t1, g186.t1, g2057.t1, g2578.t1, g333.t1, g3858.t1, g543.t1
OG0000043		g1174.t1, g1292.t1, g2019.t1, g3178.t1, g325.t1, g3969.t1, g4019.t1, g465.t1
OG0000044		g1453.t1, g1454.t1, g1455.t1, g1834.t1, g3300.t1, g3301.t1, g3423.t1, g370.t1
OG0000045		g3589.t1, g3698.t1, g3738.t1, g425.t1, g719.t1, g775.t1, g777.t1, g801.t1
OG0000046		g1170.t1, g1552.t1, g2851.t1, g3831.t1, g4044.t1, g444.t1, g527.t1, g761.t1
OG0000047		g2088.t1, g2094.t1, g2415.t1, g2517.t1, g2519.t1, g3906.t1, g866.t1, g980.t1
OG0000048	g113.t1, g53.t1, g93.t1	g1801.t1, g269.t1, g3406.t1, g998.t1
OG0000049	g73.t1	g1988.t1, g1989.t1, g2315.t1, g3163.t1, g322.t1, g441.t1
OG0000050	g151.t1, g439.t1, g85.t1	g3020.t1, g3560.t1, g3652.t1, g935.t1
OG0000051	g100.t1, g212.t1, g427.t1, g469.t1, g473.t1, g490.t1, g99.t1	
OG0000052	g136.t1, g234.t1, g239.t1, g383.t1, g435.t1	g2995.t1, g667.t1
OG0000053	g144.t1	g1711.t1, g1980.t1, g2497.t1, g2792.t1, g4099.t1, g625.t1
OG0000054	g164.t1, g303.t1	g11.t1, g1986.t1, g2298.t1, g2369.t1, g617.t1
OG0000055	g178.t1	g1643.t1, g1872.t1, g3986.t1, g405.t1, g406.t1, g612.t1
OG0000056	g182.t1	g1363.t1, g3128.t1, g3129.t1, g4003.t1, g697.t1, g698.t1
OG0000057	g215.t1	g1544.t1, g2466.t1, g3055.t1, g3660.t1, g3694.t1, g755.t1
OG0000058		g111.t1, g13.t1, g29.t1, g3494.t1, g3604.t1, g564.t1, g592.t1
OG0000059		g2968.t1, g2969.t1, g31.t1, g37.t1, g3715.t1, g3716.t1, g3827.t1
OG0000060		g145.t1, g3508.t1, g3745.t1, g3746.t1, g3795.t1, g4002.t1, g41.t1
OG0000061		g1380.t1, g2037.t1, g2611.t1, g2802.t1, g2872.t1, g306.t1, g77.t1
OG0000062		g1386.t1, g1388.t1, g2021.t1, g2023.t1, g242.t1, g2609.t1, g478.t1
OG0000063		g1159.t1, g2818.t1, g286.t1, g319.t1, g767.t1, g860.t1, g972.t1
OG0000064		g1368.t1, g1423.t1, g1468.t1, g1865.t1, g2115.t1, g300.t1, g932.t1
OG0000065		g1723.t1, g2137.t1, g2879.t1, g3296.t1, g3426.t1, g3896.t1, g482.t1
OG0000066		g1400.t1, g1435.t1, g1462.t1, g2866.t1, g3036.t1, g3467.t1, g573.t1
OG0000067		g1165.t1, g1566.t1, g1579.t1, g1633.t1, g2072.t1, g3392.t1, g784.t1
OG0000068		g1067.t1, g1746.t1, g2413.t1, g2414.t1, g2518.t1, g867.t1, g981.t1
OG0000069		g1954.t1, g2126.t1, g2379.t1, g2386.t1, g3714.t1, g874.t1, g989.t1
OG0000070	g56.t1	g324.t1, g326.t1, g3337.t1, g3520.t1, g464.t1
OG0000071	g496.t1, g63.t1	g150.t1, g3358.t1, g3854.t1, g522.t1
OG0000072	g68.t1	g1828.t1, g2463.t1, g2714.t1, g2988.t1, g3329.t1
OG0000073	g72.t1	g1987.t1, g3162.t1, g323.t1, g442.t1, g879.t1
OG0000074	g74.t1	g2031.t1, g2507.t1, g2963.t1, g321.t1, g3962.t1
OG0000075	g107.t1, g283.t1	g2151.t1, g2230.t1, g3718.t1, g68.t1
OG0000076	g110.t1, g363.t1	g1130.t1, g2635.t1, g2737.t1, g3239.t1
OG0000077	g173.t1	g1227.t1, g1270.t1, g3001.t1, g3375.t1, g3985.t1
OG0000078	g174.t1, g258.t1	g3225.t1, g4116.t1, g773.t1, g991.t1
OG0000079	g271.t1	g1658.t1, g1894.t1, g2227.t1, g2465.t1, g2996.t1
OG0000080	g284.t1	g1339.t1, g2613.t1, g3139.t1, g3348.t1, g753.t1
OG0000081	g293.t1	g1055.t1, g1537.t1, g2213.t1, g2846.t1, g3407.t1
OG0000082		g169.t1, g193.t1, g194.t1, g23.t1, g3398.t1, g512.t1
OG0000083		g1712.t1, g173.t1, g3528.t1, g3529.t1, g534.t1, g535.t1
OG0000084		g1177.t1, g2468.t1, g2850.t1, g334.t1, g3695.t1, g3696.t1
OG0000085		g1139.t1, g1382.t1, g3110.t1, g3440.t1, g362.t1, g633.t1
OG0000086		g1229.t1, g2177.t1, g2619.t1, g3246.t1, g3608.t1, g400.t1
OG0000087		g1122.t1, g1360.t1, g2269.t1, g2399.t1, g2564.t1, g636.t1
OG0000088		g1166.t1, g1580.t1, g1632.t1, g2073.t1, g3391.t1, g785.t1
OG0000089		g1167.t1, g1581.t1, g1631.t1, g2074.t1, g3390.t1, g786.t1
OG0000090		g1054.t1, g1088.t1, g1358.t1, g2560.t1, g2999.t1, g3307.t1
OG0000091		g1635.t1, g1916.t1, g2297.t1, g2762.t1, g2941.t1, g3774.t1
OG0000092		g1638.t1, g1953.t1, g1956.t1, g1959.t1, g3299.t1, g3668.t1
OG0000093		g1902.t1, g1909.t1, g1910.t1, g1918.t1, g2291.t1, g2301.t1
OG0000094		g2046.t1, g3324.t1, g3325.t1, g3639.t1, g3804.t1, g3805.t1
OG0000095		g2062.t1, g3030.t1, g3614.t1, g3841.t1, g3842.t1, g3845.t1
OG0000096		g2459.t1, g2550.t1, g2551.t1, g2567.t1, g3601.t1, g3602.t1
OG0000097	g41.t1	g1926.t1, g2027.t1, g595.t1, g797.t1
OG0000098	g47.t1	g1134.t1, g1277.t1, g1879.t1, g772.t1
OG0000099	g168.t1	g1105.t1, g2482.t1, g2754.t1, g92.t1
OG0000100	g191.t1	g2349.t1, g2409.t1, g3270.t1, g3600.t1
OG0000101	g232.t1	g2863.t1, g310.t1, g3273.t1, g647.t1
OG0000102	g246.t1	g118.t1, g1718.t1, g1789.t1, g598.t1
OG0000103	g444.t1	g1331.t1, g2604.t1, g3461.t1, g805.t1
OG0000104	g455.t1	g1155.t1, g1607.t1, g2078.t1, g3901.t1
OG0000105	g479.t1	g1971.t1, g1975.t1, g3458.t1, g438.t1
OG0000106	g501.t1	g204.t1, g218.t1, g3122.t1, g3123.t1
OG0000107		g2084.t1, g2901.t1, g34.t1, g81.t1, g818.t1
OG0000108		g1194.t1, g2902.t1, g35.t1, g3561.t1, g3701.t1
OG0000109		g1260.t1, g289.t1, g4071.t1, g71.t1, g791.t1
OG0000110		g1481.t1, g1560.t1, g2772.t1, g2793.t1, g78.t1
OG0000111		g2706.t1, g2763.t1, g3436.t1, g4082.t1, g97.t1
OG0000112		g101.t1, g2029.t1, g2210.t1, g2939.t1, g3002.t1
OG0000113		g1244.t1, g189.t1, g549.t1, g550.t1, g705.t1
OG0000114		g229.t1, g2389.t1, g2895.t1, g3999.t1, g652.t1
OG0000115		g1556.t1, g1569.t1, g2325.t1, g371.t1, g566.t1
OG0000116		g1945.t1, g2708.t1, g3023.t1, g3751.t1, g485.t1
OG0000117		g1976.t1, g2143.t1, g3466.t1, g3911.t1, g518.t1
OG0000118		g1048.t1, g1766.t1, g2400.t1, g3362.t1, g530.t1
OG0000119		g1057.t1, g1389.t1, g3578.t1, g4010.t1, g568.t1
OG0000120		g1390.t1, g2358.t1, g4009.t1, g571.t1, g901.t1
OG0000121		g1719.t1, g1866.t1, g3410.t1, g587.t1, g881.t1
OG0000122		g1439.t1, g2033.t1, g2840.t1, g2841.t1, g629.t1
OG0000123		g1689.t1, g2176.t1, g3130.t1, g699.t1, g771.t1
OG0000124		g2469.t1, g3017.t1, g3843.t1, g778.t1, g906.t1
OG0000125		g1597.t1, g2069.t1, g3356.t1, g4017.t1, g799.t1
OG0000126		g1085.t1, g2127.t1, g2215.t1, g3342.t1, g802.t1
OG0000127		g1023.t1, g1340.t1, g1415.t1, g2612.t1, g2710.t1
OG0000128		g2759.t1, g2808.t1, g3015.t1, g3019.t1, g3387.t1
OG0000129	g8.t1	g1257.t1, g74.t1, g790.t1
OG0000130	g236.t1, g354.t1, g38.t1, g59.t1	
OG0000131	g66.t1	g2464.t1, g4040.t1, g675.t1
OG0000132	g78.t1	g4057.t1, g4058.t1, g467.t1
OG0000133	g125.t1, g94.t1	g1698.t1, g2012.t1
OG0000134	g106.t1	g132.t1, g1641.t1, g1815.t1
OG0000135	g119.t1	g2323.t1, g3113.t1, g3295.t1
OG0000136	g127.t1	g2852.t1, g3028.t1, g3537.t1
OG0000137	g132.t1	g2184.t1, g2309.t1, g2860.t1
OG0000138	g175.t1	g1205.t1, g1602.t1, g3170.t1
OG0000139	g181.t1	g3647.t1, g3820.t1, g417.t1
OG0000140	g213.t1, g268.t1	g2183.t1, g390.t1
OG0000141	g241.t1	g2824.t1, g4041.t1, g933.t1
OG0000142	g244.t1, g398.t1	g337.t1, g3893.t1
OG0000143	g254.t1	g2044.t1, g2313.t1, g3105.t1
OG0000144	g256.t1	g2361.t1, g3100.t1, g3257.t1
OG0000145	g266.t1, g364.t1	g1364.t1, g4024.t1
OG0000146	g273.t1	g3211.t1, g3441.t1, g3863.t1
OG0000147	g325.t1	g1947.t1, g3067.t1, g649.t1
OG0000148	g351.t1	g1034.t1, g12.t1, g91.t1
OG0000149	g355.t1	g3072.t1, g3267.t1, g574.t1
OG0000150	g373.t1	g1509.t1, g3247.t1, g3809.t1
OG0000151	g387.t1	g2308.t1, g3839.t1, g6.t1
OG0000152	g410.t1	g2328.t1, g2861.t1, g912.t1
OG0000153	g414.t1	g1.t1, g3830.t1, g3926.t1
OG0000154	g445.t1	g2268.t1, g2789.t1, g3840.t1
OG0000155	g464.t1	g1353.t1, g1917.t1, g2168.t1
OG0000156	g481.t1	g1201.t1, g2887.t1, g3359.t1
OG0000157	g500.t1	g2181.t1, g2302.t1, g2307.t1
OG0000158	g505.t1	g1611.t1, g3235.t1, g64.t1
OG0000159		g16.t1, g2387.t1, g30.t1, g3517.t1
OG0000160		g32.t1, g3834.t1, g4095.t1, g460.t1
OG0000161		g3126.t1, g53.t1, g701.t1, g702.t1
OG0000162		g3124.t1, g577.t1, g61.t1, g704.t1
OG0000163		g3176.t1, g3223.t1, g458.t1, g83.t1
OG0000164		g1531.t1, g2042.t1, g2998.t1, g95.t1
OG0000165		g105.t1, g2565.t1, g3616.t1, g424.t1
OG0000166		g1417.t1, g247.t1, g3533.t1, g363.t1
OG0000167		g1024.t1, g1695.t1, g2035.t1, g309.t1
OG0000168		g1074.t1, g1411.t1, g1438.t1, g351.t1
OG0000169		g3632.t1, g427.t1, g894.t1, g934.t1
OG0000170		g2331.t1, g3393.t1, g3505.t1, g489.t1
OG0000171		g2326.t1, g2749.t1, g3022.t1, g490.t1
OG0000172		g1943.t1, g1977.t1, g3664.t1, g547.t1
OG0000173		g1610.t1, g1707.t1, g2154.t1, g553.t1
OG0000174		g1348.t1, g2390.t1, g3353.t1, g660.t1
OG0000175		g1135.t1, g3502.t1, g3824.t1, g734.t1
OG0000176		g1013.t1, g3619.t1, g742.t1, g743.t1
OG0000177		g1068.t1, g1626.t1, g2475.t1, g747.t1
OG0000178		g1412.t1, g1859.t1, g4087.t1, g766.t1
OG0000179		g3396.t1, g3847.t1, g3996.t1, g768.t1
OG0000180		g2355.t1, g3844.t1, g779.t1, g904.t1
OG0000181		g2716.t1, g2747.t1, g3857.t1, g815.t1
OG0000182		g2090.t1, g2441.t1, g842.t1, g956.t1
OG0000183		g1749.t1, g2439.t1, g844.t1, g958.t1
OG0000184		g2417.t1, g865.t1, g977.t1, g978.t1
OG0000185		g2330.t1, g2451.t1, g3596.t1, g947.t1
OG0000186		g1081.t1, g2448.t1, g2538.t1, g950.t1
OG0000187		g1001.t1, g1338.t1, g3138.t1, g3233.t1
OG0000188		g1003.t1, g2781.t1, g3658.t1, g3688.t1
OG0000189		g1046.t1, g1049.t1, g3155.t1, g3976.t1
OG0000190		g1086.t1, g1396.t1, g1503.t1, g3308.t1
OG0000191		g1094.t1, g1096.t1, g1097.t1, g1098.t1
OG0000192		g1376.t1, g1377.t1, g1542.t1, g4035.t1
OG0000193		g1403.t1, g2867.t1, g2914.t1, g3445.t1
OG0000194		g1429.t1, g1672.t1, g2639.t1, g2924.t1
OG0000195		g1557.t1, g1651.t1, g2346.t1, g2347.t1
OG0000196		g1709.t1, g2054.t1, g2760.t1, g3016.t1
OG0000197		g1967.t1, g3298.t1, g3473.t1, g3480.t1
OG0000198		g2000.t1, g2257.t1, g2384.t1, g2894.t1
OG0000199		g2160.t1, g2161.t1, g2162.t1, g2645.t1
OG0000200		g2471.t1, g3454.t1, g3501.t1, g4063.t1
OG0000201		g2703.t1, g3276.t1, g3303.t1, g3559.t1
OG0000202	g5.t1	g2203.t1, g2799.t1
OG0000203	g9.t1	g2119.t1, g2951.t1
OG0000204	g105.t1, g13.t1	g2207.t1
OG0000205	g21.t1	g2280.t1, g3793.t1
OG0000206	g25.t1	g1197.t1, g2854.t1
OG0000207	g26.t1	g3074.t1, g4056.t1
OG0000208	g42.t1	g2067.t1, g4032.t1
OG0000209	g49.t1	g2480.t1, g261.t1
OG0000210	g50.t1	g1008.t1, g990.t1
OG0000211	g52.t1	g1367.t1, g488.t1
OG0000212	g477.t1, g55.t1	g567.t1
OG0000213	g58.t1	g2509.t1, g3963.t1
OG0000214	g61.t1	g494.t1, g680.t1
OG0000215	g267.t1, g64.t1	g678.t1
OG0000216	g71.t1	g3079.t1, g391.t1
OG0000217	g148.t1, g76.t1	g431.t1
OG0000218	g307.t1, g95.t1	g1519.t1
OG0000219	g97.t1	g1117.t1, g3650.t1
OG0000220	g102.t1, g272.t1	g1613.t1
OG0000221	g104.t1, g475.t1	g2209.t1
OG0000222	g109.t1, g428.t1	g164.t1
OG0000223	g126.t1, g161.t1	g89.t1
OG0000224	g139.t1	g1757.t1, g254.t1
OG0000225	g156.t1	g2938.t1, g3829.t1
OG0000226	g163.t1	g2373.t1, g399.t1
OG0000227	g167.t1	g1104.t1, g3143.t1
OG0000228	g170.t1	g108.t1, g307.t1
OG0000229	g171.t1, g370.t1	g109.t1
OG0000230	g184.t1	g1763.t1, g3586.t1
OG0000231	g197.t1, g400.t1	g1599.t1
OG0000232	g200.t1	g2276.t1, g426.t1
OG0000233	g207.t1, g472.t1	g227.t1
OG0000234	g209.t1	g2761.t1, g3729.t1
OG0000235	g214.t1	g2376.t1, g4096.t1
OG0000236	g230.t1	g1588.t1, g4062.t1
OG0000237	g233.t1	g3760.t1, g456.t1
OG0000238	g249.t1	g418.t1, g996.t1
OG0000239	g252.t1	g140.t1, g2786.t1
OG0000240	g257.t1	g119.t1, g120.t1
OG0000241	g292.t1	g1267.t1, g2133.t1
OG0000242	g298.t1	g2958.t1, g3593.t1
OG0000243	g310.t1	g1901.t1, g3816.t1
OG0000244	g313.t1	g3518.t1, g886.t1
OG0000245	g323.t1	g235.t1, g2825.t1
OG0000246	g326.t1	g137.t1, g2341.t1
OG0000247	g329.t1	g1769.t1, g4088.t1
OG0000248	g331.t1	g126.t1, g349.t1
OG0000249	g332.t1	g122.t1, g125.t1
OG0000250	g334.t1	g2876.t1, g808.t1
OG0000251	g340.t1, g451.t1	g2972.t1
OG0000252	g343.t1	g3617.t1, g531.t1
OG0000253	g352.t1	g3294.t1, g3651.t1
OG0000254	g353.t1	g2144.t1, g3174.t1
OG0000255	g368.t1	g1116.t1, g2220.t1
OG0000256	g396.t1	g1512.t1, g3453.t1
OG0000257	g397.t1	g3953.t1, g931.t1
OG0000258	g402.t1	g2273.t1, g2340.t1
OG0000259	g415.t1	g628.t1, g787.t1
OG0000260	g420.t1	g1637.t1, g2598.t1
OG0000261	g425.t1, g430.t1, g431.t1	
OG0000262	g460.t1	g2013.t1, g502.t1
OG0000263	g462.t1	g2166.t1, g2644.t1
OG0000264	g465.t1	g2170.t1, g2643.t1
OG0000265	g467.t1	g2124.t1, g2606.t1
OG0000266	g483.t1	g1762.t1, g498.t1
OG0000267	g502.t1	g1329.t1, g3785.t1
OG0000268	g515.t1	g1659.t1, g295.t1
OG0000269	g522.t1	g3237.t1, g501.t1
OG0000270		g3507.t1, g3747.t1, g40.t1
OG0000271		g3125.t1, g52.t1, g703.t1
OG0000272		g3127.t1, g54.t1, g700.t1
OG0000273		g2899.t1, g58.t1, g580.t1
OG0000274		g1256.t1, g3349.t1, g75.t1
OG0000275		g2956.t1, g3224.t1, g82.t1
OG0000276		g1734.t1, g2698.t1, g85.t1
OG0000277		g1271.t1, g199.t1, g2371.t1
OG0000278		g210.t1, g2842.t1, g3719.t1
OG0000279		g221.t1, g223.t1, g3618.t1
OG0000280		g1938.t1, g244.t1, g3754.t1
OG0000281		g251.t1, g3495.t1, g930.t1
OG0000282		g265.t1, g266.t1, g2910.t1
OG0000283		g2571.t1, g303.t1, g884.t1
OG0000284		g1675.t1, g330.t1, g681.t1
OG0000285		g1676.t1, g331.t1, g682.t1
OG0000286		g416.t1, g850.t1, g963.t1
OG0000287		g1548.t1, g2113.t1, g434.t1
OG0000288		g3272.t1, g3523.t1, g445.t1
OG0000289		g1120.t1, g450.t1, g897.t1
OG0000290		g2472.t1, g3661.t1, g470.t1
OG0000291		g2865.t1, g3427.t1, g493.t1
OG0000292		g1714.t1, g3526.t1, g532.t1
OG0000293		g1713.t1, g3527.t1, g533.t1
OG0000294		g3292.t1, g3838.t1, g560.t1
OG0000295		g1541.t1, g1550.t1, g572.t1
OG0000296		g3025.t1, g607.t1, g608.t1
OG0000297		g1251.t1, g2488.t1, g696.t1
OG0000298		g1383.t1, g1883.t1, g733.t1
OG0000299		g1521.t1, g2093.t1, g735.t1
OG0000300		g3346.t1, g750.t1, g751.t1
OG0000301		g2776.t1, g3875.t1, g780.t1
OG0000302		g2185.t1, g4077.t1, g816.t1
OG0000303		g2186.t1, g4078.t1, g817.t1
OG0000304		g2079.t1, g4112.t1, g838.t1
OG0000305		g1747.t1, g846.t1, g959.t1
OG0000306		g2436.t1, g847.t1, g960.t1
OG0000307		g2434.t1, g849.t1, g962.t1
OG0000308		g2428.t1, g853.t1, g965.t1
OG0000309		g2426.t1, g854.t1, g966.t1
OG0000310		g2425.t1, g855.t1, g967.t1
OG0000311		g2424.t1, g856.t1, g968.t1
OG0000312		g2423.t1, g857.t1, g969.t1
OG0000313		g2422.t1, g858.t1, g970.t1
OG0000314		g2421.t1, g859.t1, g971.t1
OG0000315		g2420.t1, g861.t1, g974.t1
OG0000316		g2419.t1, g862.t1, g975.t1
OG0000317		g2418.t1, g863.t1, g976.t1
OG0000318		g1337.t1, g864.t1, g973.t1
OG0000319		g1750.t1, g2456.t1, g942.t1
OG0000320		g1014.t1, g2442.t1, g955.t1
OG0000321		g2440.t1, g2528.t1, g957.t1
OG0000322		g1158.t1, g2085.t1, g985.t1
OG0000323		g1029.t1, g2134.t1, g3024.t1
OG0000324		g1038.t1, g2097.t1, g3570.t1
OG0000325		g1042.t1, g1408.t1, g1615.t1
OG0000326		g1075.t1, g1768.t1, g2242.t1
OG0000327		g1076.t1, g3288.t1, g3462.t1
OG0000328		g1078.t1, g1163.t1, g1530.t1
OG0000329		g1161.t1, g3565.t1, g3566.t1
OG0000330		g1202.t1, g1604.t1, g2433.t1
OG0000331		g1247.t1, g1330.t1, g2070.t1
OG0000332		g1263.t1, g3168.t1, g3615.t1
OG0000333		g1264.t1, g1265.t1, g3238.t1
OG0000334		g1296.t1, g2691.t1, g3252.t1
OG0000335		g1314.t1, g1792.t1, g2689.t1
OG0000336		g1315.t1, g1842.t1, g2687.t1
OG0000337		g1318.t1, g1847.t1, g2684.t1
OG0000338		g1319.t1, g1849.t1, g2683.t1
OG0000339		g1320.t1, g1851.t1, g2681.t1
OG0000340		g1321.t1, g1793.t1, g2680.t1
OG0000341		g1375.t1, g2327.t1, g3343.t1
OG0000342		g1424.t1, g2648.t1, g2922.t1
OG0000343		g1426.t1, g1674.t1, g2634.t1
OG0000344		g1428.t1, g2650.t1, g2921.t1
OG0000345		g1431.t1, g1670.t1, g2925.t1
OG0000346		g1432.t1, g1669.t1, g2928.t1
OG0000347		g1446.t1, g1877.t1, g2694.t1
OG0000348		g1466.t1, g3766.t1, g3988.t1
OG0000349		g1496.t1, g1996.t1, g3049.t1
OG0000350		g1497.t1, g1553.t1, g3772.t1
OG0000351		g1505.t1, g3034.t1, g3540.t1
OG0000352		g1506.t1, g3035.t1, g3539.t1
OG0000353		g1608.t1, g2636.t1, g3169.t1
OG0000354		g1649.t1, g2314.t1, g3546.t1
OG0000355		g1772.t1, g2657.t1, g2658.t1
OG0000356		g1891.t1, g1893.t1, g3242.t1
OG0000357		g1921.t1, g2180.t1, g3018.t1
OG0000358		g1951.t1, g2142.t1, g3670.t1
OG0000359		g2032.t1, g3157.t1, g3948.t1
OG0000360		g2096.t1, g3569.t1, g3984.t1
OG0000361		g2098.t1, g3571.t1, g3983.t1
OG0000362		g2150.t1, g2750.t1, g2751.t1
OG0000363		g2155.t1, g2601.t1, g3005.t1
OG0000364		g2217.t1, g2556.t1, g3080.t1
OG0000365		g2286.t1, g2778.t1, g4052.t1
OG0000366		g2343.t1, g3243.t1, g3515.t1
OG0000367		g2401.t1, g2632.t1, g3089.t1
OG0000368		g2549.t1, g2828.t1, g3686.t1
OG0000369		g2561.t1, g3434.t1, g4080.t1
OG0000370		g2696.t1, g3412.t1, g4016.t1
OG0000371		g2738.t1, g2753.t1, g3631.t1
OG0000372		g2775.t1, g3076.t1, g3691.t1
OG0000373		g2864.t1, g3109.t1, g3428.t1
OG0000374		g2885.t1, g3732.t1, g3740.t1
OG0000375		g2917.t1, g2965.t1, g4070.t1
OG0000376		g2946.t1, g3432.t1, g3784.t1
OG0000377		g2947.t1, g3430.t1, g3783.t1
OG0000378		g2948.t1, g3431.t1, g3782.t1
OG0000379		g3317.t1, g3318.t1, g3934.t1
OG0000380		g3360.t1, g4004.t1, g4023.t1
OG0000381		g3409.t1, g3535.t1, g3761.t1
OG0000382		g3470.t1, g3471.t1, g3481.t1
OG0000383	g1.t1	g4027.t1
OG0000384	g2.t1	g4028.t1
OG0000385	g3.t1	g1725.t1
OG0000386	g6.t1	g3684.t1
OG0000387	g7.t1	g789.t1
OG0000388	g10.t1	g910.t1
OG0000389	g11.t1	g2333.t1
OG0000390	g12.t1	g4107.t1
OG0000391	g14.t1	g1773.t1
OG0000392	g15.t1	g1774.t1
OG0000393	g16.t1	g2395.t1
OG0000394	g17.t1	g423.t1
OG0000395	g18.t1	g208.t1
OG0000396	g22.t1	g2412.t1
OG0000397	g23.t1	g2407.t1
OG0000398	g27.t1	g301.t1
OG0000399	g28.t1	g3221.t1
OG0000400	g30.t1	g1156.t1
OG0000401	g31.t1	g197.t1
OG0000402	g32.t1	g93.t1
OG0000403	g39.t1	g1150.t1
OG0000404	g40.t1	g1152.t1
OG0000405	g45.t1	g2907.t1
OG0000406	g205.t1, g54.t1	
OG0000407	g60.t1	g3245.t1
OG0000408	g62.t1	g679.t1
OG0000409	g65.t1	g677.t1
OG0000410	g67.t1	g672.t1
OG0000411	g69.t1	g898.t1
OG0000412	g70.t1	g3077.t1
OG0000413	g75.t1	g4110.t1
OG0000414	g81.t1	g3147.t1
OG0000415	g84.t1	g3044.t1
OG0000416	g91.t1	g3851.t1
OG0000417	g92.t1	g3489.t1
OG0000418	g96.t1	g3488.t1
OG0000419	g98.t1	g1780.t1
OG0000420	g103.t1	g1614.t1
OG0000421	g114.t1	g3737.t1
OG0000422	g120.t1	g3892.t1
OG0000423	g121.t1	g914.t1
OG0000424	g122.t1	g921.t1
OG0000425	g128.t1	g2853.t1
OG0000426	g130.t1	g2838.t1
OG0000427	g131.t1	g1045.t1
OG0000428	g133.t1	g2871.t1
OG0000429	g134.t1	g730.t1
OG0000430	g135.t1	g1778.t1
OG0000431	g137.t1	g3064.t1
OG0000432	g138.t1	g250.t1
OG0000433	g141.t1, g378.t1	
OG0000434	g142.t1	g2266.t1
OG0000435	g143.t1	g2945.t1
OG0000436	g146.t1	g4106.t1
OG0000437	g149.t1	g2366.t1
OG0000438	g150.t1	g3463.t1
OG0000439	g153.t1	g181.t1
OG0000440	g154.t1	g3609.t1
OG0000441	g155.t1	g451.t1
OG0000442	g159.t1	g1880.t1
OG0000443	g162.t1	g419.t1
OG0000444	g165.t1	g3057.t1
OG0000445	g166.t1	g792.t1
OG0000446	g169.t1	g3836.t1
OG0000447	g172.t1	g3302.t1
OG0000448	g179.t1	g110.t1
OG0000449	g180.t1	g415.t1
OG0000450	g183.t1	g1764.t1
OG0000451	g185.t1	g302.t1
OG0000452	g186.t1	g1726.t1
OG0000453	g187.t1	g2356.t1
OG0000454	g188.t1	g2353.t1
OG0000455	g189.t1	g2352.t1
OG0000456	g190.t1	g2350.t1
OG0000457	g192.t1	g1586.t1
OG0000458	g193.t1	g606.t1
OG0000459	g195.t1	g3656.t1
OG0000460	g196.t1	g4114.t1
OG0000461	g198.t1	g1373.t1
OG0000462	g199.t1	g1374.t1
OG0000463	g201.t1	g1237.t1
OG0000464	g202.t1	g1240.t1
OG0000465	g203.t1	g1241.t1
OG0000466	g204.t1	g1242.t1
OG0000467	g206.t1	g3662.t1
OG0000468	g208.t1	g355.t1
OG0000469	g210.t1	g1458.t1
OG0000470	g211.t1	g3414.t1
OG0000471	g216.t1	g3084.t1
OG0000472	g217.t1	g3206.t1
OG0000473	g218.t1	g3205.t1
OG0000474	g219.t1	g3204.t1
OG0000475	g220.t1	g3203.t1
OG0000476	g221.t1	g3200.t1
OG0000477	g222.t1	g3199.t1
OG0000478	g223.t1	g3191.t1
OG0000479	g224.t1	g3190.t1
OG0000480	g225.t1	g3189.t1
OG0000481	g226.t1	g3187.t1
OG0000482	g227.t1	g3182.t1
OG0000483	g228.t1	g3180.t1
OG0000484	g231.t1, g468.t1	
OG0000485	g240.t1	g3275.t1
OG0000486	g243.t1	g2724.t1
OG0000487	g245.t1	g2649.t1
OG0000488	g247.t1	g454.t1
OG0000489	g248.t1	g1206.t1
OG0000490	g250.t1	g3450.t1
OG0000491	g255.t1	g3104.t1
OG0000492	g259.t1	g3268.t1
OG0000493	g261.t1	g2897.t1
OG0000494	g263.t1	g1261.t1
OG0000495	g270.t1	g2226.t1
OG0000496	g274.t1	g3866.t1
OG0000497	g275.t1	g3867.t1
OG0000498	g276.t1	g3869.t1
OG0000499	g277.t1	g3870.t1
OG0000500	g278.t1	g3871.t1
OG0000501	g279.t1, g280.t1	
OG0000502	g281.t1	g453.t1
OG0000503	g285.t1	g3810.t1
OG0000504	g286.t1	g3066.t1
OG0000505	g288.t1	g1213.t1
OG0000506	g289.t1	g1212.t1
OG0000507	g291.t1	g1678.t1
OG0000508	g294.t1	g2494.t1
OG0000509	g295.t1	g47.t1
OG0000510	g296.t1	g1345.t1
OG0000511	g299.t1	g3597.t1
OG0000512	g300.t1	g4108.t1
OG0000513	g301.t1	g499.t1
OG0000514	g302.t1	g2625.t1
OG0000515	g304.t1	g2499.t1
OG0000516	g308.t1	g1940.t1
OG0000517	g309.t1	g1941.t1
OG0000518	g312.t1	g887.t1
OG0000519	g316.t1	g3960.t1
OG0000520	g318.t1	g3950.t1
OG0000521	g319.t1	g3959.t1
OG0000522	g320.t1, g324.t1	
OG0000523	g322.t1	g1334.t1
OG0000524	g327.t1	g149.t1
OG0000525	g328.t1	g148.t1
OG0000526	g330.t1	g129.t1
OG0000527	g333.t1	g124.t1
OG0000528	g335.t1	g3491.t1
OG0000529	g339.t1	g2055.t1
OG0000530	g341.t1	g385.t1
OG0000531	g342.t1	g386.t1
OG0000532	g344.t1	g727.t1
OG0000533	g345.t1	g725.t1
OG0000534	g347.t1	g2321.t1
OG0000535	g348.t1	g3702.t1
OG0000536	g350.t1	g62.t1
OG0000537	g356.t1	g65.t1
OG0000538	g357.t1	g3071.t1
OG0000539	g358.t1	g3069.t1
OG0000540	g359.t1	g507.t1
OG0000541	g361.t1	g3153.t1
OG0000542	g362.t1	g3152.t1
OG0000543	g365.t1	g3212.t1
OG0000544	g366.t1	g3213.t1
OG0000545	g367.t1	g3214.t1
OG0000546	g371.t1	g2483.t1
OG0000547	g375.t1	g1936.t1
OG0000548	g376.t1	g3081.t1
OG0000549	g379.t1, g389.t1	
OG0000550	g380.t1, g390.t1	
OG0000551	g382.t1	g238.t1
OG0000552	g388.t1	g3118.t1
OG0000553	g391.t1	g44.t1
OG0000554	g394.t1	g3492.t1
OG0000555	g399.t1	g338.t1
OG0000556	g403.t1	g1788.t1
OG0000557	g404.t1	g1461.t1
OG0000558	g405.t1	g2282.t1
OG0000559	g406.t1	g3625.t1
OG0000560	g407.t1	g3624.t1
OG0000561	g408.t1	g3623.t1
OG0000562	g409.t1	g3621.t1
OG0000563	g411.t1	g4060.t1
OG0000564	g413.t1	g2621.t1
OG0000565	g416.t1	g3133.t1
OG0000566	g417.t1	g3062.t1
OG0000567	g418.t1	g3061.t1
OG0000568	g421.t1	g3852.t1
OG0000569	g423.t1	g895.t1
OG0000570	g424.t1	g893.t1
OG0000571	g432.t1	g2742.t1
OG0000572	g433.t1	g2743.t1
OG0000573	g436.t1	g883.t1
OG0000574	g437.t1	g3850.t1
OG0000575	g438.t1	g2847.t1
OG0000576	g442.t1	g3332.t1
OG0000577	g446.t1	g2623.t1
OG0000578	g447.t1	g219.t1
OG0000579	g448.t1	g214.t1
OG0000580	g449.t1	g213.t1
OG0000581	g450.t1	g1663.t1
OG0000582	g452.t1	g2594.t1
OG0000583	g454.t1	g1113.t1
OG0000584	g456.t1	g2264.t1
OG0000585	g457.t1	g2495.t1
OG0000586	g461.t1	g2332.t1
OG0000587	g463.t1	g2167.t1
OG0000588	g466.t1	g1369.t1
OG0000589	g480.t1	g226.t1
OG0000590	g484.t1	g1667.t1
OG0000591	g485.t1	g2205.t1
OG0000592	g486.t1	g3459.t1
OG0000593	g487.t1	g3873.t1
OG0000594	g488.t1	g911.t1
OG0000595	g489.t1	g2485.t1
OG0000596	g491.t1	g185.t1
OG0000597	g492.t1	g3813.t1
OG0000598	g493.t1	g2385.t1
OG0000599	g494.t1	g212.t1
OG0000600	g495.t1	g211.t1
OG0000601	g497.t1	g591.t1
OG0000602	g499.t1	g3835.t1
OG0000603	g504.t1	g3736.t1
OG0000604	g506.t1	g3888.t1
OG0000605	g507.t1	g3889.t1
OG0000606	g508.t1	g3156.t1
OG0000607	g509.t1	g3630.t1
OG0000608	g510.t1	g4086.t1
OG0000609	g511.t1	g411.t1
OG0000610	g512.t1	g1253.t1
OG0000611	g513.t1, g514.t1	
OG0000612	g517.t1	g656.t1
OG0000613	g519.t1	g4102.t1
OG0000614	g520.t1	g154.t1
OG0000615	g521.t1	g4055.t1
OG0000616	g523.t1	g637.t1
OG0000617	g525.t1	g986.t1
OG0000618		g1662.t1, g2.t1
OG0000619		g5.t1, g936.t1
OG0000620		g7.t1, g738.t1
OG0000621		g17.t1, g228.t1
OG0000622		g19.t1, g343.t1
OG0000623		g1037.t1, g27.t1
OG0000624		g1066.t1, g28.t1
OG0000625		g2259.t1, g33.t1
OG0000626		g36.t1, g3833.t1
OG0000627		g49.t1, g619.t1
OG0000628		g56.t1, g582.t1
OG0000629		g57.t1, g581.t1
OG0000630		g579.t1, g59.t1
OG0000631		g578.t1, g60.t1
OG0000632		g2812.t1, g66.t1
OG0000633		g3166.t1, g67.t1
OG0000634		g1258.t1, g73.t1
OG0000635		g1255.t1, g76.t1
OG0000636		g158.t1, g88.t1
OG0000637		g104.t1, g397.t1
OG0000638		g107.t1, g308.t1
OG0000639		g113.t1, g3552.t1
OG0000640		g123.t1, g597.t1
OG0000641		g139.t1, g2880.t1
OG0000642		g142.t1, g869.t1
OG0000643		g156.t1, g609.t1
OG0000644		g157.t1, g2707.t1
OG0000645		g163.t1, g2949.t1
OG0000646		g165.t1, g297.t1
OG0000647		g174.t1, g285.t1
OG0000648		g179.t1, g2981.t1
OG0000649		g180.t1, g2254.t1
OG0000650		g1532.t1, g184.t1
OG0000651		g1384.t1, g198.t1
OG0000652		g200.t1, g3496.t1
OG0000653		g222.t1, g995.t1
OG0000654		g241.t1, g476.t1
OG0000655		g277.t1, g278.t1
OG0000656		g2568.t1, g281.t1
OG0000657		g288.t1, g589.t1
OG0000658		g290.t1, g3041.t1
OG0000659		g292.t1, g3052.t1
OG0000660		g1867.t1, g293.t1
OG0000661		g294.t1, g3282.t1
OG0000662		g1907.t1, g304.t1
OG0000663		g320.t1, g4029.t1
OG0000664		g2312.t1, g344.t1
OG0000665		g3251.t1, g357.t1
OG0000666		g1441.t1, g373.t1
OG0000667		g376.t1, g377.t1
OG0000668		g2397.t1, g384.t1
OG0000669		g2652.t1, g387.t1
OG0000670		g1808.t1, g401.t1
OG0000671		g2402.t1, g402.t1
OG0000672		g1874.t1, g403.t1
OG0000673		g3940.t1, g407.t1
OG0000674		g3082.t1, g414.t1
OG0000675		g422.t1, g685.t1
OG0000676		g2391.t1, g430.t1
OG0000677		g3825.t1, g436.t1
OG0000678		g1357.t1, g439.t1
OG0000679		g2705.t1, g484.t1
OG0000680		g3513.t1, g517.t1
OG0000681		g3402.t1, g528.t1
OG0000682		g3956.t1, g537.t1
OG0000683		g2576.t1, g544.t1
OG0000684		g1781.t1, g555.t1
OG0000685		g1268.t1, g557.t1
OG0000686		g4113.t1, g558.t1
OG0000687		g2827.t1, g565.t1
OG0000688		g2943.t1, g576.t1
OG0000689		g3708.t1, g590.t1
OG0000690		g601.t1, g707.t1
OG0000691		g613.t1, g615.t1
OG0000692		g614.t1, g616.t1
OG0000693		g1047.t1, g627.t1
OG0000694		g3946.t1, g644.t1
OG0000695		g2829.t1, g645.t1
OG0000696		g1961.t1, g668.t1
OG0000697		g3484.t1, g670.t1
OG0000698		g4039.t1, g676.t1
OG0000699		g2937.t1, g686.t1
OG0000700		g2936.t1, g687.t1
OG0000701		g3791.t1, g694.t1
OG0000702		g2919.t1, g716.t1
OG0000703		g2862.t1, g723.t1
OG0000704		g1009.t1, g728.t1
OG0000705		g3468.t1, g731.t1
OG0000706		g1704.t1, g756.t1
OG0000707		g2542.t1, g759.t1
OG0000708		g3564.t1, g804.t1
OG0000709		g1141.t1, g810.t1
OG0000710		g825.t1, g938.t1
OG0000711		g2444.t1, g829.t1
OG0000712		g841.t1, g953.t1
OG0000713		g848.t1, g961.t1
OG0000714		g851.t1, g964.t1
OG0000715		g2580.t1, g878.t1
OG0000716		g2735.t1, g905.t1
OG0000717		g3241.t1, g907.t1
OG0000718		g2458.t1, g940.t1
OG0000719		g2457.t1, g941.t1
OG0000720		g2455.t1, g943.t1
OG0000721		g2454.t1, g944.t1
OG0000722		g2453.t1, g946.t1
OG0000723		g2450.t1, g948.t1
OG0000724		g2449.t1, g949.t1
OG0000725		g2447.t1, g951.t1
OG0000726		g2446.t1, g952.t1
OG0000727		g2416.t1, g979.t1
OG0000728		g2045.t1, g987.t1
OG0000729		g1729.t1, g992.t1
OG0000730		g1730.t1, g993.t1
OG0000731		g1006.t1, g2474.t1
OG0000732		g1032.t1, g2157.t1
OG0000733		g1036.t1, g4021.t1
OG0000734		g1050.t1, g3111.t1
OG0000735		g1052.t1, g3781.t1
OG0000736		g1070.t1, g1514.t1
OG0000737		g1071.t1, g3380.t1
OG0000738		g1072.t1, g3567.t1
OG0000739		g1077.t1, g1513.t1
OG0000740		g1101.t1, g3422.t1
OG0000741		g1106.t1, g3408.t1
OG0000742		g1108.t1, g3144.t1
OG0000743		g1115.t1, g2674.t1
OG0000744		g1121.t1, g3711.t1
OG0000745		g1128.t1, g2025.t1
OG0000746		g1131.t1, g1341.t1
OG0000747		g1136.t1, g1138.t1
OG0000748		g1178.t1, g1691.t1
OG0000749		g1181.t1, g1680.t1
OG0000750		g1215.t1, g3790.t1
OG0000751		g1216.t1, g1819.t1
OG0000752		g1223.t1, g4001.t1
OG0000753		g1272.t1, g1274.t1
OG0000754		g1275.t1, g2773.t1
OG0000755		g1276.t1, g2774.t1
OG0000756		g1278.t1, g1279.t1
OG0000757		g1280.t1, g1767.t1
OG0000758		g1283.t1, g3310.t1
OG0000759		g1304.t1, g2679.t1
OG0000760		g1310.t1, g2664.t1
OG0000761		g1322.t1, g1878.t1
OG0000762		g1346.t1, g2271.t1
OG0000763		g1349.t1, g2891.t1
OG0000764		g1350.t1, g1355.t1
OG0000765		g1387.t1, g2024.t1
OG0000766		g1407.t1, g3355.t1
OG0000767		g1409.t1, g2624.t1
OG0000768		g1410.t1, g2953.t1
OG0000769		g1416.t1, g1634.t1
OG0000770		g1427.t1, g1673.t1
OG0000771		g1430.t1, g1671.t1
OG0000772		g1463.t1, g3763.t1
OG0000773		g1465.t1, g3765.t1
OG0000774		g1472.t1, g1648.t1
OG0000775		g1473.t1, g1647.t1
OG0000776		g1475.t1, g1645.t1
OG0000777		g1476.t1, g1644.t1
OG0000778		g1485.t1, g3149.t1
OG0000779		g1520.t1, g2809.t1
OG0000780		g1533.t1, g3606.t1
OG0000781		g1545.t1, g3689.t1
OG0000782		g1547.t1, g2228.t1
OG0000783		g1549.t1, g3232.t1
OG0000784		g1642.t1, g2334.t1
OG0000785		g1679.t1, g3364.t1
OG0000786		g1682.t1, g2893.t1
OG0000787		g1685.t1, g3952.t1
OG0000788		g1690.t1, g2971.t1
OG0000789		g1703.t1, g2985.t1
OG0000790		g1731.t1, g3175.t1
OG0000791		g1738.t1, g2545.t1
OG0000792		g1742.t1, g1751.t1
OG0000793		g1770.t1, g2655.t1
OG0000794		g1799.t1, g2158.t1
OG0000795		g1805.t1, g3352.t1
OG0000796		g1809.t1, g1812.t1
OG0000797		g1814.t1, g3054.t1
OG0000798		g1830.t1, g2572.t1
OG0000799		g1837.t1, g3339.t1
OG0000800		g1850.t1, g2682.t1
OG0000801		g1868.t1, g3943.t1
OG0000802		g1871.t1, g2566.t1
OG0000803		g1876.t1, g3703.t1
OG0000804		g1903.t1, g2292.t1
OG0000805		g1905.t1, g1908.t1
OG0000806		g1913.t1, g2300.t1
OG0000807		g1915.t1, g2299.t1
OG0000808		g1919.t1, g2306.t1
OG0000809		g1920.t1, g2305.t1
OG0000810		g1944.t1, g3666.t1
OG0000811		g1946.t1, g1964.t1
OG0000812		g1948.t1, g1966.t1
OG0000813		g1974.t1, g3478.t1
OG0000814		g1983.t1, g3862.t1
OG0000815		g2001.t1, g3797.t1
OG0000816		g2014.t1, g2015.t1
OG0000817		g2039.t1, g3974.t1
OG0000818		g2040.t1, g3975.t1
OG0000819		g2099.t1, g3572.t1
OG0000820		g2100.t1, g3573.t1
OG0000821		g2101.t1, g3574.t1
OG0000822		g2102.t1, g3575.t1
OG0000823		g2104.t1, g3580.t1
OG0000824		g2125.t1, g2607.t1
OG0000825		g2129.t1, g3315.t1
OG0000826		g2131.t1, g3289.t1
OG0000827		g2171.t1, g2641.t1
OG0000828		g2199.t1, g2711.t1
OG0000829		g2252.t1, g2253.t1
OG0000830		g2263.t1, g3497.t1
OG0000831		g2311.t1, g2962.t1
OG0000832		g2317.t1, g3849.t1
OG0000833		g2336.t1, g3659.t1
OG0000834		g2344.t1, g2345.t1
OG0000835		g2374.t1, g4061.t1
OG0000836		g2381.t1, g2810.t1
OG0000837		g2479.t1, g3165.t1
OG0000838		g2484.t1, g3095.t1
OG0000839		g2501.t1, g3510.t1
OG0000840		g2506.t1, g3964.t1
OG0000841		g2510.t1, g3913.t1
OG0000842		g2511.t1, g3915.t1
OG0000843		g2512.t1, g3916.t1
OG0000844		g2514.t1, g3918.t1
OG0000845		g2515.t1, g3919.t1
OG0000846		g2516.t1, g2573.t1
OG0000847		g2520.t1, g3907.t1
OG0000848		g2521.t1, g3908.t1
OG0000849		g2522.t1, g3909.t1
OG0000850		g2523.t1, g3912.t1
OG0000851		g2541.t1, g3248.t1
OG0000852		g2557.t1, g2626.t1
OG0000853		g2558.t1, g2628.t1
OG0000854		g2559.t1, g2627.t1
OG0000855		g2660.t1, g2811.t1
OG0000856		g2712.t1, g3713.t1
OG0000857		g2715.t1, g2822.t1
OG0000858		g2725.t1, g2736.t1
OG0000859		g2746.t1, g3500.t1
OG0000860		g2764.t1, g3549.t1
OG0000861		g2819.t1, g4013.t1
OG0000862		g2835.t1, g3532.t1
OG0000863		g2964.t1, g4069.t1
OG0000864		g2970.t1, g3727.t1
OG0000865		g3012.t1, g3306.t1
OG0000866		g3033.t1, g3541.t1
OG0000867		g3219.t1, g4089.t1
OG0000868		g3278.t1, g3297.t1
OG0000869		g3283.t1, g3284.t1
OG0000870		g3319.t1, g3935.t1
OG0000871		g3326.t1, g3328.t1
OG0000872		g3344.t1, g3605.t1
OG0000873		g3404.t1, g3890.t1
OG0000874		g3413.t1, g4015.t1
OG0000875		g3435.t1, g4081.t1
OG0000876		g3442.t1, g3525.t1
OG0000877		g3476.t1, g3477.t1
OG0000878		g3607.t1, g3971.t1
OG0000879		g3768.t1, g3769.t1
