Orthogroup	Pseudomonas_aeruginosa	Salmonella_enterica
OG0002298	g12.t1	
OG0002299	g14.t1	
OG0002300	g15.t1	
OG0002301	g20.t1	
OG0002302	g26.t1	
OG0002303	g27.t1	
OG0002304	g28.t1	
OG0002305	g33.t1	
OG0002306	g39.t1	
OG0002307	g44.t1	
OG0002308	g45.t1	
OG0002309	g47.t1	
OG0002310	g48.t1	
OG0002311	g49.t1	
OG0002312	g50.t1	
OG0002313	g51.t1	
OG0002314	g55.t1	
OG0002315	g56.t1	
OG0002316	g57.t1	
OG0002317	g59.t1	
OG0002318	g60.t1	
OG0002319	g62.t1	
OG0002320	g68.t1	
OG0002321	g69.t1	
OG0002322	g74.t1	
OG0002323	g75.t1	
OG0002324	g76.t1	
OG0002325	g81.t1	
OG0002326	g97.t1	
OG0002327	g98.t1	
OG0002328	g102.t1	
OG0002329	g103.t1	
OG0002330	g104.t1	
OG0002331	g105.t1	
OG0002332	g106.t1	
OG0002333	g109.t1	
OG0002334	g112.t1	
OG0002335	g114.t1	
OG0002336	g115.t1	
OG0002337	g116.t1	
OG0002338	g117.t1	
OG0002339	g119.t1	
OG0002340	g123.t1	
OG0002341	g127.t1	
OG0002342	g129.t1	
OG0002343	g130.t1	
OG0002344	g131.t1	
OG0002345	g132.t1	
OG0002346	g136.t1	
OG0002347	g141.t1	
OG0002348	g142.t1	
OG0002349	g150.t1	
OG0002350	g173.t1	
OG0002351	g174.t1	
OG0002352	g177.t1	
OG0002353	g199.t1	
OG0002354	g201.t1	
OG0002355	g204.t1	
OG0002356	g205.t1	
OG0002357	g212.t1	
OG0002358	g214.t1	
OG0002359	g215.t1	
OG0002360	g217.t1	
OG0002361	g219.t1	
OG0002362	g220.t1	
OG0002363	g230.t1	
OG0002364	g255.t1	
OG0002365	g256.t1	
OG0002366	g259.t1	
OG0002367	g260.t1	
OG0002368	g264.t1	
OG0002369	g265.t1	
OG0002370	g273.t1	
OG0002371	g277.t1	
OG0002372	g279.t1	
OG0002373	g281.t1	
OG0002374	g282.t1	
OG0002375	g287.t1	
OG0002376	g289.t1	
OG0002377	g295.t1	
OG0002378	g310.t1	
OG0002379	g311.t1	
OG0002380	g313.t1	
OG0002381	g314.t1	
OG0002382	g319.t1	
OG0002383	g333.t1	
OG0002384	g339.t1	
OG0002385	g344.t1	
OG0002386	g348.t1	
OG0002387	g349.t1	
OG0002388	g350.t1	
OG0002389	g351.t1	
OG0002390	g363.t1	
OG0002391	g364.t1	
OG0002392	g370.t1	
OG0002393	g375.t1	
OG0002394	g383.t1	
OG0002395	g390.t1	
OG0002396	g391.t1	
OG0002397	g394.t1	
OG0002398	g395.t1	
OG0002399	g396.t1	
OG0002400	g397.t1	
OG0002401	g408.t1	
OG0002402	g410.t1	
OG0002403	g413.t1	
OG0002404	g422.t1	
OG0002405	g425.t1	
OG0002406	g436.t1	
OG0002407	g439.t1	
OG0002408	g440.t1	
OG0002409	g442.t1	
OG0002410	g457.t1	
OG0002411	g467.t1	
OG0002412	g472.t1	
OG0002413	g473.t1	
OG0002414	g475.t1	
OG0002415	g476.t1	
OG0002416	g488.t1	
OG0002417	g497.t1	
OG0002418	g512.t1	
OG0002419	g525.t1	
OG0002420	g529.t1	
OG0002421	g530.t1	
OG0002422	g532.t1	
OG0002423	g533.t1	
OG0002424	g540.t1	
OG0002425	g548.t1	
OG0002426	g549.t1	
OG0002427	g551.t1	
OG0002428	g552.t1	
OG0002429	g557.t1	
OG0002430	g561.t1	
OG0002431	g562.t1	
OG0002432	g564.t1	
OG0002433	g565.t1	
OG0002434	g569.t1	
OG0002435	g573.t1	
OG0002436	g574.t1	
OG0002437	g575.t1	
OG0002438	g576.t1	
OG0002439	g577.t1	
OG0002440	g578.t1	
OG0002441	g579.t1	
OG0002442	g580.t1	
OG0002443	g581.t1	
OG0002444	g582.t1	
OG0002445	g583.t1	
OG0002446	g584.t1	
OG0002447	g588.t1	
OG0002448	g595.t1	
OG0002449	g606.t1	
OG0002450	g609.t1	
OG0002451	g620.t1	
OG0002452	g623.t1	
OG0002453	g624.t1	
OG0002454	g625.t1	
OG0002455	g634.t1	
OG0002456	g635.t1	
OG0002457	g639.t1	
OG0002458	g640.t1	
OG0002459	g641.t1	
OG0002460	g642.t1	
OG0002461	g643.t1	
OG0002462	g650.t1	
OG0002463	g652.t1	
OG0002464	g654.t1	
OG0002465	g656.t1	
OG0002466	g661.t1	
OG0002467	g667.t1	
OG0002468	g669.t1	
OG0002469	g670.t1	
OG0002470	g676.t1	
OG0002471	g677.t1	
OG0002472	g678.t1	
OG0002473	g679.t1	
OG0002474	g684.t1	
OG0002475	g685.t1	
OG0002476	g689.t1	
OG0002477	g690.t1	
OG0002478	g691.t1	
OG0002479	g698.t1	
OG0002480	g703.t1	
OG0002481	g704.t1	
OG0002482	g705.t1	
OG0002483	g707.t1	
OG0002484	g715.t1	
OG0002485	g720.t1	
OG0002486	g722.t1	
OG0002487	g723.t1	
OG0002488	g724.t1	
OG0002489	g725.t1	
OG0002490	g726.t1	
OG0002491	g727.t1	
OG0002492	g728.t1	
OG0002493	g729.t1	
OG0002494	g730.t1	
OG0002495	g731.t1	
OG0002496	g732.t1	
OG0002497	g733.t1	
OG0002498	g734.t1	
OG0002499	g736.t1	
OG0002500	g737.t1	
OG0002501	g739.t1	
OG0002502	g740.t1	
OG0002503	g742.t1	
OG0002504	g743.t1	
OG0002505	g744.t1	
OG0002506	g745.t1	
OG0002507	g746.t1	
OG0002508	g748.t1	
OG0002509	g750.t1	
OG0002510	g758.t1	
OG0002511	g760.t1	
OG0002512	g762.t1	
OG0002513	g772.t1	
OG0002514	g781.t1	
OG0002515	g788.t1	
OG0002516	g790.t1	
OG0002517	g799.t1	
OG0002518	g800.t1	
OG0002519	g805.t1	
OG0002520	g811.t1	
OG0002521	g812.t1	
OG0002522	g814.t1	
OG0002523	g815.t1	
OG0002524	g817.t1	
OG0002525	g818.t1	
OG0002526	g820.t1	
OG0002527	g824.t1	
OG0002528	g829.t1	
OG0002529	g830.t1	
OG0002530	g832.t1	
OG0002531	g833.t1	
OG0002532	g834.t1	
OG0002533	g835.t1	
OG0002534	g838.t1	
OG0002535	g839.t1	
OG0002536	g853.t1	
OG0002537	g855.t1	
OG0002538	g857.t1	
OG0002539	g862.t1	
OG0002540	g868.t1	
OG0002541	g874.t1	
OG0002542	g878.t1	
OG0002543	g885.t1	
OG0002544	g886.t1	
OG0002545	g892.t1	
OG0002546	g895.t1	
OG0002547	g905.t1	
OG0002548	g908.t1	
OG0002549	g914.t1	
OG0002550	g921.t1	
OG0002551	g922.t1	
OG0002552	g923.t1	
OG0002553	g924.t1	
OG0002554	g925.t1	
OG0002555	g926.t1	
OG0002556	g927.t1	
OG0002557	g932.t1	
OG0002558	g934.t1	
OG0002559	g935.t1	
OG0002560	g938.t1	
OG0002561	g939.t1	
OG0002562	g952.t1	
OG0002563	g953.t1	
OG0002564	g954.t1	
OG0002565	g955.t1	
OG0002566	g957.t1	
OG0002567	g960.t1	
OG0002568	g962.t1	
OG0002569	g966.t1	
OG0002570	g967.t1	
OG0002571	g970.t1	
OG0002572	g974.t1	
OG0002573	g986.t1	
OG0002574	g1008.t1	
OG0002575	g1011.t1	
OG0002576	g1022.t1	
OG0002577	g1023.t1	
OG0002578	g1027.t1	
OG0002579	g1039.t1	
OG0002580	g1040.t1	
OG0002581	g1043.t1	
OG0002582	g1044.t1	
OG0002583	g1049.t1	
OG0002584	g1052.t1	
OG0002585	g1054.t1	
OG0002586	g1057.t1	
OG0002587	g1058.t1	
OG0002588	g1060.t1	
OG0002589	g1067.t1	
OG0002590	g1070.t1	
OG0002591	g1072.t1	
OG0002592	g1073.t1	
OG0002593	g1074.t1	
OG0002594	g1078.t1	
OG0002595	g1079.t1	
OG0002596	g1084.t1	
OG0002597	g1090.t1	
OG0002598	g1105.t1	
OG0002599	g1106.t1	
OG0002600	g1108.t1	
OG0002601	g1111.t1	
OG0002602	g1121.t1	
OG0002603	g1125.t1	
OG0002604	g1126.t1	
OG0002605	g1128.t1	
OG0002606	g1129.t1	
OG0002607	g1133.t1	
OG0002608	g1134.t1	
OG0002609	g1135.t1	
OG0002610	g1140.t1	
OG0002611	g1143.t1	
OG0002612	g1147.t1	
OG0002613	g1149.t1	
OG0002614	g1150.t1	
OG0002615	g1151.t1	
OG0002616	g1156.t1	
OG0002617	g1165.t1	
OG0002618	g1175.t1	
OG0002619	g1184.t1	
OG0002620	g1192.t1	
OG0002621	g1193.t1	
OG0002622	g1210.t1	
OG0002623	g1221.t1	
OG0002624	g1226.t1	
OG0002625	g1228.t1	
OG0002626	g1233.t1	
OG0002627	g1242.t1	
OG0002628	g1243.t1	
OG0002629	g1245.t1	
OG0002630	g1249.t1	
OG0002631	g1257.t1	
OG0002632	g1259.t1	
OG0002633	g1260.t1	
OG0002634	g1264.t1	
OG0002635	g1265.t1	
OG0002636	g1274.t1	
OG0002637	g1278.t1	
OG0002638	g1283.t1	
OG0002639	g1304.t1	
OG0002640	g1307.t1	
OG0002641	g1323.t1	
OG0002642	g1326.t1	
OG0002643	g1342.t1	
OG0002644	g1343.t1	
OG0002645	g1350.t1	
OG0002646	g1361.t1	
OG0002647	g1366.t1	
OG0002648	g1368.t1	
OG0002649	g1369.t1	
OG0002650	g1373.t1	
OG0002651	g1374.t1	
OG0002652	g1385.t1	
OG0002653	g1387.t1	
OG0002654	g1388.t1	
OG0002655	g1394.t1	
OG0002656	g1397.t1	
OG0002657	g1399.t1	
OG0002658	g1403.t1	
OG0002659	g1408.t1	
OG0002660	g1410.t1	
OG0002661	g1411.t1	
OG0002662	g1414.t1	
OG0002663	g1417.t1	
OG0002664	g1420.t1	
OG0002665	g1421.t1	
OG0002666	g1422.t1	
OG0002667	g1423.t1	
OG0002668	g1428.t1	
OG0002669	g1430.t1	
OG0002670	g1431.t1	
OG0002671	g1436.t1	
OG0002672	g1441.t1	
OG0002673	g1443.t1	
OG0002674	g1449.t1	
OG0002675	g1455.t1	
OG0002676	g1478.t1	
OG0002677	g1480.t1	
OG0002678	g1483.t1	
OG0002679	g1486.t1	
OG0002680	g1489.t1	
OG0002681	g1499.t1	
OG0002682	g1502.t1	
OG0002683	g1508.t1	
OG0002684	g1510.t1	
OG0002685	g1511.t1	
OG0002686	g1513.t1	
OG0002687	g1515.t1	
OG0002688	g1522.t1	
OG0002689	g1526.t1	
OG0002690	g1529.t1	
OG0002691	g1531.t1	
OG0002692	g1532.t1	
OG0002693	g1546.t1	
OG0002694	g1552.t1	
OG0002695	g1555.t1	
OG0002696	g1560.t1	
OG0002697	g1562.t1	
OG0002698	g1563.t1	
OG0002699	g1565.t1	
OG0002700	g1575.t1	
OG0002701	g1577.t1	
OG0002702	g1584.t1	
OG0002703	g1588.t1	
OG0002704	g1590.t1	
OG0002705	g1591.t1	
OG0002706	g1594.t1	
OG0002707	g1596.t1	
OG0002708	g1597.t1	
OG0002709	g1598.t1	
OG0002710	g1599.t1	
OG0002711	g1611.t1	
OG0002712	g1612.t1	
OG0002713	g1615.t1	
OG0002714	g1624.t1	
OG0002715	g1625.t1	
OG0002716	g1626.t1	
OG0002717	g1632.t1	
OG0002718	g1635.t1	
OG0002719	g1641.t1	
OG0002720	g1644.t1	
OG0002721	g1652.t1	
OG0002722	g1659.t1	
OG0002723	g1661.t1	
OG0002724	g1664.t1	
OG0002725	g1665.t1	
OG0002726	g1666.t1	
OG0002727	g1673.t1	
OG0002728	g1674.t1	
OG0002729	g1686.t1	
OG0002730	g1695.t1	
OG0002731	g1698.t1	
OG0002732	g1701.t1	
OG0002733	g1702.t1	
OG0002734	g1706.t1	
OG0002735	g1718.t1	
OG0002736	g1719.t1	
OG0002737	g1721.t1	
OG0002738	g1722.t1	
OG0002739	g1723.t1	
OG0002740	g1724.t1	
OG0002741	g1725.t1	
OG0002742	g1727.t1	
OG0002743	g1728.t1	
OG0002744	g1729.t1	
OG0002745	g1731.t1	
OG0002746	g1732.t1	
OG0002747	g1733.t1	
OG0002748	g1734.t1	
OG0002749	g1735.t1	
OG0002750	g1737.t1	
OG0002751	g1738.t1	
OG0002752	g1741.t1	
OG0002753	g1743.t1	
OG0002754	g1744.t1	
OG0002755	g1745.t1	
OG0002756	g1747.t1	
OG0002757	g1748.t1	
OG0002758	g1751.t1	
OG0002759	g1756.t1	
OG0002760	g1763.t1	
OG0002761	g1766.t1	
OG0002762	g1767.t1	
OG0002763	g1768.t1	
OG0002764	g1769.t1	
OG0002765	g1772.t1	
OG0002766	g1774.t1	
OG0002767	g1778.t1	
OG0002768	g1788.t1	
OG0002769	g1790.t1	
OG0002770	g1797.t1	
OG0002771	g1798.t1	
OG0002772	g1813.t1	
OG0002773	g1814.t1	
OG0002774	g1815.t1	
OG0002775	g1821.t1	
OG0002776	g1822.t1	
OG0002777	g1843.t1	
OG0002778	g1851.t1	
OG0002779	g1855.t1	
OG0002780	g1856.t1	
OG0002781	g1857.t1	
OG0002782	g1865.t1	
OG0002783	g1866.t1	
OG0002784	g1868.t1	
OG0002785	g1872.t1	
OG0002786	g1873.t1	
OG0002787	g1874.t1	
OG0002788	g1876.t1	
OG0002789	g1877.t1	
OG0002790	g1880.t1	
OG0002791	g1886.t1	
OG0002792	g1888.t1	
OG0002793	g1893.t1	
OG0002794	g1894.t1	
OG0002795	g1895.t1	
OG0002796	g1899.t1	
OG0002797	g1901.t1	
OG0002798	g1907.t1	
OG0002799	g1908.t1	
OG0002800	g1916.t1	
OG0002801	g1917.t1	
OG0002802	g1918.t1	
OG0002803	g1919.t1	
OG0002804	g1921.t1	
OG0002805	g1922.t1	
OG0002806	g1924.t1	
OG0002807	g1925.t1	
OG0002808	g1926.t1	
OG0002809	g1936.t1	
OG0002810	g1937.t1	
OG0002811	g1939.t1	
OG0002812	g1944.t1	
OG0002813	g1945.t1	
OG0002814	g1946.t1	
OG0002815	g1951.t1	
OG0002816	g1956.t1	
OG0002817	g1957.t1	
OG0002818	g1961.t1	
OG0002819	g1966.t1	
OG0002820	g1967.t1	
OG0002821	g1974.t1	
OG0002822	g1975.t1	
OG0002823	g1985.t1	
OG0002824	g1987.t1	
OG0002825	g1988.t1	
OG0002826	g1989.t1	
OG0002827	g1990.t1	
OG0002828	g1998.t1	
OG0002829	g2000.t1	
OG0002830	g2001.t1	
OG0002831	g2002.t1	
OG0002832	g2007.t1	
OG0002833	g2008.t1	
OG0002834	g2016.t1	
OG0002835	g2018.t1	
OG0002836	g2019.t1	
OG0002837	g2020.t1	
OG0002838	g2021.t1	
OG0002839	g2023.t1	
OG0002840	g2027.t1	
OG0002841	g2032.t1	
OG0002842	g2035.t1	
OG0002843	g2042.t1	
OG0002844	g2051.t1	
OG0002845	g2055.t1	
OG0002846	g2061.t1	
OG0002847	g2063.t1	
OG0002848	g2065.t1	
OG0002849	g2070.t1	
OG0002850	g2071.t1	
OG0002851	g2077.t1	
OG0002852	g2078.t1	
OG0002853	g2079.t1	
OG0002854	g2081.t1	
OG0002855	g2083.t1	
OG0002856	g2086.t1	
OG0002857	g2097.t1	
OG0002858	g2100.t1	
OG0002859	g2109.t1	
OG0002860	g2110.t1	
OG0002861	g2116.t1	
OG0002862	g2122.t1	
OG0002863	g2130.t1	
OG0002864	g2137.t1	
OG0002865	g2142.t1	
OG0002866	g2151.t1	
OG0002867	g2152.t1	
OG0002868	g2156.t1	
OG0002869	g2158.t1	
OG0002870	g2163.t1	
OG0002871	g2174.t1	
OG0002872	g2175.t1	
OG0002873	g2176.t1	
OG0002874	g2178.t1	
OG0002875	g2181.t1	
OG0002876	g2182.t1	
OG0002877	g2184.t1	
OG0002878	g2185.t1	
OG0002879	g2189.t1	
OG0002880	g2190.t1	
OG0002881	g2191.t1	
OG0002882	g2201.t1	
OG0002883	g2207.t1	
OG0002884	g2209.t1	
OG0002885	g2211.t1	
OG0002886	g2213.t1	
OG0002887	g2214.t1	
OG0002888	g2215.t1	
OG0002889	g2216.t1	
OG0002890	g2220.t1	
OG0002891	g2222.t1	
OG0002892	g2224.t1	
OG0002893	g2228.t1	
OG0002894	g2229.t1	
OG0002895	g2231.t1	
OG0002896	g2233.t1	
OG0002897	g2236.t1	
OG0002898	g2244.t1	
OG0002899	g2248.t1	
OG0002900	g2251.t1	
OG0002901	g2254.t1	
OG0002902	g2259.t1	
OG0002903	g2265.t1	
OG0002904	g2266.t1	
OG0002905	g2267.t1	
OG0002906	g2269.t1	
OG0002907	g2274.t1	
OG0002908	g2275.t1	
OG0002909	g2276.t1	
OG0002910	g2277.t1	
OG0002911	g2279.t1	
OG0002912	g2281.t1	
OG0002913	g2283.t1	
OG0002914	g2284.t1	
OG0002915	g2290.t1	
OG0002916	g2293.t1	
OG0002917	g2299.t1	
OG0002918	g2303.t1	
OG0002919	g2308.t1	
OG0002920	g2313.t1	
OG0002921	g2318.t1	
OG0002922	g2321.t1	
OG0002923	g2326.t1	
OG0002924	g2327.t1	
OG0002925	g2332.t1	
OG0002926	g2339.t1	
OG0002927	g2348.t1	
OG0002928	g2350.t1	
OG0002929	g2352.t1	
OG0002930	g2362.t1	
OG0002931	g2371.t1	
OG0002932	g2398.t1	
OG0002933	g2404.t1	
OG0002934	g2414.t1	
OG0002935	g2416.t1	
OG0002936	g2419.t1	
OG0002937	g2420.t1	
OG0002938	g2425.t1	
OG0002939	g2431.t1	
OG0002940	g2434.t1	
OG0002941	g2435.t1	
OG0002942	g2441.t1	
OG0002943	g2443.t1	
OG0002944	g2444.t1	
OG0002945	g2445.t1	
OG0002946	g2449.t1	
OG0002947	g2453.t1	
OG0002948	g2454.t1	
OG0002949	g2466.t1	
OG0002950	g2468.t1	
OG0002951	g2473.t1	
OG0002952	g2476.t1	
OG0002953	g2479.t1	
OG0002954	g2480.t1	
OG0002955	g2481.t1	
OG0002956	g2490.t1	
OG0002957	g2492.t1	
OG0002958	g2495.t1	
OG0002959	g2496.t1	
OG0002960	g2499.t1	
OG0002961	g2501.t1	
OG0002962	g2522.t1	
OG0002963	g2523.t1	
OG0002964	g2524.t1	
OG0002965	g2527.t1	
OG0002966	g2533.t1	
OG0002967	g2538.t1	
OG0002968	g2540.t1	
OG0002969	g2541.t1	
OG0002970	g2543.t1	
OG0002971	g2545.t1	
OG0002972	g2562.t1	
OG0002973	g2568.t1	
OG0002974	g2575.t1	
OG0002975	g2576.t1	
OG0002976	g2577.t1	
OG0002977	g2579.t1	
OG0002978	g2582.t1	
OG0002979	g2588.t1	
OG0002980	g2599.t1	
OG0002981	g2600.t1	
OG0002982	g2605.t1	
OG0002983	g2609.t1	
OG0002984	g2610.t1	
OG0002985	g2611.t1	
OG0002986	g2616.t1	
OG0002987	g2620.t1	
OG0002988	g2634.t1	
OG0002989	g2643.t1	
OG0002990	g2644.t1	
OG0002991	g2659.t1	
OG0002992	g2665.t1	
OG0002993	g2673.t1	
OG0002994	g2674.t1	
OG0002995	g2676.t1	
OG0002996	g2694.t1	
OG0002997	g2696.t1	
OG0002998	g2701.t1	
OG0002999	g2702.t1	
OG0003000	g2704.t1	
OG0003001	g2705.t1	
OG0003002	g2710.t1	
OG0003003	g2711.t1	
OG0003004	g2712.t1	
OG0003005	g2713.t1	
OG0003006	g2714.t1	
OG0003007	g2716.t1	
OG0003008	g2720.t1	
OG0003009	g2724.t1	
OG0003010	g2726.t1	
OG0003011	g2745.t1	
OG0003012	g2746.t1	
OG0003013	g2748.t1	
OG0003014	g2762.t1	
OG0003015	g2763.t1	
OG0003016	g2766.t1	
OG0003017	g2767.t1	
OG0003018	g2769.t1	
OG0003019	g2771.t1	
OG0003020	g2772.t1	
OG0003021	g2774.t1	
OG0003022	g2775.t1	
OG0003023	g2776.t1	
OG0003024	g2778.t1	
OG0003025	g2779.t1	
OG0003026	g2781.t1	
OG0003027	g2782.t1	
OG0003028	g2791.t1	
OG0003029	g2792.t1	
OG0003030	g2793.t1	
OG0003031	g2797.t1	
OG0003032	g2799.t1	
OG0003033	g2800.t1	
OG0003034	g2803.t1	
OG0003035	g2807.t1	
OG0003036	g2808.t1	
OG0003037	g2813.t1	
OG0003038	g2818.t1	
OG0003039	g2819.t1	
OG0003040	g2820.t1	
OG0003041	g2822.t1	
OG0003042	g2825.t1	
OG0003043	g2828.t1	
OG0003044	g2830.t1	
OG0003045	g2831.t1	
OG0003046	g2832.t1	
OG0003047	g2833.t1	
OG0003048	g2834.t1	
OG0003049	g2837.t1	
OG0003050	g2838.t1	
OG0003051	g2840.t1	
OG0003052	g2841.t1	
OG0003053	g2842.t1	
OG0003054	g2843.t1	
OG0003055	g2848.t1	
OG0003056	g2849.t1	
OG0003057	g2850.t1	
OG0003058	g2851.t1	
OG0003059	g2856.t1	
OG0003060	g2858.t1	
OG0003061	g2863.t1	
OG0003062	g2864.t1	
OG0003063	g2866.t1	
OG0003064	g2867.t1	
OG0003065	g2873.t1	
OG0003066	g2875.t1	
OG0003067	g2876.t1	
OG0003068	g2878.t1	
OG0003069	g2881.t1	
OG0003070	g2887.t1	
OG0003071	g2889.t1	
OG0003072	g2890.t1	
OG0003073	g2903.t1	
OG0003074	g2911.t1	
OG0003075	g2913.t1	
OG0003076	g2918.t1	
OG0003077	g2921.t1	
OG0003078	g2926.t1	
OG0003079	g2927.t1	
OG0003080	g2929.t1	
OG0003081	g2930.t1	
OG0003082	g2932.t1	
OG0003083	g2941.t1	
OG0003084	g2944.t1	
OG0003085	g2951.t1	
OG0003086	g2952.t1	
OG0003087	g2953.t1	
OG0003088	g2956.t1	
OG0003089	g2977.t1	
OG0003090	g2985.t1	
OG0003091	g2986.t1	
OG0003092	g2993.t1	
OG0003093	g2995.t1	
OG0003094	g2999.t1	
OG0003095	g3004.t1	
OG0003096	g3005.t1	
OG0003097	g3009.t1	
OG0003098	g3013.t1	
OG0003099	g3014.t1	
OG0003100	g3015.t1	
OG0003101	g3019.t1	
OG0003102	g3044.t1	
OG0003103	g3048.t1	
OG0003104	g3049.t1	
OG0003105	g3052.t1	
OG0003106	g3057.t1	
OG0003107	g3059.t1	
OG0003108	g3063.t1	
OG0003109	g3069.t1	
OG0003110	g3070.t1	
OG0003111	g3072.t1	
OG0003112	g3075.t1	
OG0003113	g3076.t1	
OG0003114	g3078.t1	
OG0003115	g3092.t1	
OG0003116	g3093.t1	
OG0003117	g3096.t1	
OG0003118	g3101.t1	
OG0003119	g3102.t1	
OG0003120	g3109.t1	
OG0003121	g3111.t1	
OG0003122	g3112.t1	
OG0003123	g3114.t1	
OG0003124	g3117.t1	
OG0003125	g3118.t1	
OG0003126	g3120.t1	
OG0003127	g3121.t1	
OG0003128	g3122.t1	
OG0003129	g3123.t1	
OG0003130	g3124.t1	
OG0003131	g3125.t1	
OG0003132	g3128.t1	
OG0003133	g3129.t1	
OG0003134	g3132.t1	
OG0003135	g3133.t1	
OG0003136	g3134.t1	
OG0003137	g3135.t1	
OG0003138	g3136.t1	
OG0003139	g3139.t1	
OG0003140	g3140.t1	
OG0003141	g3144.t1	
OG0003142	g3149.t1	
OG0003143	g3151.t1	
OG0003144	g3155.t1	
OG0003145	g3156.t1	
OG0003146	g3157.t1	
OG0003147	g3171.t1	
OG0003148	g3174.t1	
OG0003149	g3186.t1	
OG0003150	g3188.t1	
OG0003151	g3202.t1	
OG0003152	g3211.t1	
OG0003153	g3214.t1	
OG0003154	g3215.t1	
OG0003155	g3222.t1	
OG0003156	g3231.t1	
OG0003157	g3240.t1	
OG0003158	g3244.t1	
OG0003159	g3252.t1	
OG0003160	g3259.t1	
OG0003161	g3260.t1	
OG0003162	g3261.t1	
OG0003163	g3266.t1	
OG0003164	g3270.t1	
OG0003165	g3272.t1	
OG0003166	g3276.t1	
OG0003167	g3277.t1	
OG0003168	g3279.t1	
OG0003169	g3280.t1	
OG0003170	g3282.t1	
OG0003171	g3284.t1	
OG0003172	g3287.t1	
OG0003173	g3293.t1	
OG0003174	g3294.t1	
OG0003175	g3295.t1	
OG0003176	g3301.t1	
OG0003177	g3310.t1	
OG0003178	g3313.t1	
OG0003179	g3314.t1	
OG0003180	g3322.t1	
OG0003181	g3323.t1	
OG0003182	g3324.t1	
OG0003183	g3338.t1	
OG0003184	g3339.t1	
OG0003185	g3341.t1	
OG0003186	g3343.t1	
OG0003187	g3350.t1	
OG0003188	g3354.t1	
OG0003189	g3356.t1	
OG0003190	g3357.t1	
OG0003191	g3360.t1	
OG0003192	g3362.t1	
OG0003193	g3371.t1	
OG0003194	g3372.t1	
OG0003195	g3373.t1	
OG0003196	g3384.t1	
OG0003197	g3389.t1	
OG0003198	g3400.t1	
OG0003199	g3401.t1	
OG0003200	g3404.t1	
OG0003201	g3413.t1	
OG0003202	g3416.t1	
OG0003203	g3417.t1	
OG0003204	g3418.t1	
OG0003205	g3420.t1	
OG0003206	g3425.t1	
OG0003207	g3427.t1	
OG0003208	g3428.t1	
OG0003209	g3433.t1	
OG0003210	g3435.t1	
OG0003211	g3436.t1	
OG0003212	g3437.t1	
OG0003213	g3438.t1	
OG0003214	g3440.t1	
OG0003215	g3443.t1	
OG0003216	g3444.t1	
OG0003217	g3445.t1	
OG0003218	g3446.t1	
OG0003219	g3451.t1	
OG0003220	g3452.t1	
OG0003221	g3458.t1	
OG0003222	g3459.t1	
OG0003223	g3462.t1	
OG0003224	g3465.t1	
OG0003225	g3474.t1	
OG0003226	g3478.t1	
OG0003227	g3481.t1	
OG0003228	g3482.t1	
OG0003229	g3486.t1	
OG0003230	g3496.t1	
OG0003231	g3504.t1	
OG0003232	g3507.t1	
OG0003233	g3508.t1	
OG0003234	g3509.t1	
OG0003235	g3510.t1	
OG0003236	g3520.t1	
OG0003237	g3525.t1	
OG0003238	g3530.t1	
OG0003239	g3534.t1	
OG0003240	g3539.t1	
OG0003241	g3544.t1	
OG0003242	g3553.t1	
OG0003243	g3554.t1	
OG0003244	g3555.t1	
OG0003245	g3558.t1	
OG0003246	g3566.t1	
OG0003247	g3567.t1	
OG0003248	g3572.t1	
OG0003249	g3573.t1	
OG0003250	g3575.t1	
OG0003251	g3580.t1	
OG0003252	g3591.t1	
OG0003253	g3607.t1	
OG0003254	g3612.t1	
OG0003255	g3613.t1	
OG0003256	g3614.t1	
OG0003257	g3615.t1	
OG0003258	g3616.t1	
OG0003259	g3618.t1	
OG0003260	g3619.t1	
OG0003261	g3621.t1	
OG0003262	g3636.t1	
OG0003263	g3644.t1	
OG0003264	g3649.t1	
OG0003265	g3683.t1	
OG0003266	g3685.t1	
OG0003267	g3686.t1	
OG0003268	g3691.t1	
OG0003269	g3719.t1	
OG0003270	g3733.t1	
OG0003271	g3734.t1	
OG0003272	g3735.t1	
OG0003273	g3738.t1	
OG0003274	g3747.t1	
OG0003275	g3751.t1	
OG0003276	g3756.t1	
OG0003277	g3760.t1	
OG0003278	g3766.t1	
OG0003279	g3768.t1	
OG0003280	g3769.t1	
OG0003281	g3770.t1	
OG0003282	g3785.t1	
OG0003283	g3787.t1	
OG0003284	g3788.t1	
OG0003285	g3791.t1	
OG0003286	g3793.t1	
OG0003287	g3795.t1	
OG0003288	g3798.t1	
OG0003289	g3799.t1	
OG0003290	g3801.t1	
OG0003291	g3806.t1	
OG0003292	g3808.t1	
OG0003293	g3822.t1	
OG0003294	g3834.t1	
OG0003295	g3837.t1	
OG0003296	g3844.t1	
OG0003297	g3845.t1	
OG0003298	g3847.t1	
OG0003299	g3854.t1	
OG0003300	g3857.t1	
OG0003301	g3858.t1	
OG0003302	g3859.t1	
OG0003303	g3861.t1	
OG0003304	g3864.t1	
OG0003305	g3865.t1	
OG0003306	g3866.t1	
OG0003307	g3867.t1	
OG0003308	g3869.t1	
OG0003309	g3878.t1	
OG0003310	g3899.t1	
OG0003311	g3905.t1	
OG0003312	g3906.t1	
OG0003313	g3908.t1	
OG0003314	g3909.t1	
OG0003315	g3910.t1	
OG0003316	g3911.t1	
OG0003317	g3916.t1	
OG0003318	g3917.t1	
OG0003319	g3921.t1	
OG0003320	g3922.t1	
OG0003321	g3924.t1	
OG0003322	g3925.t1	
OG0003323	g3929.t1	
OG0003324	g3930.t1	
OG0003325	g3931.t1	
OG0003326	g3933.t1	
OG0003327	g3942.t1	
OG0003328	g3943.t1	
OG0003329	g3944.t1	
OG0003330	g3955.t1	
OG0003331	g3956.t1	
OG0003332	g3959.t1	
OG0003333	g3960.t1	
OG0003334	g3962.t1	
OG0003335	g3969.t1	
OG0003336	g3979.t1	
OG0003337	g3982.t1	
OG0003338	g3983.t1	
OG0003339	g3984.t1	
OG0003340	g3985.t1	
OG0003341	g3986.t1	
OG0003342	g3987.t1	
OG0003343	g4005.t1	
OG0003344	g4011.t1	
OG0003345	g4020.t1	
OG0003346	g4028.t1	
OG0003347	g4029.t1	
OG0003348	g4032.t1	
OG0003349	g4033.t1	
OG0003350	g4035.t1	
OG0003351	g4036.t1	
OG0003352	g4037.t1	
OG0003353	g4039.t1	
OG0003354	g4041.t1	
OG0003355	g4043.t1	
OG0003356	g4046.t1	
OG0003357	g4047.t1	
OG0003358	g4057.t1	
OG0003359	g4064.t1	
OG0003360	g4066.t1	
OG0003361	g4068.t1	
OG0003362	g4069.t1	
OG0003363	g4087.t1	
OG0003364	g4088.t1	
OG0003365	g4090.t1	
OG0003366	g4092.t1	
OG0003367	g4094.t1	
OG0003368	g4096.t1	
OG0003369	g4105.t1	
OG0003370	g4111.t1	
OG0003371	g4113.t1	
OG0003372	g4114.t1	
OG0003373	g4119.t1	
OG0003374	g4124.t1	
OG0003375	g4136.t1	
OG0003376	g4137.t1	
OG0003377	g4138.t1	
OG0003378	g4140.t1	
OG0003379	g4141.t1	
OG0003380	g4144.t1	
OG0003381	g4146.t1	
OG0003382	g4155.t1	
OG0003383	g4166.t1	
OG0003384	g4169.t1	
OG0003385	g4174.t1	
OG0003386	g4183.t1	
OG0003387	g4189.t1	
OG0003388	g4192.t1	
OG0003389	g4195.t1	
OG0003390	g4197.t1	
OG0003391	g4198.t1	
OG0003392	g4199.t1	
OG0003393	g4200.t1	
OG0003394	g4212.t1	
OG0003395	g4223.t1	
OG0003396	g4231.t1	
OG0003397	g4246.t1	
OG0003398	g4257.t1	
OG0003399	g4264.t1	
OG0003400	g4265.t1	
OG0003401	g4287.t1	
OG0003402	g4291.t1	
OG0003403	g4302.t1	
OG0003404	g4306.t1	
OG0003405	g4312.t1	
OG0003406	g4360.t1	
OG0003407	g4361.t1	
OG0003408	g4368.t1	
OG0003409	g4371.t1	
OG0003410	g4373.t1	
OG0003411	g4376.t1	
OG0003412	g4377.t1	
OG0003413	g4379.t1	
OG0003414	g4380.t1	
OG0003415	g4381.t1	
OG0003416	g4382.t1	
OG0003417	g4383.t1	
OG0003418	g4385.t1	
OG0003419	g4387.t1	
OG0003420	g4388.t1	
OG0003421	g4390.t1	
OG0003422	g4394.t1	
OG0003423	g4395.t1	
OG0003424	g4399.t1	
OG0003425	g4400.t1	
OG0003426	g4401.t1	
OG0003427	g4402.t1	
OG0003428	g4403.t1	
OG0003429	g4406.t1	
OG0003430	g4408.t1	
OG0003431	g4409.t1	
OG0003432	g4417.t1	
OG0003433	g4419.t1	
OG0003434	g4420.t1	
OG0003435	g4428.t1	
OG0003436	g4430.t1	
OG0003437	g4431.t1	
OG0003438	g4432.t1	
OG0003439	g4439.t1	
OG0003440	g4442.t1	
OG0003441	g4443.t1	
OG0003442	g4444.t1	
OG0003443	g4446.t1	
OG0003444	g4448.t1	
OG0003445	g4452.t1	
OG0003446	g4454.t1	
OG0003447	g4455.t1	
OG0003448	g4456.t1	
OG0003449	g4457.t1	
OG0003450	g4461.t1	
OG0003451	g4466.t1	
OG0003452	g4467.t1	
OG0003453	g4469.t1	
OG0003454	g4473.t1	
OG0003455	g4487.t1	
OG0003456	g4490.t1	
OG0003457	g4509.t1	
OG0003458	g4514.t1	
OG0003459	g4515.t1	
OG0003460	g4516.t1	
OG0003461	g4522.t1	
OG0003462	g4525.t1	
OG0003463	g4537.t1	
OG0003464	g4544.t1	
OG0003465	g4554.t1	
OG0003466	g4556.t1	
OG0003467	g4558.t1	
OG0003468	g4567.t1	
OG0003469	g4569.t1	
OG0003470	g4573.t1	
OG0003471	g4574.t1	
OG0003472	g4575.t1	
OG0003473	g4576.t1	
OG0003474	g4580.t1	
OG0003475	g4600.t1	
OG0003476	g4603.t1	
OG0003477	g4608.t1	
OG0003478	g4616.t1	
OG0003479	g4617.t1	
OG0003480	g4618.t1	
OG0003481	g4620.t1	
OG0003482	g4621.t1	
OG0003483	g4622.t1	
OG0003484	g4631.t1	
OG0003485	g4637.t1	
OG0003486	g4638.t1	
OG0003487	g4639.t1	
OG0003488	g4640.t1	
OG0003489	g4641.t1	
OG0003490	g4650.t1	
OG0003491	g4656.t1	
OG0003492	g4659.t1	
OG0003493	g4661.t1	
OG0003494	g4663.t1	
OG0003495	g4665.t1	
OG0003496	g4666.t1	
OG0003497	g4670.t1	
OG0003498	g4672.t1	
OG0003499	g4676.t1	
OG0003500	g4678.t1	
OG0003501	g4689.t1	
OG0003502	g4694.t1	
OG0003503	g4695.t1	
OG0003504	g4696.t1	
OG0003505	g4697.t1	
OG0003506	g4704.t1	
OG0003507	g4716.t1	
OG0003508	g4717.t1	
OG0003509	g4718.t1	
OG0003510	g4723.t1	
OG0003511	g4724.t1	
OG0003512	g4725.t1	
OG0003513	g4726.t1	
OG0003514	g4727.t1	
OG0003515	g4728.t1	
OG0003516	g4731.t1	
OG0003517	g4732.t1	
OG0003518	g4733.t1	
OG0003519	g4743.t1	
OG0003520	g4746.t1	
OG0003521	g4750.t1	
OG0003522	g4756.t1	
OG0003523	g4763.t1	
OG0003524	g4766.t1	
OG0003525	g4768.t1	
OG0003526	g4769.t1	
OG0003527	g4770.t1	
OG0003528	g4772.t1	
OG0003529	g4773.t1	
OG0003530	g4774.t1	
OG0003531	g4775.t1	
OG0003532	g4783.t1	
OG0003533	g4789.t1	
OG0003534	g4791.t1	
OG0003535	g4793.t1	
OG0003536	g4795.t1	
OG0003537	g4799.t1	
OG0003538	g4802.t1	
OG0003539	g4803.t1	
OG0003540	g4804.t1	
OG0003541	g4808.t1	
OG0003542	g4815.t1	
OG0003543	g4825.t1	
OG0003544	g4845.t1	
OG0003545	g4864.t1	
OG0003546	g4866.t1	
OG0003547	g4870.t1	
OG0003548	g4872.t1	
OG0003549	g4874.t1	
OG0003550	g4881.t1	
OG0003551	g4887.t1	
OG0003552	g4890.t1	
OG0003553	g4891.t1	
OG0003554	g4893.t1	
OG0003555	g4895.t1	
OG0003556	g4909.t1	
OG0003557	g4910.t1	
OG0003558	g4911.t1	
OG0003559	g4913.t1	
OG0003560	g4915.t1	
OG0003561	g4917.t1	
OG0003562	g4918.t1	
OG0003563	g4920.t1	
OG0003564	g4922.t1	
OG0003565	g4929.t1	
OG0003566	g4930.t1	
OG0003567	g4932.t1	
OG0003568	g4936.t1	
OG0003569	g4943.t1	
OG0003570	g4945.t1	
OG0003571	g4958.t1	
OG0003572	g4959.t1	
OG0003573	g4961.t1	
OG0003574	g4963.t1	
OG0003575	g4965.t1	
OG0003576	g4971.t1	
OG0003577	g4972.t1	
OG0003578	g4977.t1	
OG0003579	g4978.t1	
OG0003580	g4982.t1	
OG0003581	g4985.t1	
OG0003582	g4986.t1	
OG0003583	g4988.t1	
OG0003584	g5010.t1	
OG0003585	g5016.t1	
OG0003586	g5027.t1	
OG0003587	g5034.t1	
OG0003588	g5049.t1	
OG0003589	g5052.t1	
OG0003590	g5055.t1	
OG0003591	g5057.t1	
OG0003592	g5060.t1	
OG0003593	g5066.t1	
OG0003594	g5088.t1	
OG0003595	g5094.t1	
OG0003596	g5096.t1	
OG0003597	g5097.t1	
OG0003598	g5119.t1	
OG0003599	g5128.t1	
OG0003600	g5136.t1	
OG0003601	g5137.t1	
OG0003602	g5138.t1	
OG0003603	g5143.t1	
OG0003604	g5147.t1	
OG0003605	g5151.t1	
OG0003606	g5158.t1	
OG0003607	g5163.t1	
OG0003608	g5169.t1	
OG0003609	g5177.t1	
OG0003610	g5187.t1	
OG0003611	g5197.t1	
OG0003612	g5198.t1	
OG0003613	g5200.t1	
OG0003614	g5204.t1	
OG0003615	g5209.t1	
OG0003616	g5210.t1	
OG0003617	g5211.t1	
OG0003618	g5216.t1	
OG0003619	g5222.t1	
OG0003620	g5232.t1	
OG0003621	g5238.t1	
OG0003622	g5242.t1	
OG0003623	g5249.t1	
OG0003624	g5254.t1	
OG0003625	g5269.t1	
OG0003626	g5282.t1	
OG0003627	g5283.t1	
OG0003628	g5288.t1	
OG0003629	g5291.t1	
OG0003630	g5307.t1	
OG0003631	g5308.t1	
OG0003632	g5312.t1	
OG0003633	g5320.t1	
OG0003634	g5322.t1	
OG0003635	g5326.t1	
OG0003636	g5329.t1	
OG0003637	g5330.t1	
OG0003638	g5352.t1	
OG0003639	g5354.t1	
OG0003640	g5355.t1	
OG0003641	g5366.t1	
OG0003642	g5367.t1	
OG0003643	g5371.t1	
OG0003644	g5373.t1	
OG0003645	g5375.t1	
OG0003646	g5378.t1	
OG0003647	g5387.t1	
OG0003648	g5394.t1	
OG0003649	g5397.t1	
OG0003650	g5400.t1	
OG0003651	g5420.t1	
OG0003652	g5428.t1	
OG0003653	g5432.t1	
OG0003654	g5435.t1	
OG0003655	g5442.t1	
OG0003656	g5449.t1	
OG0003657	g5461.t1	
OG0003658	g5470.t1	
OG0003659	g5483.t1	
OG0003660	g5487.t1	
OG0003661	g5489.t1	
OG0003662	g5491.t1	
OG0003663	g5493.t1	
OG0003664	g5497.t1	
OG0003665	g5499.t1	
OG0003666	g5501.t1	
OG0003667	g5503.t1	
OG0003668	g5504.t1	
OG0003669	g5507.t1	
OG0003670	g5508.t1	
OG0003671	g5509.t1	
OG0003672	g5510.t1	
OG0003673	g5511.t1	
OG0003674	g5514.t1	
OG0003675		g2.t1
OG0003676		g7.t1
OG0003677		g8.t1
OG0003678		g9.t1
OG0003679		g10.t1
OG0003680		g14.t1
OG0003681		g15.t1
OG0003682		g17.t1
OG0003683		g18.t1
OG0003684		g38.t1
OG0003685		g39.t1
OG0003686		g48.t1
OG0003687		g55.t1
OG0003688		g63.t1
OG0003689		g67.t1
OG0003690		g79.t1
OG0003691		g96.t1
OG0003692		g98.t1
OG0003693		g103.t1
OG0003694		g106.t1
OG0003695		g131.t1
OG0003696		g135.t1
OG0003697		g143.t1
OG0003698		g144.t1
OG0003699		g151.t1
OG0003700		g152.t1
OG0003701		g153.t1
OG0003702		g155.t1
OG0003703		g158.t1
OG0003704		g162.t1
OG0003705		g188.t1
OG0003706		g196.t1
OG0003707		g200.t1
OG0003708		g202.t1
OG0003709		g206.t1
OG0003710		g208.t1
OG0003711		g220.t1
OG0003712		g230.t1
OG0003713		g232.t1
OG0003714		g233.t1
OG0003715		g236.t1
OG0003716		g237.t1
OG0003717		g240.t1
OG0003718		g248.t1
OG0003719		g260.t1
OG0003720		g264.t1
OG0003721		g270.t1
OG0003722		g272.t1
OG0003723		g274.t1
OG0003724		g280.t1
OG0003725		g281.t1
OG0003726		g284.t1
OG0003727		g287.t1
OG0003728		g290.t1
OG0003729		g295.t1
OG0003730		g296.t1
OG0003731		g298.t1
OG0003732		g299.t1
OG0003733		g305.t1
OG0003734		g308.t1
OG0003735		g309.t1
OG0003736		g318.t1
OG0003737		g328.t1
OG0003738		g329.t1
OG0003739		g332.t1
OG0003740		g342.t1
OG0003741		g345.t1
OG0003742		g347.t1
OG0003743		g348.t1
OG0003744		g352.t1
OG0003745		g357.t1
OG0003746		g358.t1
OG0003747		g359.t1
OG0003748		g363.t1
OG0003749		g380.t1
OG0003750		g382.t1
OG0003751		g394.t1
OG0003752		g395.t1
OG0003753		g396.t1
OG0003754		g413.t1
OG0003755		g437.t1
OG0003756		g440.t1
OG0003757		g446.t1
OG0003758		g447.t1
OG0003759		g457.t1
OG0003760		g459.t1
OG0003761		g462.t1
OG0003762		g463.t1
OG0003763		g465.t1
OG0003764		g468.t1
OG0003765		g469.t1
OG0003766		g475.t1
OG0003767		g478.t1
OG0003768		g495.t1
OG0003769		g496.t1
OG0003770		g498.t1
OG0003771		g499.t1
OG0003772		g503.t1
OG0003773		g504.t1
OG0003774		g506.t1
OG0003775		g515.t1
OG0003776		g516.t1
OG0003777		g520.t1
OG0003778		g522.t1
OG0003779		g524.t1
OG0003780		g525.t1
OG0003781		g540.t1
OG0003782		g556.t1
OG0003783		g575.t1
OG0003784		g585.t1
OG0003785		g586.t1
OG0003786		g590.t1
OG0003787		g602.t1
OG0003788		g605.t1
OG0003789		g611.t1
OG0003790		g618.t1
OG0003791		g630.t1
OG0003792		g635.t1
OG0003793		g639.t1
OG0003794		g641.t1
OG0003795		g643.t1
OG0003796		g646.t1
OG0003797		g648.t1
OG0003798		g649.t1
OG0003799		g650.t1
OG0003800		g658.t1
OG0003801		g665.t1
OG0003802		g666.t1
OG0003803		g667.t1
OG0003804		g670.t1
OG0003805		g671.t1
OG0003806		g683.t1
OG0003807		g684.t1
OG0003808		g687.t1
OG0003809		g688.t1
OG0003810		g695.t1
OG0003811		g707.t1
OG0003812		g708.t1
OG0003813		g709.t1
OG0003814		g710.t1
OG0003815		g712.t1
OG0003816		g715.t1
OG0003817		g721.t1
OG0003818		g726.t1
OG0003819		g736.t1
OG0003820		g744.t1
OG0003821		g745.t1
OG0003822		g749.t1
OG0003823		g752.t1
OG0003824		g753.t1
OG0003825		g754.t1
OG0003826		g763.t1
OG0003827		g764.t1
OG0003828		g769.t1
OG0003829		g770.t1
OG0003830		g774.t1
OG0003831		g776.t1
OG0003832		g782.t1
OG0003833		g788.t1
OG0003834		g805.t1
OG0003835		g806.t1
OG0003836		g807.t1
OG0003837		g809.t1
OG0003838		g814.t1
OG0003839		g818.t1
OG0003840		g820.t1
OG0003841		g821.t1
OG0003842		g824.t1
OG0003843		g826.t1
OG0003844		g827.t1
OG0003845		g828.t1
OG0003846		g830.t1
OG0003847		g831.t1
OG0003848		g832.t1
OG0003849		g833.t1
OG0003850		g834.t1
OG0003851		g835.t1
OG0003852		g836.t1
OG0003853		g837.t1
OG0003854		g839.t1
OG0003855		g840.t1
OG0003856		g845.t1
OG0003857		g852.t1
OG0003858		g868.t1
OG0003859		g871.t1
OG0003860		g875.t1
OG0003861		g876.t1
OG0003862		g877.t1
OG0003863		g922.t1
OG0003864		g923.t1
OG0003865		g925.t1
OG0003866		g926.t1
OG0003867		g927.t1
OG0003868		g928.t1
OG0003869		g929.t1
OG0003870		g931.t1
OG0003871		g934.t1
OG0003872		g939.t1
OG0003873		g945.t1
OG0003874		g954.t1
OG0003875		g982.t1
OG0003876		g984.t1
OG0003877		g988.t1
OG0003878		g994.t1
OG0003879		g997.t1
OG0003880		g998.t1
OG0003881		g1000.t1
OG0003882		g1002.t1
OG0003883		g1004.t1
OG0003884		g1005.t1
OG0003885		g1007.t1
OG0003886		g1015.t1
OG0003887		g1016.t1
OG0003888		g1017.t1
OG0003889		g1033.t1
OG0003890		g1035.t1
OG0003891		g1038.t1
OG0003892		g1039.t1
OG0003893		g1040.t1
OG0003894		g1042.t1
OG0003895		g1047.t1
OG0003896		g1049.t1
OG0003897		g1051.t1
OG0003898		g1056.t1
OG0003899		g1058.t1
OG0003900		g1059.t1
OG0003901		g1060.t1
OG0003902		g1061.t1
OG0003903		g1062.t1
OG0003904		g1063.t1
OG0003905		g1064.t1
OG0003906		g1065.t1
OG0003907		g1069.t1
OG0003908		g1073.t1
OG0003909		g1079.t1
OG0003910		g1080.t1
OG0003911		g1083.t1
OG0003912		g1090.t1
OG0003913		g1091.t1
OG0003914		g1092.t1
OG0003915		g1107.t1
OG0003916		g1125.t1
OG0003917		g1126.t1
OG0003918		g1127.t1
OG0003919		g1129.t1
OG0003920		g1141.t1
OG0003921		g1145.t1
OG0003922		g1146.t1
OG0003923		g1157.t1
OG0003924		g1160.t1
OG0003925		g1161.t1
OG0003926		g1162.t1
OG0003927		g1163.t1
OG0003928		g1164.t1
OG0003929		g1167.t1
OG0003930		g1168.t1
OG0003931		g1169.t1
OG0003932		g1171.t1
OG0003933		g1172.t1
OG0003934		g1173.t1
OG0003935		g1175.t1
OG0003936		g1176.t1
OG0003937		g1179.t1
OG0003938		g1180.t1
OG0003939		g1182.t1
OG0003940		g1183.t1
OG0003941		g1187.t1
OG0003942		g1188.t1
OG0003943		g1193.t1
OG0003944		g1197.t1
OG0003945		g1202.t1
OG0003946		g1207.t1
OG0003947		g1216.t1
OG0003948		g1219.t1
OG0003949		g1220.t1
OG0003950		g1221.t1
OG0003951		g1224.t1
OG0003952		g1226.t1
OG0003953		g1228.t1
OG0003954		g1229.t1
OG0003955		g1230.t1
OG0003956		g1231.t1
OG0003957		g1232.t1
OG0003958		g1234.t1
OG0003959		g1235.t1
OG0003960		g1246.t1
OG0003961		g1250.t1
OG0003962		g1262.t1
OG0003963		g1269.t1
OG0003964		g1271.t1
OG0003965		g1273.t1
OG0003966		g1286.t1
OG0003967		g1290.t1
OG0003968		g1293.t1
OG0003969		g1295.t1
OG0003970		g1298.t1
OG0003971		g1299.t1
OG0003972		g1301.t1
OG0003973		g1302.t1
OG0003974		g1303.t1
OG0003975		g1305.t1
OG0003976		g1306.t1
OG0003977		g1308.t1
OG0003978		g1309.t1
OG0003979		g1311.t1
OG0003980		g1312.t1
OG0003981		g1313.t1
OG0003982		g1316.t1
OG0003983		g1317.t1
OG0003984		g1324.t1
OG0003985		g1328.t1
OG0003986		g1338.t1
OG0003987		g1356.t1
OG0003988		g1361.t1
OG0003989		g1362.t1
OG0003990		g1365.t1
OG0003991		g1377.t1
OG0003992		g1378.t1
OG0003993		g1379.t1
OG0003994		g1395.t1
OG0003995		g1397.t1
OG0003996		g1402.t1
OG0003997		g1404.t1
OG0003998		g1413.t1
OG0003999		g1421.t1
OG0004000		g1422.t1
OG0004001		g1425.t1
OG0004002		g1433.t1
OG0004003		g1437.t1
OG0004004		g1440.t1
OG0004005		g1443.t1
OG0004006		g1444.t1
OG0004007		g1445.t1
OG0004008		g1447.t1
OG0004009		g1449.t1
OG0004010		g1451.t1
OG0004011		g1452.t1
OG0004012		g1456.t1
OG0004013		g1457.t1
OG0004014		g1459.t1
OG0004015		g1460.t1
OG0004016		g1467.t1
OG0004017		g1479.t1
OG0004018		g1482.t1
OG0004019		g1484.t1
OG0004020		g1487.t1
OG0004021		g1488.t1
OG0004022		g1489.t1
OG0004023		g1490.t1
OG0004024		g1491.t1
OG0004025		g1494.t1
OG0004026		g1495.t1
OG0004027		g1499.t1
OG0004028		g1500.t1
OG0004029		g1501.t1
OG0004030		g1502.t1
OG0004031		g1507.t1
OG0004032		g1509.t1
OG0004033		g1511.t1
OG0004034		g1513.t1
OG0004035		g1515.t1
OG0004036		g1516.t1
OG0004037		g1520.t1
OG0004038		g1523.t1
OG0004039		g1525.t1
OG0004040		g1527.t1
OG0004041		g1528.t1
OG0004042		g1529.t1
OG0004043		g1538.t1
OG0004044		g1539.t1
OG0004045		g1551.t1
OG0004046		g1555.t1
OG0004047		g1556.t1
OG0004048		g1558.t1
OG0004049		g1559.t1
OG0004050		g1561.t1
OG0004051		g1565.t1
OG0004052		g1567.t1
OG0004053		g1571.t1
OG0004054		g1572.t1
OG0004055		g1573.t1
OG0004056		g1574.t1
OG0004057		g1575.t1
OG0004058		g1576.t1
OG0004059		g1577.t1
OG0004060		g1581.t1
OG0004061		g1583.t1
OG0004062		g1584.t1
OG0004063		g1585.t1
OG0004064		g1587.t1
OG0004065		g1590.t1
OG0004066		g1592.t1
OG0004067		g1595.t1
OG0004068		g1596.t1
OG0004069		g1597.t1
OG0004070		g1600.t1
OG0004071		g1603.t1
OG0004072		g1611.t1
OG0004073		g1616.t1
OG0004074		g1620.t1
OG0004075		g1623.t1
OG0004076		g1625.t1
OG0004077		g1626.t1
OG0004078		g1627.t1
OG0004079		g1636.t1
OG0004080		g1652.t1
OG0004081		g1653.t1
OG0004082		g1654.t1
OG0004083		g1657.t1
OG0004084		g1665.t1
OG0004085		g1668.t1
OG0004086		g1677.t1
OG0004087		g1692.t1
OG0004088		g1693.t1
OG0004089		g1702.t1
OG0004090		g1706.t1
OG0004091		g1715.t1
OG0004092		g1719.t1
OG0004093		g1720.t1
OG0004094		g1721.t1
OG0004095		g1722.t1
OG0004096		g1729.t1
OG0004097		g1732.t1
OG0004098		g1733.t1
OG0004099		g1735.t1
OG0004100		g1736.t1
OG0004101		g1737.t1
OG0004102		g1739.t1
OG0004103		g1740.t1
OG0004104		g1741.t1
OG0004105		g1743.t1
OG0004106		g1744.t1
OG0004107		g1745.t1
OG0004108		g1748.t1
OG0004109		g1752.t1
OG0004110		g1753.t1
OG0004111		g1754.t1
OG0004112		g1755.t1
OG0004113		g1760.t1
OG0004114		g1768.t1
OG0004115		g1775.t1
OG0004116		g1776.t1
OG0004117		g1779.t1
OG0004118		g1783.t1
OG0004119		g1786.t1
OG0004120		g1787.t1
OG0004121		g1790.t1
OG0004122		g1791.t1
OG0004123		g1803.t1
OG0004124		g1804.t1
OG0004125		g1806.t1
OG0004126		g1807.t1
OG0004127		g1810.t1
OG0004128		g1811.t1
OG0004129		g1813.t1
OG0004130		g1815.t1
OG0004131		g1816.t1
OG0004132		g1817.t1
OG0004133		g1821.t1
OG0004134		g1827.t1
OG0004135		g1829.t1
OG0004136		g1833.t1
OG0004137		g1835.t1
OG0004138		g1853.t1
OG0004139		g1854.t1
OG0004140		g1855.t1
OG0004141		g1857.t1
OG0004142		g1860.t1
OG0004143		g1861.t1
OG0004144		g1862.t1
OG0004145		g1863.t1
OG0004146		g1864.t1
OG0004147		g1866.t1
OG0004148		g1868.t1
OG0004149		g1870.t1
OG0004150		g1873.t1
OG0004151		g1874.t1
OG0004152		g1875.t1
OG0004153		g1878.t1
OG0004154		g1884.t1
OG0004155		g1885.t1
OG0004156		g1886.t1
OG0004157		g1887.t1
OG0004158		g1889.t1
OG0004159		g1895.t1
OG0004160		g1904.t1
OG0004161		g1906.t1
OG0004162		g1911.t1
OG0004163		g1912.t1
OG0004164		g1922.t1
OG0004165		g1923.t1
OG0004166		g1924.t1
OG0004167		g1925.t1
OG0004168		g1927.t1
OG0004169		g1930.t1
OG0004170		g1946.t1
OG0004171		g1960.t1
OG0004172		g1961.t1
OG0004173		g1962.t1
OG0004174		g1963.t1
OG0004175		g1968.t1
OG0004176		g1972.t1
OG0004177		g1973.t1
OG0004178		g1975.t1
OG0004179		g1993.t1
OG0004180		g1994.t1
OG0004181		g1995.t1
OG0004182		g1997.t1
OG0004183		g1999.t1
OG0004184		g2005.t1
OG0004185		g2006.t1
OG0004186		g2007.t1
OG0004187		g2010.t1
OG0004188		g2011.t1
OG0004189		g2020.t1
OG0004190		g2023.t1
OG0004191		g2024.t1
OG0004192		g2026.t1
OG0004193		g2041.t1
OG0004194		g2043.t1
OG0004195		g2050.t1
OG0004196		g2053.t1
OG0004197		g2061.t1
OG0004198		g2065.t1
OG0004199		g2066.t1
OG0004200		g2067.t1
OG0004201		g2076.t1
OG0004202		g2081.t1
OG0004203		g2083.t1
OG0004204		g2086.t1
OG0004205		g2087.t1
OG0004206		g2089.t1
OG0004207		g2091.t1
OG0004208		g2092.t1
OG0004209		g2095.t1
OG0004210		g2112.t1
OG0004211		g2122.t1
OG0004212		g2128.t1
OG0004213		g2131.t1
OG0004214		g2132.t1
OG0004215		g2134.t1
OG0004216		g2138.t1
OG0004217		g2139.t1
OG0004218		g2141.t1
OG0004219		g2159.t1
OG0004220		g2175.t1
OG0004221		g2177.t1
OG0004222		g2178.t1
OG0004223		g2179.t1
OG0004224		g2182.t1
OG0004225		g2191.t1
OG0004226		g2200.t1
OG0004227		g2201.t1
OG0004228		g2203.t1
OG0004229		g2207.t1
OG0004230		g2214.t1
OG0004231		g2216.t1
OG0004232		g2218.t1
OG0004233		g2219.t1
OG0004234		g2222.t1
OG0004235		g2223.t1
OG0004236		g2225.t1
OG0004237		g2228.t1
OG0004238		g2232.t1
OG0004239		g2236.t1
OG0004240		g2237.t1
OG0004241		g2239.t1
OG0004242		g2241.t1
OG0004243		g2245.t1
OG0004244		g2247.t1
OG0004245		g2248.t1
OG0004246		g2250.t1
OG0004247		g2255.t1
OG0004248		g2256.t1
OG0004249		g2275.t1
OG0004250		g2280.t1
OG0004251		g2281.t1
OG0004252		g2283.t1
OG0004253		g2284.t1
OG0004254		g2288.t1
OG0004255		g2289.t1
OG0004256		g2295.t1
OG0004257		g2298.t1
OG0004258		g2303.t1
OG0004259		g2304.t1
OG0004260		g2310.t1
OG0004261		g2311.t1
OG0004262		g2318.t1
OG0004263		g2319.t1
OG0004264		g2322.t1
OG0004265		g2338.t1
OG0004266		g2339.t1
OG0004267		g2348.t1
OG0004268		g2361.t1
OG0004269		g2362.t1
OG0004270		g2364.t1
OG0004271		g2365.t1
OG0004272		g2378.t1
OG0004273		g2379.t1
OG0004274		g2380.t1
OG0004275		g2382.t1
OG0004276		g2383.t1
OG0004277		g2391.t1
OG0004278		g2393.t1
OG0004279		g2398.t1
OG0004280		g2404.t1
OG0004281		g2406.t1
OG0004282		g2427.t1
OG0004283		g2429.t1
OG0004284		g2430.t1
OG0004285		g2431.t1
OG0004286		g2432.t1
OG0004287		g2433.t1
OG0004288		g2435.t1
OG0004289		g2437.t1
OG0004290		g2438.t1
OG0004291		g2443.t1
OG0004292		g2445.t1
OG0004293		g2452.t1
OG0004294		g2467.t1
OG0004295		g2471.t1
OG0004296		g2472.t1
OG0004297		g2478.t1
OG0004298		g2484.t1
OG0004299		g2486.t1
OG0004300		g2487.t1
OG0004301		g2498.t1
OG0004302		g2513.t1
OG0004303		g2524.t1
OG0004304		g2525.t1
OG0004305		g2526.t1
OG0004306		g2527.t1
OG0004307		g2529.t1
OG0004308		g2531.t1
OG0004309		g2532.t1
OG0004310		g2533.t1
OG0004311		g2534.t1
OG0004312		g2535.t1
OG0004313		g2536.t1
OG0004314		g2537.t1
OG0004315		g2539.t1
OG0004316		g2540.t1
OG0004317		g2542.t1
OG0004318		g2543.t1
OG0004319		g2544.t1
OG0004320		g2546.t1
OG0004321		g2547.t1
OG0004322		g2548.t1
OG0004323		g2552.t1
OG0004324		g2553.t1
OG0004325		g2554.t1
OG0004326		g2562.t1
OG0004327		g2563.t1
OG0004328		g2570.t1
OG0004329		g2582.t1
OG0004330		g2588.t1
OG0004331		g2596.t1
OG0004332		g2597.t1
OG0004333		g2599.t1
OG0004334		g2600.t1
OG0004335		g2605.t1
OG0004336		g2606.t1
OG0004337		g2612.t1
OG0004338		g2615.t1
OG0004339		g2616.t1
OG0004340		g2629.t1
OG0004341		g2630.t1
OG0004342		g2632.t1
OG0004343		g2638.t1
OG0004344		g2640.t1
OG0004345		g2647.t1
OG0004346		g2651.t1
OG0004347		g2654.t1
OG0004348		g2659.t1
OG0004349		g2662.t1
OG0004350		g2663.t1
OG0004351		g2664.t1
OG0004352		g2665.t1
OG0004353		g2666.t1
OG0004354		g2667.t1
OG0004355		g2670.t1
OG0004356		g2672.t1
OG0004357		g2673.t1
OG0004358		g2674.t1
OG0004359		g2675.t1
OG0004360		g2676.t1
OG0004361		g2677.t1
OG0004362		g2678.t1
OG0004363		g2680.t1
OG0004364		g2681.t1
OG0004365		g2683.t1
OG0004366		g2685.t1
OG0004367		g2686.t1
OG0004368		g2688.t1
OG0004369		g2690.t1
OG0004370		g2691.t1
OG0004371		g2692.t1
OG0004372		g2693.t1
OG0004373		g2695.t1
OG0004374		g2697.t1
OG0004375		g2704.t1
OG0004376		g2705.t1
OG0004377		g2713.t1
OG0004378		g2722.t1
OG0004379		g2727.t1
OG0004380		g2728.t1
OG0004381		g2729.t1
OG0004382		g2730.t1
OG0004383		g2731.t1
OG0004384		g2732.t1
OG0004385		g2733.t1
OG0004386		g2734.t1
OG0004387		g2740.t1
OG0004388		g2745.t1
OG0004389		g2756.t1
OG0004390		g2765.t1
OG0004391		g2767.t1
OG0004392		g2774.t1
OG0004393		g2784.t1
OG0004394		g2785.t1
OG0004395		g2791.t1
OG0004396		g2801.t1
OG0004397		g2804.t1
OG0004398		g2813.t1
OG0004399		g2817.t1
OG0004400		g2820.t1
OG0004401		g2821.t1
OG0004402		g2823.t1
OG0004403		g2830.t1
OG0004404		g2834.t1
OG0004405		g2836.t1
OG0004406		g2849.t1
OG0004407		g2855.t1
OG0004408		g2856.t1
OG0004409		g2857.t1
OG0004410		g2858.t1
OG0004411		g2859.t1
OG0004412		g2879.t1
OG0004413		g2886.t1
OG0004414		g2888.t1
OG0004415		g2896.t1
OG0004416		g2900.t1
OG0004417		g2909.t1
OG0004418		g2913.t1
OG0004419		g2915.t1
OG0004420		g2918.t1
OG0004421		g2920.t1
OG0004422		g2923.t1
OG0004423		g2926.t1
OG0004424		g2929.t1
OG0004425		g2932.t1
OG0004426		g2933.t1
OG0004427		g2934.t1
OG0004428		g2937.t1
OG0004429		g2971.t1
OG0004430		g2974.t1
OG0004431		g2975.t1
OG0004432		g2989.t1
OG0004433		g2991.t1
OG0004434		g3003.t1
OG0004435		g3006.t1
OG0004436		g3007.t1
OG0004437		g3008.t1
OG0004438		g3013.t1
OG0004439		g3014.t1
OG0004440		g3024.t1
OG0004441		g3027.t1
OG0004442		g3032.t1
OG0004443		g3040.t1
OG0004444		g3045.t1
OG0004445		g3053.t1
OG0004446		g3056.t1
OG0004447		g3065.t1
OG0004448		g3075.t1
OG0004449		g3083.t1
OG0004450		g3088.t1
OG0004451		g3091.t1
OG0004452		g3099.t1
OG0004453		g3103.t1
OG0004454		g3106.t1
OG0004455		g3113.t1
OG0004456		g3114.t1
OG0004457		g3117.t1
OG0004458		g3132.t1
OG0004459		g3133.t1
OG0004460		g3134.t1
OG0004461		g3137.t1
OG0004462		g3139.t1
OG0004463		g3154.t1
OG0004464		g3159.t1
OG0004465		g3164.t1
OG0004466		g3167.t1
OG0004467		g3170.t1
OG0004468		g3171.t1
OG0004469		g3179.t1
OG0004470		g3219.t1
OG0004471		g3227.t1
OG0004472		g3230.t1
OG0004473		g3244.t1
OG0004474		g3253.t1
OG0004475		g3254.t1
OG0004476		g3255.t1
OG0004477		g3256.t1
OG0004478		g3259.t1
OG0004479		g3263.t1
OG0004480		g3271.t1
OG0004481		g3280.t1
OG0004482		g3290.t1
OG0004483		g3295.t1
OG0004484		g3299.t1
OG0004485		g3311.t1
OG0004486		g3312.t1
OG0004487		g3314.t1
OG0004488		g3321.t1
OG0004489		g3335.t1
OG0004490		g3336.t1
OG0004491		g3341.t1
OG0004492		g3345.t1
OG0004493		g3351.t1
OG0004494		g3361.t1
OG0004495		g3365.t1
OG0004496		g3366.t1
OG0004497		g3367.t1
OG0004498		g3369.t1
OG0004499		g3373.t1
OG0004500		g3374.t1
OG0004501		g3377.t1
OG0004502		g3378.t1
OG0004503		g3379.t1
OG0004504		g3381.t1
OG0004505		g3382.t1
OG0004506		g3383.t1
OG0004507		g3384.t1
OG0004508		g3385.t1
OG0004509		g3386.t1
OG0004510		g3404.t1
OG0004511		g3411.t1
OG0004512		g3416.t1
OG0004513		g3417.t1
OG0004514		g3418.t1
OG0004515		g3420.t1
OG0004516		g3424.t1
OG0004517		g3429.t1
OG0004518		g3437.t1
OG0004519		g3438.t1
OG0004520		g3446.t1
OG0004521		g3447.t1
OG0004522		g3448.t1
OG0004523		g3449.t1
OG0004524		g3450.t1
OG0004525		g3452.t1
OG0004526		g3466.t1
OG0004527		g3468.t1
OG0004528		g3472.t1
OG0004529		g3474.t1
OG0004530		g3475.t1
OG0004531		g3494.t1
OG0004532		g3501.t1
OG0004533		g3503.t1
OG0004534		g3506.t1
OG0004535		g3509.t1
OG0004536		g3511.t1
OG0004537		g3514.t1
OG0004538		g3516.t1
OG0004539		g3522.t1
OG0004540		g3524.t1
OG0004541		g3531.t1
OG0004542		g3534.t1
OG0004543		g3542.t1
OG0004544		g3543.t1
OG0004545		g3547.t1
OG0004546		g3548.t1
OG0004547		g3552.t1
OG0004548		g3554.t1
OG0004549		g3555.t1
OG0004550		g3557.t1
OG0004551		g3562.t1
OG0004552		g3563.t1
OG0004553		g3566.t1
OG0004554		g3568.t1
OG0004555		g3581.t1
OG0004556		g3586.t1
OG0004557		g3587.t1
OG0004558		g3597.t1
OG0004559		g3598.t1
OG0004560		g3599.t1
OG0004561		g3604.t1
OG0004562		g3612.t1
OG0004563		g3615.t1
OG0004564		g3619.t1
OG0004565		g3620.t1
OG0004566		g3622.t1
OG0004567		g3624.t1
OG0004568		g3625.t1
OG0004569		g3626.t1
OG0004570		g3627.t1
OG0004571		g3628.t1
OG0004572		g3629.t1
OG0004573		g3630.t1
OG0004574		g3631.t1
OG0004575		g3633.t1
OG0004576		g3634.t1
OG0004577		g3637.t1
OG0004578		g3646.t1
OG0004579		g3649.t1
OG0004580		g3653.t1
OG0004581		g3654.t1
OG0004582		g3655.t1
OG0004583		g3663.t1
OG0004584		g3668.t1
OG0004585		g3669.t1
OG0004586		g3671.t1
OG0004587		g3672.t1
OG0004588		g3673.t1
OG0004589		g3674.t1
OG0004590		g3682.t1
OG0004591		g3683.t1
OG0004592		g3690.t1
OG0004593		g3693.t1
OG0004594		g3712.t1
OG0004595		g3722.t1
OG0004596		g3723.t1
OG0004597		g3725.t1
OG0004598		g3730.t1
OG0004599		g3731.t1
OG0004600		g3733.t1
OG0004601		g3739.t1
OG0004602		g3741.t1
OG0004603		g3742.t1
OG0004604		g3743.t1
OG0004605		g3744.t1
OG0004606		g3748.t1
OG0004607		g3749.t1
OG0004608		g3750.t1
OG0004609		g3753.t1
OG0004610		g3754.t1
OG0004611		g3757.t1
OG0004612		g3758.t1
OG0004613		g3759.t1
OG0004614		g3770.t1
OG0004615		g3773.t1
OG0004616		g3775.t1
OG0004617		g3776.t1
OG0004618		g3780.t1
OG0004619		g3787.t1
OG0004620		g3792.t1
OG0004621		g3794.t1
OG0004622		g3796.t1
OG0004623		g3798.t1
OG0004624		g3799.t1
OG0004625		g3800.t1
OG0004626		g3802.t1
OG0004627		g3806.t1
OG0004628		g3807.t1
OG0004629		g3809.t1
OG0004630		g3811.t1
OG0004631		g3812.t1
OG0004632		g3814.t1
OG0004633		g3817.t1
OG0004634		g3819.t1
OG0004635		g3822.t1
OG0004636		g3826.t1
OG0004637		g3828.t1
OG0004638		g3832.t1
OG0004639		g3836.t1
OG0004640		g3839.t1
OG0004641		g3856.t1
OG0004642		g3872.t1
OG0004643		g3875.t1
OG0004644		g3881.t1
OG0004645		g3882.t1
OG0004646		g3883.t1
OG0004647		g3884.t1
OG0004648		g3885.t1
OG0004649		g3891.t1
OG0004650		g3895.t1
OG0004651		g3899.t1
OG0004652		g3902.t1
OG0004653		g3904.t1
OG0004654		g3905.t1
OG0004655		g3909.t1
OG0004656		g3910.t1
OG0004657		g3913.t1
OG0004658		g3914.t1
OG0004659		g3918.t1
OG0004660		g3920.t1
OG0004661		g3921.t1
OG0004662		g3922.t1
OG0004663		g3923.t1
OG0004664		g3924.t1
OG0004665		g3925.t1
OG0004666		g3928.t1
OG0004667		g3929.t1
OG0004668		g3930.t1
OG0004669		g3931.t1
OG0004670		g3937.t1
OG0004671		g3938.t1
OG0004672		g3947.t1
OG0004673		g3949.t1
OG0004674		g3952.t1
OG0004675		g3954.t1
OG0004676		g3957.t1
OG0004677		g3958.t1
OG0004678		g3961.t1
OG0004679		g3962.t1
OG0004680		g3966.t1
OG0004681		g3970.t1
OG0004682		g3979.t1
OG0004683		g3980.t1
OG0004684		g3982.t1
OG0004685		g3995.t1
OG0004686		g4011.t1
OG0004687		g4014.t1
OG0004688		g4018.t1
OG0004689		g4019.t1
OG0004690		g4022.t1
OG0004691		g4030.t1
OG0004692		g4031.t1
OG0004693		g4033.t1
OG0004694		g4037.t1
OG0004695		g4038.t1
OG0004696		g4039.t1
OG0004697		g4043.t1
OG0004698		g4052.t1
OG0004699		g4059.t1
OG0004700		g4066.t1
OG0004701		g4067.t1
OG0004702		g4068.t1
OG0004703		g4073.t1
OG0004704		g4076.t1
OG0004705		g4087.t1
OG0004706		g4091.t1
OG0004707		g4093.t1
OG0004708		g4097.t1
OG0004709		g4098.t1
OG0004710		g4103.t1
OG0004711		g4105.t1
OG0004712		g4109.t1
OG0004713		g4115.t1
